date,discharge
10/1/1907,67
10/2/1907,67
10/3/1907,67
10/4/1907,67
10/5/1907,67
10/6/1907,67
10/7/1907,67
10/8/1907,67
10/9/1907,67
10/10/1907,67
10/11/1907,67
10/12/1907,67
10/13/1907,67
10/14/1907,67
10/15/1907,67
10/16/1907,67
10/17/1907,67
10/18/1907,67
10/19/1907,67
10/20/1907,67
10/21/1907,67
10/22/1907,67
10/23/1907,67
10/24/1907,67
10/25/1907,67
10/26/1907,67
10/27/1907,67
10/28/1907,67
10/29/1907,67
10/30/1907,67
10/31/1907,67
11/1/1907,80
11/2/1907,80
11/3/1907,80
11/4/1907,80
11/5/1907,80
11/6/1907,80
11/7/1907,80
11/8/1907,70
11/9/1907,80
11/10/1907,70
11/11/1907,61
11/12/1907,70
11/13/1907,70
11/14/1907,70
11/15/1907,70
11/16/1907,61
11/17/1907,61
11/18/1907,61
11/19/1907,61
11/20/1907,80
11/21/1907,80
11/22/1907,80
11/23/1907,185
11/24/1907,80
11/25/1907,80
11/26/1907,80
11/27/1907,70
11/28/1907,70
11/29/1907,70
11/30/1907,61
12/1/1907,70
12/2/1907,70
12/3/1907,70
12/4/1907,70
12/5/1907,61
12/6/1907,91
12/7/1907,205
12/8/1907,305
12/9/1907,205
12/10/1907,140
12/11/1907,452
12/12/1907,225
12/13/1907,185
12/14/1907,185
12/15/1907,153
12/16/1907,153
12/17/1907,153
12/18/1907,126
12/19/1907,102
12/20/1907,153
12/21/1907,153
12/22/1907,153
12/23/1907,153
12/24/1907,126
12/25/1907,114
12/26/1907,126
12/27/1907,452
12/28/1907,372
12/29/1907,305
12/30/1907,225
12/31/1907,700
1/1/1908,372
1/2/1908,250
1/3/1908,205
1/4/1908,372
1/5/1908,250
1/6/1908,185
1/7/1908,185
1/8/1908,153
1/9/1908,153
1/10/1908,153
1/11/1908,153
1/12/1908,153
1/13/1908,153
1/14/1908,590
1/15/1908,372
1/16/1908,250
1/17/1908,225
1/18/1908,225
1/19/1908,225
1/20/1908,410
1/21/1908,2020
1/22/1908,1080
1/23/1908,700
1/24/1908,1760
1/25/1908,820
1/26/1908,645
1/27/1908,495
1/28/1908,410
1/29/1908,335
1/30/1908,335
1/31/1908,275
2/1/1908,275
2/2/1908,335
2/3/1908,542
2/4/1908,410
2/5/1908,335
2/6/1908,335
2/7/1908,275
2/8/1908,275
2/9/1908,495
2/10/1908,410
2/11/1908,335
2/12/1908,335
2/13/1908,275
2/14/1908,275
2/15/1908,275
2/16/1908,275
2/17/1908,250
2/18/1908,250
2/19/1908,225
2/20/1908,225
2/21/1908,225
2/22/1908,185
2/23/1908,185
2/24/1908,185
2/25/1908,185
2/26/1908,185
2/27/1908,185
2/28/1908,225
2/29/1908,495
3/1/1908,542
3/2/1908,820
3/3/1908,820
3/4/1908,645
3/5/1908,495
3/6/1908,452
3/7/1908,410
3/8/1908,410
3/9/1908,335
3/10/1908,335
3/11/1908,372
3/12/1908,410
3/13/1908,410
3/14/1908,495
3/15/1908,542
3/16/1908,645
3/17/1908,700
3/18/1908,700
3/19/1908,645
3/20/1908,590
3/21/1908,590
3/22/1908,590
3/23/1908,542
3/24/1908,495
3/25/1908,542
3/26/1908,542
3/27/1908,452
3/28/1908,372
3/29/1908,305
3/30/1908,335
3/31/1908,335
4/1/1908,335
4/2/1908,335
4/3/1908,335
4/4/1908,335
4/5/1908,335
4/6/1908,335
4/7/1908,305
4/8/1908,335
4/9/1908,275
4/10/1908,275
4/11/1908,305
4/12/1908,335
4/13/1908,335
4/14/1908,372
4/15/1908,372
4/16/1908,335
4/17/1908,335
4/18/1908,335
4/19/1908,335
4/20/1908,335
4/21/1908,335
4/22/1908,335
4/23/1908,372
4/24/1908,335
4/25/1908,335
4/26/1908,305
4/27/1908,275
4/28/1908,275
4/29/1908,275
4/30/1908,275
5/1/1908,275
5/2/1908,305
5/3/1908,335
5/4/1908,275
5/5/1908,275
5/6/1908,275
5/7/1908,250
5/8/1908,275
5/9/1908,275
5/10/1908,275
5/11/1908,305
5/12/1908,335
5/13/1908,335
5/14/1908,335
5/15/1908,590
5/16/1908,452
5/17/1908,372
5/18/1908,372
5/19/1908,495
5/20/1908,452
5/21/1908,410
5/22/1908,410
5/23/1908,410
5/24/1908,335
5/25/1908,335
5/26/1908,335
5/27/1908,275
5/28/1908,275
5/29/1908,275
5/30/1908,250
5/31/1908,250
6/1/1908,225
6/2/1908,205
6/3/1908,205
6/4/1908,185
6/5/1908,185
6/6/1908,153
6/7/1908,153
6/8/1908,153
6/9/1908,153
6/10/1908,126
6/11/1908,126
6/12/1908,126
6/13/1908,126
6/14/1908,102
6/15/1908,102
6/16/1908,102
6/17/1908,80
6/18/1908,91
6/19/1908,80
6/20/1908,80
6/21/1908,80
6/22/1908,91
6/23/1908,80
6/24/1908,80
6/25/1908,61
6/26/1908,61
6/27/1908,61
6/28/1908,54
6/29/1908,46
6/30/1908,46
7/1/1908,46
7/2/1908,40
7/3/1908,33
7/4/1908,33
7/5/1908,33
7/6/1908,33
7/7/1908,33
7/8/1908,22
7/9/1908,22
7/10/1908,13
7/11/1908,13
7/12/1908,13
7/13/1908,13
7/14/1908,10
7/15/1908,6
7/16/1908,6
7/17/1908,4
7/18/1908,4
7/19/1908,4
7/20/1908,2
7/21/1908,2
7/22/1908,2
7/23/1908,2
7/24/1908,1
7/25/1908,0
7/26/1908,0
7/27/1908,0
7/28/1908,0
7/29/1908,0
7/30/1908,0
7/31/1908,0
8/1/1908,0
8/2/1908,0
8/3/1908,0
8/4/1908,0
8/5/1908,0
8/6/1908,0
8/7/1908,0
8/8/1908,0
8/9/1908,0
8/10/1908,0
8/11/1908,0
8/12/1908,0
8/13/1908,0
8/14/1908,0
8/15/1908,0
8/16/1908,0
8/17/1908,0
8/18/1908,0
8/19/1908,0
8/20/1908,0
8/21/1908,0
8/22/1908,0
8/23/1908,0
8/24/1908,0
8/25/1908,0
8/26/1908,0
8/27/1908,0
8/28/1908,0
8/29/1908,0
8/30/1908,0
8/31/1908,0
9/1/1908,0
9/2/1908,0
9/3/1908,0
9/4/1908,0
9/5/1908,0
9/6/1908,0
9/7/1908,0
9/8/1908,0
9/9/1908,0
9/10/1908,0
9/11/1908,0
9/12/1908,0
9/13/1908,0
9/14/1908,0
9/15/1908,0
9/16/1908,0
9/17/1908,1
9/18/1908,1
9/19/1908,1
9/20/1908,1
9/21/1908,2
9/22/1908,2
9/23/1908,2
9/24/1908,2
9/25/1908,2
9/26/1908,2
9/27/1908,2
9/28/1908,2
9/29/1908,1
9/30/1908,1
10/1/1908,1
10/2/1908,0
10/3/1908,0
10/4/1908,0
10/5/1908,0
10/6/1908,0
10/7/1908,0
10/8/1908,0
10/9/1908,0
10/10/1908,1
10/11/1908,1
10/12/1908,0
10/13/1908,0
10/14/1908,0
10/15/1908,2
10/16/1908,46
10/17/1908,70
10/18/1908,46
10/19/1908,33
10/20/1908,22
10/21/1908,18
10/22/1908,13
10/23/1908,13
10/24/1908,13
10/25/1908,13
10/26/1908,10
10/27/1908,10
10/28/1908,10
10/29/1908,10
10/30/1908,10
10/31/1908,10
11/1/1908,10
11/2/1908,10
11/3/1908,10
11/4/1908,10
11/5/1908,10
11/6/1908,10
11/7/1908,10
11/8/1908,10
11/9/1908,10
11/10/1908,10
11/11/1908,10
11/12/1908,10
11/13/1908,10
11/14/1908,10
11/15/1908,13
11/16/1908,13
11/17/1908,10
11/18/1908,13
11/19/1908,13
11/20/1908,13
11/21/1908,6
11/22/1908,13
11/23/1908,80
11/24/1908,114
11/25/1908,80
11/26/1908,61
11/27/1908,46
11/28/1908,33
11/29/1908,33
11/30/1908,33
12/1/1908,33
12/2/1908,33
12/3/1908,33
12/4/1908,40
12/5/1908,102
12/6/1908,153
12/7/1908,80
12/8/1908,80
12/9/1908,61
12/10/1908,54
12/11/1908,46
12/12/1908,46
12/13/1908,33
12/14/1908,46
12/15/1908,46
12/16/1908,54
12/17/1908,46
12/18/1908,46
12/19/1908,33
12/20/1908,33
12/21/1908,40
12/22/1908,46
12/23/1908,40
12/24/1908,46
12/25/1908,46
12/26/1908,40
12/27/1908,33
12/28/1908,33
12/29/1908,33
12/30/1908,33
12/31/1908,33
1/1/1909,54
1/2/1909,91
1/3/1909,153
1/4/1909,153
1/5/1909,153
1/6/1909,542
1/7/1909,542
1/8/1909,1680
1/9/1909,3340
1/10/1909,950
1/11/1909,452
1/12/1909,372
1/13/1909,6940
1/14/1909,20800
1/15/1909,9260
1/16/1909,6000
1/17/1909,4500
1/18/1909,3000
1/19/1909,2500
1/20/1909,3500
1/21/1909,15400
1/22/1909,8720
1/23/1909,5630
1/24/1909,3210
1/25/1909,2980
1/26/1909,2440
1/27/1909,2230
1/28/1909,1760
1/29/1909,1510
1/30/1909,1680
1/31/1909,1350
2/1/1909,1200
2/2/1909,858
2/3/1909,2230
2/4/1909,1850
2/5/1909,2040
2/6/1909,1680
2/7/1909,4350
2/8/1909,2330
2/9/1909,1680
2/10/1909,1350
2/11/1909,5180
2/12/1909,10600
2/13/1909,7200
2/14/1909,4350
2/15/1909,3210
2/16/1909,2760
2/17/1909,2870
2/18/1909,2980
2/19/1909,2650
2/20/1909,2760
2/21/1909,2440
2/22/1909,2040
2/23/1909,1680
2/24/1909,1680
2/25/1909,1510
2/26/1909,1350
2/27/1909,1200
2/28/1909,1060
3/1/1909,988
3/2/1909,988
3/3/1909,1350
3/4/1909,3100
3/5/1909,2440
3/6/1909,2870
3/7/1909,2440
3/8/1909,2130
3/9/1909,1850
3/10/1909,1510
3/11/1909,1430
3/12/1909,1350
3/13/1909,1200
3/14/1909,1200
3/15/1909,1060
3/16/1909,1060
3/17/1909,1130
3/18/1909,1130
3/19/1909,1060
3/20/1909,1130
3/21/1909,1200
3/22/1909,1060
3/23/1909,920
3/24/1909,920
3/25/1909,795
3/26/1909,920
3/27/1909,795
3/28/1909,738
3/29/1909,1350
3/30/1909,1200
3/31/1909,988
4/1/1909,920
4/2/1909,858
4/3/1909,988
4/4/1909,1060
4/5/1909,1130
4/6/1909,1060
4/7/1909,1060
4/8/1909,1060
4/9/1909,1060
4/10/1909,1200
4/11/1909,1200
4/12/1909,1200
4/13/1909,1200
4/14/1909,1350
4/15/1909,1510
4/16/1909,1590
4/17/1909,1760
4/18/1909,1760
4/19/1909,1760
4/20/1909,1680
4/21/1909,1510
4/22/1909,1280
4/23/1909,1130
4/24/1909,1130
4/25/1909,988
4/26/1909,1060
4/27/1909,1200
4/28/1909,1060
4/29/1909,1060
4/30/1909,988
5/1/1909,988
5/2/1909,988
5/3/1909,1060
5/4/1909,988
5/5/1909,1060
5/6/1909,1060
5/7/1909,920
5/8/1909,858
5/9/1909,920
5/10/1909,795
5/11/1909,738
5/12/1909,575
5/13/1909,528
5/14/1909,480
5/15/1909,480
5/16/1909,480
5/17/1909,400
5/18/1909,480
5/19/1909,400
5/20/1909,400
5/21/1909,480
5/22/1909,575
5/23/1909,480
5/24/1909,480
5/25/1909,480
5/26/1909,480
5/27/1909,480
5/28/1909,480
5/29/1909,480
5/30/1909,440
5/31/1909,440
6/1/1909,480
6/2/1909,528
6/3/1909,575
6/4/1909,528
6/5/1909,480
6/6/1909,480
6/7/1909,400
6/8/1909,400
6/9/1909,365
6/10/1909,330
6/11/1909,365
6/12/1909,330
6/13/1909,265
6/14/1909,265
6/15/1909,208
6/16/1909,208
6/17/1909,208
6/18/1909,265
6/19/1909,208
6/20/1909,187
6/21/1909,187
6/22/1909,166
6/23/1909,150
6/24/1909,133
6/25/1909,133
6/26/1909,133
6/27/1909,133
6/28/1909,107
6/29/1909,107
6/30/1909,96
7/1/1909,86
7/2/1909,86
7/3/1909,86
7/4/1909,69
7/5/1909,69
7/6/1909,69
7/7/1909,69
7/8/1909,69
7/9/1909,55
7/10/1909,55
7/11/1909,55
7/12/1909,50
7/13/1909,44
7/14/1909,44
7/15/1909,44
7/16/1909,34
7/17/1909,34
7/18/1909,34
7/19/1909,26
7/20/1909,26
7/21/1909,26
7/22/1909,26
7/23/1909,18
7/24/1909,18
7/25/1909,18
7/26/1909,18
7/27/1909,18
7/28/1909,18
7/29/1909,14
7/30/1909,14
7/31/1909,11
8/1/1909,11
8/2/1909,11
8/3/1909,11
8/4/1909,11
8/5/1909,11
8/6/1909,11
8/7/1909,11
8/8/1909,11
8/9/1909,11
8/10/1909,11
8/11/1909,11
8/12/1909,8
8/13/1909,6
8/14/1909,6
8/15/1909,6
8/16/1909,6
8/17/1909,6
8/18/1909,6
8/19/1909,6
8/20/1909,6
8/21/1909,6
8/22/1909,6
8/23/1909,6
8/24/1909,8
8/25/1909,8
8/26/1909,11
8/27/1909,11
8/28/1909,6
8/29/1909,6
8/30/1909,6
8/31/1909,6
9/1/1909,6
9/2/1909,6
9/3/1909,6
9/4/1909,6
9/5/1909,8
9/6/1909,11
9/7/1909,11
9/8/1909,11
9/9/1909,6
9/10/1909,11
9/11/1909,8
9/12/1909,6
9/13/1909,6
9/14/1909,6
9/15/1909,6
9/16/1909,6
9/17/1909,6
9/18/1909,6
9/19/1909,6
9/20/1909,6
9/21/1909,8
9/22/1909,8
9/23/1909,8
9/24/1909,11
9/25/1909,14
9/26/1909,18
9/27/1909,18
9/28/1909,11
9/29/1909,11
9/30/1909,11
10/1/1909,18
10/2/1909,18
10/3/1909,18
10/4/1909,34
10/5/1909,34
10/6/1909,34
10/7/1909,26
10/8/1909,26
10/9/1909,26
10/10/1909,18
10/11/1909,18
10/12/1909,18
10/13/1909,18
10/14/1909,14
10/15/1909,14
10/16/1909,26
10/17/1909,26
10/18/1909,18
10/19/1909,22
10/20/1909,18
10/21/1909,22
10/22/1909,44
10/23/1909,34
10/24/1909,26
10/25/1909,26
10/26/1909,26
10/27/1909,18
10/28/1909,26
10/29/1909,39
10/30/1909,69
10/31/1909,55
11/1/1909,50
11/2/1909,39
11/3/1909,34
11/4/1909,39
11/5/1909,34
11/6/1909,34
11/7/1909,34
11/8/1909,44
11/9/1909,69
11/10/1909,208
11/11/1909,208
11/12/1909,133
11/13/1909,96
11/14/1909,120
11/15/1909,120
11/16/1909,86
11/17/1909,69
11/18/1909,69
11/19/1909,86
11/20/1909,133
11/21/1909,2440
11/22/1909,680
11/23/1909,400
11/24/1909,265
11/25/1909,480
11/26/1909,480
11/27/1909,298
11/28/1909,208
11/29/1909,166
11/30/1909,166
12/1/1909,1760
12/2/1909,3100
12/3/1909,1350
12/4/1909,1130
12/5/1909,1060
12/6/1909,795
12/7/1909,1200
12/8/1909,795
12/9/1909,7010
12/10/1909,2760
12/11/1909,1590
12/12/1909,1130
12/13/1909,988
12/14/1909,738
12/15/1909,628
12/16/1909,575
12/17/1909,480
12/18/1909,400
12/19/1909,400
12/20/1909,400
12/21/1909,365
12/22/1909,330
12/23/1909,265
12/24/1909,265
12/25/1909,265
12/26/1909,265
12/27/1909,208
12/28/1909,208
12/29/1909,187
12/30/1909,166
12/31/1909,4050
1/1/1910,3950
1/2/1910,1860
1/3/1910,1320
1/4/1910,1060
1/5/1910,880
1/6/1910,880
1/7/1910,770
1/8/1910,676
1/9/1910,723
1/10/1910,676
1/11/1910,588
1/12/1910,588
1/13/1910,504
1/14/1910,1250
1/15/1910,2280
1/16/1910,2560
1/17/1910,1700
1/18/1910,1120
1/19/1910,938
1/20/1910,825
1/21/1910,770
1/22/1910,880
1/23/1910,995
1/24/1910,3700
1/25/1910,2100
1/26/1910,1620
1/27/1910,1320
1/28/1910,1180
1/29/1910,1120
1/30/1910,995
1/31/1910,938
2/1/1910,995
2/2/1910,995
2/3/1910,880
2/4/1910,880
2/5/1910,770
2/6/1910,676
2/7/1910,1120
2/8/1910,1060
2/9/1910,938
2/10/1910,880
2/11/1910,770
2/12/1910,770
2/13/1910,770
2/14/1910,825
2/15/1910,770
2/16/1910,770
2/17/1910,723
2/18/1910,676
2/19/1910,2370
2/20/1910,1400
2/21/1910,1120
2/22/1910,1180
2/23/1910,1250
2/24/1910,1120
2/25/1910,1780
2/26/1910,1400
2/27/1910,1250
2/28/1910,1250
3/1/1910,1250
3/2/1910,1250
3/3/1910,1400
3/4/1910,1400
3/5/1910,1550
3/6/1910,1480
3/7/1910,1400
3/8/1910,1400
3/9/1910,1400
3/10/1910,1400
3/11/1910,1400
3/12/1910,1400
3/13/1910,1400
3/14/1910,1400
3/15/1910,1250
3/16/1910,1250
3/17/1910,1120
3/18/1910,1250
3/19/1910,1860
3/20/1910,6230
3/21/1910,7200
3/22/1910,5470
3/23/1910,6390
3/24/1910,3580
3/25/1910,2980
3/26/1910,2370
3/27/1910,1940
3/28/1910,1780
3/29/1910,1620
3/30/1910,1400
3/31/1910,1400
4/1/1910,1400
4/2/1910,1400
4/3/1910,1400
4/4/1910,1320
4/5/1910,1250
4/6/1910,1250
4/7/1910,1250
4/8/1910,1250
4/9/1910,1250
4/10/1910,1250
4/11/1910,1550
4/12/1910,1320
4/13/1910,1250
4/14/1910,1180
4/15/1910,1120
4/16/1910,1120
4/17/1910,1120
4/18/1910,1180
4/19/1910,1180
4/20/1910,1180
4/21/1910,1060
4/22/1910,995
4/23/1910,995
4/24/1910,880
4/25/1910,880
4/26/1910,880
4/27/1910,880
4/28/1910,880
4/29/1910,938
4/30/1910,770
5/1/1910,770
5/2/1910,676
5/3/1910,676
5/4/1910,676
5/5/1910,588
5/6/1910,588
5/7/1910,504
5/8/1910,504
5/9/1910,546
5/10/1910,546
5/11/1910,504
5/12/1910,504
5/13/1910,504
5/14/1910,504
5/15/1910,428
5/16/1910,393
5/17/1910,358
5/18/1910,358
5/19/1910,293
5/20/1910,293
5/21/1910,293
5/22/1910,293
5/23/1910,293
5/24/1910,266
5/25/1910,240
5/26/1910,240
5/27/1910,218
5/28/1910,196
5/29/1910,196
5/30/1910,196
5/31/1910,196
6/1/1910,160
6/2/1910,160
6/3/1910,160
6/4/1910,145
6/5/1910,130
6/6/1910,130
6/7/1910,130
6/8/1910,130
6/9/1910,117
6/10/1910,104
6/11/1910,104
6/12/1910,104
6/13/1910,104
6/14/1910,93
6/15/1910,93
6/16/1910,104
6/17/1910,82
6/18/1910,82
6/19/1910,82
6/20/1910,82
6/21/1910,72
6/22/1910,63
6/23/1910,63
6/24/1910,63
6/25/1910,63
6/26/1910,63
6/27/1910,63
6/28/1910,46
6/29/1910,46
6/30/1910,46
7/1/1910,46
7/2/1910,46
7/3/1910,32
7/4/1910,39
7/5/1910,39
7/6/1910,39
7/7/1910,32
7/8/1910,32
7/9/1910,32
7/10/1910,27
7/11/1910,22
7/12/1910,22
7/13/1910,22
7/14/1910,22
7/15/1910,22
7/16/1910,22
7/17/1910,22
7/18/1910,14
7/19/1910,14
7/20/1910,14
7/21/1910,8
7/22/1910,8
7/23/1910,8
7/24/1910,8
7/25/1910,8
7/26/1910,8
7/27/1910,8
7/28/1910,8
7/29/1910,8
7/30/1910,8
7/31/1910,8
8/1/1910,8
8/2/1910,8
8/3/1910,8
8/4/1910,8
8/5/1910,8
8/6/1910,8
8/7/1910,8
8/8/1910,8
8/9/1910,4
8/10/1910,4
8/11/1910,4
8/12/1910,4
8/13/1910,4
8/14/1910,4
8/15/1910,4
8/16/1910,4
8/17/1910,4
8/18/1910,4
8/19/1910,4
8/20/1910,4
8/21/1910,4
8/22/1910,4
8/23/1910,4
8/24/1910,4
8/25/1910,4
8/26/1910,4
8/27/1910,4
8/28/1910,4
8/29/1910,4
8/30/1910,3
8/31/1910,3
9/1/1910,2
9/2/1910,2
9/3/1910,2
9/4/1910,2
9/5/1910,2
9/6/1910,3
9/7/1910,2
9/8/1910,2
9/9/1910,2
9/10/1910,2
9/11/1910,2
9/12/1910,4
9/13/1910,4
9/14/1910,4
9/15/1910,4
9/16/1910,8
9/17/1910,32
9/18/1910,46
9/19/1910,32
9/20/1910,22
9/21/1910,18
9/22/1910,14
9/23/1910,14
9/24/1910,18
9/25/1910,14
9/26/1910,11
9/27/1910,11
9/28/1910,8
9/29/1910,8
9/30/1910,8
10/1/1910,8
10/2/1910,8
10/3/1910,8
10/4/1910,8
10/5/1910,8
10/6/1910,8
10/7/1910,8
10/8/1910,8
10/9/1910,8
10/10/1910,11
10/11/1910,14
10/12/1910,27
10/13/1910,63
10/14/1910,46
10/15/1910,32
10/16/1910,22
10/17/1910,22
10/18/1910,22
10/19/1910,22
10/20/1910,22
10/21/1910,22
10/22/1910,22
10/23/1910,22
10/24/1910,22
10/25/1910,22
10/26/1910,22
10/27/1910,22
10/28/1910,18
10/29/1910,18
10/30/1910,22
10/31/1910,22
11/1/1910,22
11/2/1910,22
11/3/1910,22
11/4/1910,22
11/5/1910,22
11/6/1910,22
11/7/1910,22
11/8/1910,22
11/9/1910,22
11/10/1910,32
11/11/1910,32
11/12/1910,32
11/13/1910,93
11/14/1910,72
11/15/1910,46
11/16/1910,46
11/17/1910,46
11/18/1910,46
11/19/1910,46
11/20/1910,63
11/21/1910,46
11/22/1910,46
11/23/1910,46
11/24/1910,46
11/25/1910,63
11/26/1910,145
11/27/1910,104
11/28/1910,63
11/29/1910,63
11/30/1910,63
12/1/1910,54
12/2/1910,46
12/3/1910,63
12/4/1910,326
12/5/1910,196
12/6/1910,130
12/7/1910,104
12/8/1910,104
12/9/1910,104
12/10/1910,104
12/11/1910,266
12/12/1910,358
12/13/1910,196
12/14/1910,160
12/15/1910,130
12/16/1910,104
12/17/1910,104
12/18/1910,82
12/19/1910,82
12/20/1910,72
12/21/1910,63
12/22/1910,63
12/23/1910,63
12/24/1910,63
12/25/1910,63
12/26/1910,63
12/27/1910,63
12/28/1910,63
12/29/1910,54
12/30/1910,54
12/31/1910,63
1/1/1911,63
1/2/1911,54
1/3/1911,58
1/4/1911,63
1/5/1911,63
1/6/1911,63
1/7/1911,63
1/8/1911,63
1/9/1911,136
1/10/1911,770
1/11/1911,466
1/12/1911,8560
1/13/1911,8920
1/14/1911,9100
1/15/1911,3820
1/16/1911,1250
1/17/1911,770
1/18/1911,588
1/19/1911,820
1/20/1911,5620
1/21/1911,4210
1/22/1911,1780
1/23/1911,1250
1/24/1911,8380
1/25/1911,8380
1/26/1911,5620
1/27/1911,2870
1/28/1911,2980
1/29/1911,9820
1/30/1911,20600
1/31/1911,22400
2/1/1911,9280
2/2/1911,5320
2/3/1911,3820
2/4/1911,3700
2/5/1911,2980
2/6/1911,2870
2/7/1911,2190
2/8/1911,1780
2/9/1911,1620
2/10/1911,1440
2/11/1911,3100
2/12/1911,1780
2/13/1911,3100
2/14/1911,2280
2/15/1911,1780
2/16/1911,1480
2/17/1911,1340
2/18/1911,1220
2/19/1911,1160
2/20/1911,1100
2/21/1911,1000
2/22/1911,950
2/23/1911,950
2/24/1911,900
2/25/1911,850
2/26/1911,832
2/27/1911,850
2/28/1911,850
3/1/1911,1050
3/2/1911,1120
3/3/1911,1940
3/4/1911,4610
3/5/1911,4470
3/6/1911,4210
3/7/1911,14100
3/8/1911,9280
3/9/1911,6390
3/10/1911,5470
3/11/1911,3950
3/12/1911,3210
3/13/1911,2560
3/14/1911,2460
3/15/1911,2100
3/16/1911,2020
3/17/1911,1860
3/18/1911,1860
3/19/1911,1860
3/20/1911,1940
3/21/1911,2020
3/22/1911,2020
3/23/1911,2100
3/24/1911,2100
3/25/1911,2100
3/26/1911,2100
3/27/1911,2100
3/28/1911,2160
3/29/1911,2160
3/30/1911,2410
3/31/1911,2600
4/1/1911,2760
4/2/1911,3100
4/3/1911,3160
4/4/1911,2980
4/5/1911,3950
4/6/1911,5320
4/7/1911,3950
4/8/1911,3330
4/9/1911,3400
4/10/1911,3700
4/11/1911,2660
4/12/1911,2410
4/13/1911,2020
4/14/1911,1780
4/15/1911,1700
4/16/1911,1700
4/17/1911,1700
4/18/1911,1700
4/19/1911,1830
4/20/1911,1830
4/21/1911,1830
4/22/1911,1890
4/23/1911,2020
4/24/1911,2020
4/25/1911,2280
4/26/1911,2330
4/27/1911,2160
4/28/1911,1860
4/29/1911,1620
4/30/1911,1410
5/1/1911,1410
5/2/1911,1410
5/3/1911,1410
5/4/1911,1480
5/5/1911,1830
5/6/1911,1620
5/7/1911,1550
5/8/1911,1410
5/9/1911,1340
5/10/1911,1310
5/11/1911,1280
5/12/1911,1340
5/13/1911,1310
5/14/1911,1280
5/15/1911,1260
5/16/1911,1160
5/17/1911,1160
5/18/1911,1070
5/19/1911,1050
5/20/1911,1050
5/21/1911,1050
5/22/1911,1160
5/23/1911,1310
5/24/1911,1410
5/25/1911,1220
5/26/1911,1160
5/27/1911,1050
5/28/1911,1050
5/29/1911,1050
5/30/1911,1050
5/31/1911,1070
6/1/1911,1050
6/2/1911,1000
6/3/1911,1050
6/4/1911,1100
6/5/1911,1050
6/6/1911,1050
6/7/1911,1140
6/8/1911,1140
6/9/1911,1050
6/10/1911,970
6/11/1911,1050
6/12/1911,1050
6/13/1911,970
6/14/1911,930
6/15/1911,850
6/16/1911,850
6/17/1911,850
6/18/1911,832
6/19/1911,805
6/20/1911,778
6/21/1911,675
6/22/1911,611
6/23/1911,560
6/24/1911,512
6/25/1911,473
6/26/1911,460
6/27/1911,460
6/28/1911,460
6/29/1911,412
6/30/1911,389
7/1/1911,356
7/2/1911,345
7/3/1911,345
7/4/1911,345
7/5/1911,295
7/6/1911,295
7/7/1911,295
7/8/1911,250
7/9/1911,250
7/10/1911,210
7/11/1911,203
7/12/1911,210
7/13/1911,193
7/14/1911,176
7/15/1911,161
7/16/1911,146
7/17/1911,146
7/18/1911,133
7/19/1911,120
7/20/1911,120
7/21/1911,102
7/22/1911,97
7/23/1911,97
7/24/1911,97
7/25/1911,93
7/26/1911,77
7/27/1911,77
7/28/1911,68
7/29/1911,63
7/30/1911,60
7/31/1911,60
8/1/1911,60
8/2/1911,49
8/3/1911,46
8/4/1911,46
8/5/1911,46
8/6/1911,46
8/7/1911,46
8/8/1911,46
8/9/1911,46
8/10/1911,40
8/11/1911,39
8/12/1911,35
8/13/1911,35
8/14/1911,35
8/15/1911,35
8/16/1911,35
8/17/1911,35
8/18/1911,35
8/19/1911,32
8/20/1911,29
8/21/1911,28
8/22/1911,28
8/23/1911,28
8/24/1911,26
8/25/1911,25
8/26/1911,25
8/27/1911,25
8/28/1911,25
8/29/1911,25
8/30/1911,25
8/31/1911,23
9/1/1911,22
9/2/1911,22
9/3/1911,22
9/4/1911,22
9/5/1911,23
9/6/1911,25
9/7/1911,25
9/8/1911,27
9/9/1911,25
9/10/1911,25
9/11/1911,25
9/12/1911,25
9/13/1911,28
9/14/1911,28
9/15/1911,32
9/16/1911,28
9/17/1911,25
9/18/1911,25
9/19/1911,25
9/20/1911,25
9/21/1911,25
9/22/1911,25
9/23/1911,25
9/24/1911,25
9/25/1911,28
9/26/1911,35
9/27/1911,35
9/28/1911,35
9/29/1911,35
9/30/1911,35
10/1/1911,35
10/2/1911,44
10/3/1911,60
10/4/1911,60
10/5/1911,60
10/6/1911,68
10/7/1911,60
10/8/1911,57
10/9/1911,49
10/10/1911,60
10/11/1911,60
10/12/1911,49
10/13/1911,46
10/14/1911,46
10/15/1911,46
10/16/1911,46
10/17/1911,44
10/18/1911,35
10/19/1911,35
10/20/1911,35
10/21/1911,35
10/22/1911,35
10/23/1911,35
10/24/1911,35
10/25/1911,35
10/26/1911,35
10/27/1911,35
10/28/1911,40
10/29/1911,53
10/30/1911,46
10/31/1911,46
11/1/1911,46
11/2/1911,46
11/3/1911,46
11/4/1911,46
11/5/1911,46
11/6/1911,46
11/7/1911,46
11/8/1911,46
11/9/1911,46
11/10/1911,60
11/11/1911,218
11/12/1911,120
11/13/1911,87
11/14/1911,77
11/15/1911,77
11/16/1911,77
11/17/1911,108
11/18/1911,95
11/19/1911,77
11/20/1911,77
11/21/1911,77
11/22/1911,77
11/23/1911,75
11/24/1911,68
11/25/1911,60
11/26/1911,67
11/27/1911,77
11/28/1911,60
11/29/1911,60
11/30/1911,60
12/1/1911,60
12/2/1911,60
12/3/1911,60
12/4/1911,60
12/5/1911,63
12/6/1911,77
12/7/1911,77
12/8/1911,87
12/9/1911,77
12/10/1911,77
12/11/1911,77
12/12/1911,68
12/13/1911,68
12/14/1911,68
12/15/1911,74
12/16/1911,77
12/17/1911,77
12/18/1911,97
12/19/1911,77
12/20/1911,77
12/21/1911,77
12/22/1911,63
12/23/1911,77
12/24/1911,87
12/25/1911,77
12/26/1911,60
12/27/1911,60
12/28/1911,120
12/29/1911,120
12/30/1911,97
12/31/1911,118
1/1/1912,141
1/2/1912,146
1/3/1912,93
1/4/1912,77
1/5/1912,97
1/6/1912,102
1/7/1912,108
1/8/1912,161
1/9/1912,146
1/10/1912,286
1/11/1912,460
1/12/1912,272
1/13/1912,203
1/14/1912,170
1/15/1912,146
1/16/1912,176
1/17/1912,367
1/18/1912,230
1/19/1912,203
1/20/1912,190
1/21/1912,161
1/22/1912,146
1/23/1912,146
1/24/1912,146
1/25/1912,146
1/26/1912,272
1/27/1912,675
1/28/1912,389
1/29/1912,295
1/30/1912,250
1/31/1912,210
2/1/1912,183
2/2/1912,176
2/3/1912,170
2/4/1912,161
2/5/1912,146
2/6/1912,146
2/7/1912,146
2/8/1912,141
2/9/1912,133
2/10/1912,133
2/11/1912,141
2/12/1912,133
2/13/1912,120
2/14/1912,120
2/15/1912,120
2/16/1912,120
2/17/1912,120
2/18/1912,120
2/19/1912,125
2/20/1912,133
2/21/1912,120
2/22/1912,120
2/23/1912,113
2/24/1912,108
2/25/1912,97
2/26/1912,97
2/27/1912,97
2/28/1912,97
2/29/1912,97
3/1/1912,97
3/2/1912,97
3/3/1912,97
3/4/1912,120
3/5/1912,152
3/6/1912,718
3/7/1912,1100
3/8/1912,560
3/9/1912,448
3/10/1912,356
3/11/1912,345
3/12/1912,320
3/13/1912,460
3/14/1912,430
3/15/1912,372
3/16/1912,675
3/17/1912,430
3/18/1912,345
3/19/1912,315
3/20/1912,295
3/21/1912,295
3/22/1912,268
3/23/1912,250
3/24/1912,250
3/25/1912,259
3/26/1912,286
3/27/1912,295
3/28/1912,295
3/29/1912,286
3/30/1912,272
3/31/1912,259
4/1/1912,250
4/2/1912,259
4/3/1912,295
4/4/1912,286
4/5/1912,295
4/6/1912,259
4/7/1912,250
4/8/1912,295
4/9/1912,295
4/10/1912,372
4/11/1912,492
4/12/1912,460
4/13/1912,345
4/14/1912,335
4/15/1912,295
4/16/1912,295
4/17/1912,295
4/18/1912,295
4/19/1912,295
4/20/1912,295
4/21/1912,295
4/22/1912,290
4/23/1912,259
4/24/1912,259
4/25/1912,356
4/26/1912,372
4/27/1912,394
4/28/1912,400
4/29/1912,581
4/30/1912,950
5/1/1912,850
5/2/1912,1100
5/3/1912,850
5/4/1912,760
5/5/1912,760
5/6/1912,675
5/7/1912,675
5/8/1912,675
5/9/1912,675
5/10/1912,675
5/11/1912,675
5/12/1912,760
5/13/1912,595
5/14/1912,595
5/15/1912,675
5/16/1912,635
5/17/1912,539
5/18/1912,595
5/19/1912,635
5/20/1912,581
5/21/1912,675
5/22/1912,560
5/23/1912,525
5/24/1912,492
5/25/1912,518
5/26/1912,900
5/27/1912,1000
5/28/1912,850
5/29/1912,760
5/30/1912,760
5/31/1912,718
6/1/1912,635
6/2/1912,595
6/3/1912,560
6/4/1912,492
6/5/1912,473
6/6/1912,460
6/7/1912,430
6/8/1912,400
6/9/1912,345
6/10/1912,295
6/11/1912,295
6/12/1912,272
6/13/1912,389
6/14/1912,320
6/15/1912,272
6/16/1912,242
6/17/1912,210
6/18/1912,183
6/19/1912,170
6/20/1912,141
6/21/1912,133
6/22/1912,133
6/23/1912,146
6/24/1912,141
6/25/1912,120
6/26/1912,120
6/27/1912,97
6/28/1912,97
6/29/1912,93
6/30/1912,77
7/1/1912,63
7/2/1912,60
7/3/1912,60
7/4/1912,60
7/5/1912,60
7/6/1912,52
7/7/1912,46
7/8/1912,40
7/9/1912,35
7/10/1912,35
7/11/1912,35
7/12/1912,34
7/13/1912,32
7/14/1912,29
7/15/1912,28
7/16/1912,26
7/17/1912,22
7/18/1912,22
7/19/1912,22
7/20/1912,22
7/21/1912,22
7/22/1912,22
7/23/1912,21
7/24/1912,20
7/25/1912,20
7/26/1912,20
7/27/1912,19
7/28/1912,18
7/29/1912,15
7/30/1912,14
7/31/1912,14
8/1/1912,14
8/2/1912,14
8/3/1912,14
8/4/1912,14
8/5/1912,14
8/6/1912,14
8/7/1912,14
8/8/1912,13
8/9/1912,13
8/10/1912,12
8/11/1912,12
8/12/1912,12
8/13/1912,12
8/14/1912,12
8/15/1912,12
8/16/1912,12
8/17/1912,12
8/18/1912,11
8/19/1912,11
8/20/1912,11
8/21/1912,11
8/22/1912,11
8/23/1912,11
8/24/1912,11
8/25/1912,11
8/26/1912,10
8/27/1912,10
8/28/1912,10
8/29/1912,10
8/30/1912,10
8/31/1912,10
9/1/1912,10
9/2/1912,10
9/3/1912,10
9/4/1912,12
9/5/1912,14
9/6/1912,16
9/7/1912,141
9/8/1912,190
9/9/1912,102
9/10/1912,68
9/11/1912,46
9/12/1912,34
9/13/1912,28
9/14/1912,26
9/15/1912,22
9/16/1912,22
9/17/1912,22
9/18/1912,22
9/19/1912,19
9/20/1912,18
9/21/1912,18
9/22/1912,18
9/23/1912,18
9/24/1912,18
9/25/1912,18
9/26/1912,18
9/27/1912,17
9/28/1912,17
9/29/1912,17
9/30/1912,17
10/1/1912,11
10/2/1912,11
10/3/1912,11
10/4/1912,11
10/5/1912,11
10/6/1912,11
10/7/1912,11
10/8/1912,12
10/9/1912,12
10/10/1912,12
10/11/1912,12
10/12/1912,15
10/13/1912,15
10/14/1912,15
10/15/1912,13
10/16/1912,12
10/17/1912,12
10/18/1912,12
10/19/1912,12
10/20/1912,12
10/21/1912,12
10/22/1912,12
10/23/1912,24
10/24/1912,26
10/25/1912,35
10/26/1912,35
10/27/1912,30
10/28/1912,26
10/29/1912,30
10/30/1912,33
10/31/1912,39
11/1/1912,35
11/2/1912,33
11/3/1912,30
11/4/1912,35
11/5/1912,35
11/6/1912,40
11/7/1912,192
11/8/1912,175
11/9/1912,105
11/10/1912,175
11/11/1912,218
11/12/1912,132
11/13/1912,95
11/14/1912,79
11/15/1912,75
11/16/1912,66
11/17/1912,60
11/18/1912,60
11/19/1912,60
11/20/1912,72
11/21/1912,125
11/22/1912,95
11/23/1912,72
11/24/1912,68
11/25/1912,60
11/26/1912,60
11/27/1912,60
11/28/1912,60
11/29/1912,53
11/30/1912,53
12/1/1912,53
12/2/1912,53
12/3/1912,53
12/4/1912,53
12/5/1912,53
12/6/1912,54
12/7/1912,46
12/8/1912,46
12/9/1912,46
12/10/1912,46
12/11/1912,46
12/12/1912,46
12/13/1912,46
12/14/1912,46
12/15/1912,63
12/16/1912,157
12/17/1912,169
12/18/1912,140
12/19/1912,95
12/20/1912,95
12/21/1912,83
12/22/1912,74
12/23/1912,60
12/24/1912,72
12/25/1912,68
12/26/1912,60
12/27/1912,46
12/28/1912,46
12/29/1912,60
12/30/1912,60
12/31/1912,72
1/1/1913,79
1/2/1913,95
1/3/1913,83
1/4/1913,75
1/5/1913,60
1/6/1913,37
1/7/1913,31
1/8/1913,37
1/9/1913,95
1/10/1913,77
1/11/1913,68
1/12/1913,68
1/13/1913,75
1/14/1913,108
1/15/1913,1000
1/16/1913,1100
1/17/1913,635
1/18/1913,1000
1/19/1913,1220
1/20/1913,560
1/21/1913,372
1/22/1913,295
1/23/1913,295
1/24/1913,250
1/25/1913,210
1/26/1913,210
1/27/1913,210
1/28/1913,210
1/29/1913,210
1/30/1913,192
1/31/1913,178
2/1/1913,175
2/2/1913,175
2/3/1913,175
2/4/1913,169
2/5/1913,163
2/6/1913,160
2/7/1913,160
2/8/1913,160
2/9/1913,160
2/10/1913,175
2/11/1913,175
2/12/1913,175
2/13/1913,175
2/14/1913,175
2/15/1913,175
2/16/1913,175
2/17/1913,203
2/18/1913,210
2/19/1913,210
2/20/1913,192
2/21/1913,192
2/22/1913,169
2/23/1913,145
2/24/1913,140
2/25/1913,151
2/26/1913,145
2/27/1913,145
2/28/1913,140
3/1/1913,120
3/2/1913,120
3/3/1913,120
3/4/1913,120
3/5/1913,120
3/6/1913,132
3/7/1913,151
3/8/1913,182
3/9/1913,210
3/10/1913,226
3/11/1913,250
3/12/1913,250
3/13/1913,242
3/14/1913,210
3/15/1913,182
3/16/1913,175
3/17/1913,203
3/18/1913,226
3/19/1913,250
3/20/1913,272
3/21/1913,250
3/22/1913,400
3/23/1913,430
3/24/1913,350
3/25/1913,345
3/26/1913,295
3/27/1913,250
3/28/1913,268
3/29/1913,272
3/30/1913,277
3/31/1913,372
4/1/1913,492
4/2/1913,581
4/3/1913,525
4/4/1913,560
4/5/1913,675
4/6/1913,760
4/7/1913,635
4/8/1913,595
4/9/1913,581
4/10/1913,560
4/11/1913,635
4/12/1913,595
4/13/1913,718
4/14/1913,760
4/15/1913,805
4/16/1913,675
4/17/1913,595
4/18/1913,595
4/19/1913,581
4/20/1913,539
4/21/1913,595
4/22/1913,635
4/23/1913,675
4/24/1913,675
4/25/1913,718
4/26/1913,760
4/27/1913,805
4/28/1913,760
4/29/1913,718
4/30/1913,581
5/1/1913,492
5/2/1913,460
5/3/1913,460
5/4/1913,473
5/5/1913,460
5/6/1913,473
5/7/1913,581
5/8/1913,560
5/9/1913,635
5/10/1913,718
5/11/1913,595
5/12/1913,525
5/13/1913,460
5/14/1913,460
5/15/1913,430
5/16/1913,400
5/17/1913,400
5/18/1913,518
5/19/1913,595
5/20/1913,486
5/21/1913,460
5/22/1913,406
5/23/1913,400
5/24/1913,400
5/25/1913,389
5/26/1913,356
5/27/1913,325
5/28/1913,412
5/29/1913,394
5/30/1913,315
5/31/1913,277
6/1/1913,250
6/2/1913,272
6/3/1913,250
6/4/1913,250
6/5/1913,218
6/6/1913,210
6/7/1913,182
6/8/1913,175
6/9/1913,151
6/10/1913,157
6/11/1913,151
6/12/1913,140
6/13/1913,120
6/14/1913,115
6/15/1913,115
6/16/1913,93
6/17/1913,75
6/18/1913,75
6/19/1913,63
6/20/1913,60
6/21/1913,63
6/22/1913,59
6/23/1913,46
6/24/1913,46
6/25/1913,46
6/26/1913,46
6/27/1913,46
6/28/1913,46
6/29/1913,46
6/30/1913,46
7/1/1913,39
7/2/1913,35
7/3/1913,31
7/4/1913,26
7/5/1913,26
7/6/1913,24
7/7/1913,18
7/8/1913,18
7/9/1913,18
7/10/1913,16
7/11/1913,13
7/12/1913,9
7/13/1913,8
7/14/1913,8
7/15/1913,8
7/16/1913,7
7/17/1913,6
7/18/1913,6
7/19/1913,5
7/20/1913,5
7/21/1913,5
7/22/1913,6
7/23/1913,7
7/24/1913,8
7/25/1913,8
7/26/1913,8
7/27/1913,8
7/28/1913,16
7/29/1913,13
7/30/1913,12
7/31/1913,11
8/1/1913,8
8/2/1913,8
8/3/1913,8
8/4/1913,8
8/5/1913,7
8/6/1913,5
8/7/1913,5
8/8/1913,5
8/9/1913,4
8/10/1913,4
8/11/1913,4
8/12/1913,4
8/13/1913,4
8/14/1913,4
8/15/1913,4
8/16/1913,4
8/17/1913,5
8/18/1913,5
8/19/1913,5
8/20/1913,4
8/21/1913,4
8/22/1913,4
8/23/1913,4
8/24/1913,4
8/25/1913,4
8/26/1913,3
8/27/1913,3
8/28/1913,3
8/29/1913,3
8/30/1913,3
8/31/1913,3
9/1/1913,3
9/2/1913,3
9/3/1913,3
9/4/1913,3
9/5/1913,3
9/6/1913,3
9/7/1913,3
9/8/1913,2
9/9/1913,2
9/10/1913,2
9/11/1913,2
9/12/1913,2
9/13/1913,2
9/14/1913,2
9/15/1913,2
9/16/1913,2
9/17/1913,2
9/18/1913,2
9/19/1913,2
9/20/1913,2
9/21/1913,2
9/22/1913,2
9/23/1913,2
9/24/1913,1
9/25/1913,2
9/26/1913,2
9/27/1913,2
9/28/1913,2
9/29/1913,2
9/30/1913,2
10/1/1913,2
10/2/1913,2
10/3/1913,2
10/4/1913,2
10/5/1913,2
10/6/1913,2
10/7/1913,2
10/8/1913,3
10/9/1913,3
10/10/1913,3
10/11/1913,3
10/12/1913,4
10/13/1913,4
10/14/1913,5
10/15/1913,5
10/16/1913,5
10/17/1913,5
10/18/1913,5
10/19/1913,5
10/20/1913,5
10/21/1913,5
10/22/1913,5
10/23/1913,5
10/24/1913,5
10/25/1913,5
10/26/1913,5
10/27/1913,5
10/28/1913,5
10/29/1913,5
10/30/1913,5
10/31/1913,5
11/1/1913,6
11/2/1913,9
11/3/1913,12
11/4/1913,12
11/5/1913,12
11/6/1913,12
11/7/1913,12
11/8/1913,15
11/9/1913,12
11/10/1913,12
11/11/1913,12
11/12/1913,14
11/13/1913,39
11/14/1913,46
11/15/1913,35
11/16/1913,30
11/17/1913,24
11/18/1913,18
11/19/1913,24
11/20/1913,63
11/21/1913,53
11/22/1913,60
11/23/1913,46
11/24/1913,35
11/25/1913,26
11/26/1913,32
11/27/1913,53
11/28/1913,83
11/29/1913,95
11/30/1913,75
12/1/1913,72
12/2/1913,52
12/3/1913,46
12/4/1913,40
12/5/1913,35
12/6/1913,30
12/7/1913,30
12/8/1913,28
12/9/1913,26
12/10/1913,26
12/11/1913,26
12/12/1913,26
12/13/1913,46
12/14/1913,130
12/15/1913,108
12/16/1913,72
12/17/1913,59
12/18/1913,46
12/19/1913,49
12/20/1913,46
12/21/1913,46
12/22/1913,169
12/23/1913,345
12/24/1913,192
12/25/1913,460
12/26/1913,492
12/27/1913,272
12/28/1913,192
12/29/1913,175
12/30/1913,272
12/31/1913,5920
1/1/1914,8200
1/2/1914,4210
1/3/1914,2370
1/4/1914,1340
1/5/1914,1000
1/6/1914,805
1/7/1914,718
1/8/1914,1050
1/9/1914,805
1/10/1914,675
1/11/1914,595
1/12/1914,525
1/13/1914,1340
1/14/1914,5920
1/15/1914,3210
1/16/1914,1860
1/17/1914,2560
1/18/1914,6550
1/19/1914,2760
1/20/1914,1620
1/21/1914,1280
1/22/1914,13900
1/23/1914,5920
1/24/1914,6870
1/25/1914,11500
1/26/1914,10800
1/27/1914,5920
1/28/1914,3700
1/29/1914,2760
1/30/1914,2100
1/31/1914,1780
2/1/1914,1620
2/2/1914,1340
2/3/1914,1280
2/4/1914,1160
2/5/1914,1100
2/6/1914,1050
2/7/1914,1000
2/8/1914,850
2/9/1914,850
2/10/1914,760
2/11/1914,675
2/12/1914,675
2/13/1914,595
2/14/1914,595
2/15/1914,595
2/16/1914,595
2/17/1914,595
2/18/1914,800
2/19/1914,3210
2/20/1914,3700
2/21/1914,10400
2/22/1914,5920
2/23/1914,4210
2/24/1914,2980
2/25/1914,2460
2/26/1914,2100
2/27/1914,1940
2/28/1914,1700
3/1/1914,1550
3/2/1914,1410
3/3/1914,1280
3/4/1914,1280
3/5/1914,1160
3/6/1914,1160
3/7/1914,1160
3/8/1914,1160
3/9/1914,1160
3/10/1914,1160
3/11/1914,1160
3/12/1914,1160
3/13/1914,1160
3/14/1914,1050
3/15/1914,1050
3/16/1914,1160
3/17/1914,1160
3/18/1914,1160
3/19/1914,1160
3/20/1914,1160
3/21/1914,1160
3/22/1914,1160
3/23/1914,1160
3/24/1914,1050
3/25/1914,1050
3/26/1914,950
3/27/1914,900
3/28/1914,850
3/29/1914,950
3/30/1914,1000
3/31/1914,805
4/1/1914,675
4/2/1914,675
4/3/1914,595
4/4/1914,635
4/5/1914,1410
4/6/1914,1280
4/7/1914,1160
4/8/1914,1050
4/9/1914,1050
4/10/1914,1940
4/11/1914,1700
4/12/1914,1480
4/13/1914,1280
4/14/1914,1280
4/15/1914,1280
4/16/1914,1280
4/17/1914,1220
4/18/1914,1050
4/19/1914,1050
4/20/1914,1160
4/21/1914,1050
4/22/1914,1000
4/23/1914,950
4/24/1914,850
4/25/1914,760
4/26/1914,718
4/27/1914,675
4/28/1914,675
4/29/1914,675
4/30/1914,595
5/1/1914,595
5/2/1914,675
5/3/1914,675
5/4/1914,760
5/5/1914,760
5/6/1914,760
5/7/1914,760
5/8/1914,760
5/9/1914,760
5/10/1914,675
5/11/1914,675
5/12/1914,595
5/13/1914,675
5/14/1914,675
5/15/1914,675
5/16/1914,675
5/17/1914,675
5/18/1914,595
5/19/1914,595
5/20/1914,595
5/21/1914,539
5/22/1914,560
5/23/1914,595
5/24/1914,635
5/25/1914,595
5/26/1914,635
5/27/1914,595
5/28/1914,560
5/29/1914,473
5/30/1914,492
5/31/1914,460
6/1/1914,473
6/2/1914,448
6/3/1914,430
6/4/1914,400
6/5/1914,400
6/6/1914,345
6/7/1914,372
6/8/1914,400
6/9/1914,335
6/10/1914,295
6/11/1914,259
6/12/1914,250
6/13/1914,250
6/14/1914,250
6/15/1914,250
6/16/1914,250
6/17/1914,242
6/18/1914,230
6/19/1914,210
6/20/1914,210
6/21/1914,192
6/22/1914,182
6/23/1914,151
6/24/1914,169
6/25/1914,203
6/26/1914,182
6/27/1914,151
6/28/1914,145
6/29/1914,125
6/30/1914,120
7/1/1914,108
7/2/1914,95
7/3/1914,95
7/4/1914,75
7/5/1914,75
7/6/1914,72
7/7/1914,68
7/8/1914,72
7/9/1914,68
7/10/1914,63
7/11/1914,53
7/12/1914,44
7/13/1914,46
7/14/1914,35
7/15/1914,33
7/16/1914,30
7/17/1914,26
7/18/1914,26
7/19/1914,26
7/20/1914,22
7/21/1914,18
7/22/1914,18
7/23/1914,18
7/24/1914,18
7/25/1914,18
7/26/1914,12
7/27/1914,12
7/28/1914,10
7/29/1914,10
7/30/1914,8
7/31/1914,8
8/1/1914,8
8/2/1914,8
8/3/1914,8
8/4/1914,8
8/5/1914,7
8/6/1914,7
8/7/1914,6
8/8/1914,5
8/9/1914,4
8/10/1914,4
8/11/1914,4
8/12/1914,4
8/13/1914,4
8/14/1914,4
8/15/1914,5
8/16/1914,5
8/17/1914,5
8/18/1914,5
8/19/1914,5
8/20/1914,5
8/21/1914,5
8/22/1914,5
8/23/1914,5
8/24/1914,5
8/25/1914,3
8/26/1914,3
8/27/1914,3
8/28/1914,3
8/29/1914,3
8/30/1914,5
8/31/1914,5
9/1/1914,5
9/2/1914,5
9/3/1914,5
9/4/1914,5
9/5/1914,4
9/6/1914,4
9/7/1914,5
9/8/1914,5
9/9/1914,5
9/10/1914,5
9/11/1914,5
9/12/1914,5
9/13/1914,5
9/14/1914,5
9/15/1914,5
9/16/1914,5
9/17/1914,5
9/18/1914,5
9/19/1914,5
9/20/1914,5
9/21/1914,5
9/22/1914,6
9/23/1914,6
9/24/1914,6
9/25/1914,6
9/26/1914,6
9/27/1914,6
9/28/1914,6
9/29/1914,6
9/30/1914,6
10/1/1914,6
10/2/1914,6
10/3/1914,8
10/4/1914,8
10/5/1914,6
10/6/1914,6
10/7/1914,6
10/8/1914,8
10/9/1914,8
10/10/1914,8
10/11/1914,12
10/12/1914,12
10/13/1914,12
10/14/1914,12
10/15/1914,12
10/16/1914,12
10/17/1914,15
10/18/1914,15
10/19/1914,15
10/20/1914,18
10/21/1914,22
10/22/1914,57
10/23/1914,37
10/24/1914,33
10/25/1914,26
10/26/1914,26
10/27/1914,22
10/28/1914,18
10/29/1914,18
10/30/1914,18
10/31/1914,20
11/1/1914,33
11/2/1914,35
11/3/1914,40
11/4/1914,40
11/5/1914,35
11/6/1914,35
11/7/1914,26
11/8/1914,26
11/9/1914,26
11/10/1914,26
11/11/1914,24
11/12/1914,24
11/13/1914,24
11/14/1914,24
11/15/1914,24
11/16/1914,24
11/17/1914,26
11/18/1914,26
11/19/1914,26
11/20/1914,26
11/21/1914,26
11/22/1914,26
11/23/1914,26
11/24/1914,26
11/25/1914,26
11/26/1914,26
11/27/1914,26
11/28/1914,26
11/29/1914,26
11/30/1914,28
12/1/1914,34
12/2/1914,35
12/3/1914,108
12/4/1914,230
12/5/1914,175
12/6/1914,145
12/7/1914,120
12/8/1914,115
12/9/1914,87
12/10/1914,210
12/11/1914,272
12/12/1914,160
12/13/1914,115
12/14/1914,85
12/15/1914,72
12/16/1914,60
12/17/1914,120
12/18/1914,132
12/19/1914,100
12/20/1914,492
12/21/1914,132
12/22/1914,95
12/23/1914,79
12/24/1914,79
12/25/1914,75
12/26/1914,75
12/27/1914,85
12/28/1914,75
12/29/1914,75
12/30/1914,69
12/31/1914,68
1/1/1915,68
1/2/1915,68
1/3/1915,68
1/4/1915,175
1/5/1915,140
1/6/1915,218
1/7/1915,206
1/8/1915,480
1/9/1915,460
1/10/1915,250
1/11/1915,175
1/12/1915,230
1/13/1915,210
1/14/1915,1550
1/15/1915,595
1/16/1915,345
1/17/1915,250
1/18/1915,210
1/19/1915,175
1/20/1915,160
1/21/1915,145
1/22/1915,145
1/23/1915,120
1/24/1915,120
1/25/1915,145
1/26/1915,145
1/27/1915,175
1/28/1915,1100
1/29/1915,760
1/30/1915,1000
1/31/1915,1160
2/1/1915,4470
2/2/1915,5920
2/3/1915,3450
2/4/1915,1700
2/5/1915,1160
2/6/1915,850
2/7/1915,718
2/8/1915,2190
2/9/1915,5920
2/10/1915,5920
2/11/1915,2460
2/12/1915,1340
2/13/1915,1100
2/14/1915,950
2/15/1915,850
2/16/1915,850
2/17/1915,1700
2/18/1915,2760
2/19/1915,1860
2/20/1915,2760
2/21/1915,1860
2/22/1915,1550
2/23/1915,1340
2/24/1915,1280
2/25/1915,1100
2/26/1915,950
2/27/1915,850
2/28/1915,1780
3/1/1915,1220
3/2/1915,1050
3/3/1915,950
3/4/1915,850
3/5/1915,805
3/6/1915,718
3/7/1915,760
3/8/1915,675
3/9/1915,675
3/10/1915,595
3/11/1915,595
3/12/1915,595
3/13/1915,595
3/14/1915,595
3/15/1915,675
3/16/1915,718
3/17/1915,805
3/18/1915,950
3/19/1915,950
3/20/1915,950
3/21/1915,950
3/22/1915,950
3/23/1915,1050
3/24/1915,1050
3/25/1915,1050
3/26/1915,1050
3/27/1915,1050
3/28/1915,1160
3/29/1915,1550
3/30/1915,1280
3/31/1915,1160
4/1/1915,1050
4/2/1915,1050
4/3/1915,1050
4/4/1915,1220
4/5/1915,1410
4/6/1915,1220
4/7/1915,1160
4/8/1915,1340
4/9/1915,1160
4/10/1915,1160
4/11/1915,1160
4/12/1915,1280
4/13/1915,1160
4/14/1915,1160
4/15/1915,1100
4/16/1915,1160
4/17/1915,1280
4/18/1915,1280
4/19/1915,1280
4/20/1915,1280
4/21/1915,1220
4/22/1915,1050
4/23/1915,950
4/24/1915,950
4/25/1915,850
4/26/1915,805
4/27/1915,760
4/28/1915,760
4/29/1915,760
4/30/1915,1050
5/1/1915,850
5/2/1915,760
5/3/1915,718
5/4/1915,718
5/5/1915,760
5/6/1915,718
5/7/1915,675
5/8/1915,718
5/9/1915,760
5/10/1915,2760
5/11/1915,2980
5/12/1915,3700
5/13/1915,3950
5/14/1915,2760
5/15/1915,2190
5/16/1915,2020
5/17/1915,2190
5/18/1915,2370
5/19/1915,2560
5/20/1915,1860
5/21/1915,1700
5/22/1915,1550
5/23/1915,1410
5/24/1915,1550
5/25/1915,1410
5/26/1915,1280
5/27/1915,1280
5/28/1915,1280
5/29/1915,1100
5/30/1915,1050
5/31/1915,1050
6/1/1915,1050
6/2/1915,950
6/3/1915,850
6/4/1915,760
6/5/1915,760
6/6/1915,760
6/7/1915,760
6/8/1915,675
6/9/1915,675
6/10/1915,595
6/11/1915,595
6/12/1915,525
6/13/1915,525
6/14/1915,492
6/15/1915,460
6/16/1915,430
6/17/1915,460
6/18/1915,400
6/19/1915,356
6/20/1915,345
6/21/1915,345
6/22/1915,345
6/23/1915,295
6/24/1915,286
6/25/1915,250
6/26/1915,250
6/27/1915,250
6/28/1915,234
6/29/1915,210
6/30/1915,210
7/1/1915,192
7/2/1915,175
7/3/1915,160
7/4/1915,145
7/5/1915,145
7/6/1915,120
7/7/1915,120
7/8/1915,120
7/9/1915,116
7/10/1915,98
7/11/1915,98
7/12/1915,98
7/13/1915,98
7/14/1915,84
7/15/1915,80
7/16/1915,80
7/17/1915,64
7/18/1915,64
7/19/1915,64
7/20/1915,64
7/21/1915,54
7/22/1915,51
7/23/1915,51
7/24/1915,45
7/25/1915,39
7/26/1915,39
7/27/1915,39
7/28/1915,39
7/29/1915,39
7/30/1915,34
7/31/1915,34
8/1/1915,29
8/2/1915,29
8/3/1915,29
8/4/1915,20
8/5/1915,20
8/6/1915,20
8/7/1915,20
8/8/1915,20
8/9/1915,20
8/10/1915,14
8/11/1915,14
8/12/1915,14
8/13/1915,14
8/14/1915,14
8/15/1915,14
8/16/1915,14
8/17/1915,14
8/18/1915,14
8/19/1915,14
8/20/1915,14
8/21/1915,14
8/22/1915,9
8/23/1915,9
8/24/1915,9
8/25/1915,9
8/26/1915,9
8/27/1915,9
8/28/1915,9
8/29/1915,9
8/30/1915,9
8/31/1915,9
9/1/1915,6
9/2/1915,6
9/3/1915,6
9/4/1915,6
9/5/1915,6
9/6/1915,6
9/7/1915,6
9/8/1915,8
9/9/1915,8
9/10/1915,8
9/11/1915,8
9/12/1915,8
9/13/1915,8
9/14/1915,8
9/15/1915,9
9/16/1915,9
9/17/1915,9
9/18/1915,9
9/19/1915,9
9/20/1915,9
9/21/1915,8
9/22/1915,8
9/23/1915,8
9/24/1915,9
9/25/1915,8
9/26/1915,12
9/27/1915,8
9/28/1915,11
9/29/1915,9
9/30/1915,9
10/1/1915,12
10/2/1915,14
10/3/1915,9
10/4/1915,9
10/5/1915,9
10/6/1915,9
10/7/1915,9
10/8/1915,8
10/9/1915,9
10/10/1915,9
10/11/1915,9
10/12/1915,9
10/13/1915,9
10/14/1915,9
10/15/1915,9
10/16/1915,9
10/17/1915,9
10/18/1915,9
10/19/1915,9
10/20/1915,9
10/21/1915,9
10/22/1915,9
10/23/1915,9
10/24/1915,9
10/25/1915,9
10/26/1915,9
10/27/1915,9
10/28/1915,9
10/29/1915,9
10/30/1915,9
10/31/1915,9
11/1/1915,9
11/2/1915,12
11/3/1915,12
11/4/1915,13
11/5/1915,14
11/6/1915,14
11/7/1915,14
11/8/1915,14
11/9/1915,24
11/10/1915,64
11/11/1915,54
11/12/1915,39
11/13/1915,29
11/14/1915,29
11/15/1915,29
11/16/1915,29
11/17/1915,30
11/18/1915,39
11/19/1915,39
11/20/1915,39
11/21/1915,38
11/22/1915,38
11/23/1915,38
11/24/1915,40
11/25/1915,58
11/26/1915,51
11/27/1915,51
11/28/1915,51
11/29/1915,51
11/30/1915,44
12/1/1915,39
12/2/1915,39
12/3/1915,72
12/4/1915,1000
12/5/1915,250
12/6/1915,157
12/7/1915,120
12/8/1915,98
12/9/1915,98
12/10/1915,118
12/11/1915,120
12/12/1915,98
12/13/1915,1000
12/14/1915,1620
12/15/1915,506
12/16/1915,272
12/17/1915,210
12/18/1915,175
12/19/1915,151
12/20/1915,125
12/21/1915,120
12/22/1915,116
12/23/1915,98
12/24/1915,98
12/25/1915,98
12/26/1915,98
12/27/1915,89
12/28/1915,89
12/29/1915,80
12/30/1915,80
12/31/1915,80
1/1/1916,64
1/2/1916,120
1/3/1916,3700
1/4/1916,2760
1/5/1916,850
1/6/1916,567
1/7/1916,400
1/8/1916,718
1/9/1916,2760
1/10/1916,3210
1/11/1916,1050
1/12/1916,718
1/13/1916,675
1/14/1916,6870
1/15/1916,1700
1/16/1916,900
1/17/1916,4470
1/18/1916,3450
1/19/1916,1700
1/20/1916,1160
1/21/1916,900
1/22/1916,760
1/23/1916,2020
1/24/1916,2760
1/25/1916,4750
1/26/1916,2760
1/27/1916,3700
1/28/1916,3210
1/29/1916,2760
1/30/1916,1780
1/31/1916,1340
2/1/1916,1160
2/2/1916,1160
2/3/1916,2020
2/4/1916,5620
2/5/1916,4210
2/6/1916,2760
2/7/1916,2100
2/8/1916,1940
2/9/1916,1700
2/10/1916,1780
2/11/1916,2100
2/12/1916,1860
2/13/1916,1780
2/14/1916,1700
2/15/1916,1550
2/16/1916,1480
2/17/1916,1550
2/18/1916,1550
2/19/1916,1410
2/20/1916,1410
2/21/1916,1620
2/22/1916,1480
2/23/1916,1410
2/24/1916,1280
2/25/1916,1160
2/26/1916,1280
2/27/1916,6230
2/28/1916,3210
2/29/1916,3210
3/1/1916,3210
3/2/1916,2370
3/3/1916,1860
3/4/1916,1860
3/5/1916,5620
3/6/1916,2560
3/7/1916,2190
3/8/1916,1780
3/9/1916,1700
3/10/1916,1550
3/11/1916,1780
3/12/1916,2100
3/13/1916,2190
3/14/1916,2190
3/15/1916,2020
3/16/1916,1860
3/17/1916,1860
3/18/1916,1860
3/19/1916,2560
3/20/1916,8920
3/21/1916,4470
3/22/1916,3700
3/23/1916,2980
3/24/1916,2370
3/25/1916,2020
3/26/1916,1860
3/27/1916,1700
3/28/1916,1550
3/29/1916,1550
3/30/1916,1550
3/31/1916,1410
4/1/1916,1550
4/2/1916,1550
4/3/1916,1550
4/4/1916,1550
4/5/1916,1700
4/6/1916,1550
4/7/1916,1550
4/8/1916,1620
4/9/1916,1700
4/10/1916,1700
4/11/1916,1860
4/12/1916,1700
4/13/1916,1480
4/14/1916,1410
4/15/1916,1340
4/16/1916,1410
4/17/1916,1280
4/18/1916,1280
4/19/1916,1160
4/20/1916,1160
4/21/1916,1050
4/22/1916,1160
4/23/1916,1160
4/24/1916,1220
4/25/1916,1160
4/26/1916,1280
4/27/1916,1280
4/28/1916,1160
4/29/1916,1100
4/30/1916,1050
5/1/1916,950
5/2/1916,1000
5/3/1916,1000
5/4/1916,1050
5/5/1916,1050
5/6/1916,1050
5/7/1916,1000
5/8/1916,1000
5/9/1916,805
5/10/1916,805
5/11/1916,760
5/12/1916,760
5/13/1916,760
5/14/1916,675
5/15/1916,635
5/16/1916,635
5/17/1916,635
5/18/1916,635
5/19/1916,675
5/20/1916,595
5/21/1916,595
5/22/1916,581
5/23/1916,635
5/24/1916,675
5/25/1916,595
5/26/1916,525
5/27/1916,473
5/28/1916,460
5/29/1916,460
5/30/1916,460
5/31/1916,460
6/1/1916,460
6/2/1916,460
6/3/1916,473
6/4/1916,486
6/5/1916,492
6/6/1916,492
6/7/1916,460
6/8/1916,460
6/9/1916,492
6/10/1916,460
6/11/1916,430
6/12/1916,400
6/13/1916,389
6/14/1916,372
6/15/1916,345
6/16/1916,335
6/17/1916,295
6/18/1916,295
6/19/1916,259
6/20/1916,230
6/21/1916,210
6/22/1916,203
6/23/1916,175
6/24/1916,175
6/25/1916,169
6/26/1916,145
6/27/1916,145
6/28/1916,140
6/29/1916,132
6/30/1916,120
7/1/1916,120
7/2/1916,120
7/3/1916,125
7/4/1916,116
7/5/1916,98
7/6/1916,98
7/7/1916,91
7/8/1916,77
7/9/1916,72
7/10/1916,72
7/11/1916,64
7/12/1916,64
7/13/1916,58
7/14/1916,51
7/15/1916,51
7/16/1916,51
7/17/1916,51
7/18/1916,50
7/19/1916,39
7/20/1916,39
7/21/1916,34
7/22/1916,29
7/23/1916,28
7/24/1916,24
7/25/1916,22
7/26/1916,22
7/27/1916,22
7/28/1916,17
7/29/1916,17
7/30/1916,17
7/31/1916,15
8/1/1916,14
8/2/1916,14
8/3/1916,12
8/4/1916,10
8/5/1916,10
8/6/1916,12
8/7/1916,9
8/8/1916,9
8/9/1916,9
8/10/1916,9
8/11/1916,9
8/12/1916,9
8/13/1916,9
8/14/1916,9
8/15/1916,9
8/16/1916,9
8/17/1916,9
8/18/1916,9
8/19/1916,9
8/20/1916,9
8/21/1916,9
8/22/1916,8
8/23/1916,8
8/24/1916,8
8/25/1916,6
8/26/1916,6
8/27/1916,6
8/28/1916,6
8/29/1916,6
8/30/1916,6
8/31/1916,6
9/1/1916,6
9/2/1916,6
9/3/1916,6
9/4/1916,6
9/5/1916,6
9/6/1916,6
9/7/1916,6
9/8/1916,6
9/9/1916,6
9/10/1916,6
9/11/1916,6
9/12/1916,6
9/13/1916,6
9/14/1916,6
9/15/1916,6
9/16/1916,6
9/17/1916,6
9/18/1916,6
9/19/1916,6
9/20/1916,6
9/21/1916,6
9/22/1916,6
9/23/1916,6
9/24/1916,12
9/25/1916,14
9/26/1916,14
9/27/1916,14
9/28/1916,12
9/29/1916,12
9/30/1916,10
10/1/1916,10
10/2/1916,80
10/3/1916,182
10/4/1916,109
10/5/1916,77
10/6/1916,64
10/7/1916,70
10/8/1916,109
10/9/1916,84
10/10/1916,78
10/11/1916,80
10/12/1916,80
10/13/1916,72
10/14/1916,64
10/15/1916,54
10/16/1916,51
10/17/1916,51
10/18/1916,51
10/19/1916,51
10/20/1916,50
10/21/1916,49
10/22/1916,45
10/23/1916,46
10/24/1916,39
10/25/1916,39
10/26/1916,39
10/27/1916,39
10/28/1916,39
10/29/1916,39
10/30/1916,39
10/31/1916,39
11/1/1916,39
11/2/1916,39
11/3/1916,39
11/4/1916,39
11/5/1916,51
11/6/1916,132
11/7/1916,120
11/8/1916,109
11/9/1916,80
11/10/1916,78
11/11/1916,64
11/12/1916,64
11/13/1916,63
11/14/1916,58
11/15/1916,51
11/16/1916,51
11/17/1916,51
11/18/1916,51
11/19/1916,51
11/20/1916,51
11/21/1916,51
11/22/1916,51
11/23/1916,51
11/24/1916,51
11/25/1916,51
11/26/1916,89
11/27/1916,192
11/28/1916,130
11/29/1916,107
11/30/1916,91
12/1/1916,80
12/2/1916,362
12/3/1916,850
12/4/1916,1410
12/5/1916,950
12/6/1916,1000
12/7/1916,560
12/8/1916,400
12/9/1916,345
12/10/1916,250
12/11/1916,210
12/12/1916,210
12/13/1916,192
12/14/1916,175
12/15/1916,157
12/16/1916,145
12/17/1916,145
12/18/1916,145
12/19/1916,145
12/20/1916,145
12/21/1916,135
12/22/1916,132
12/23/1916,169
12/24/1916,760
12/25/1916,553
12/26/1916,320
12/27/1916,246
12/28/1916,372
12/29/1916,305
12/30/1916,250
12/31/1916,345
1/1/1917,250
1/2/1917,320
1/3/1917,1340
1/4/1917,560
1/5/1917,460
1/6/1917,850
1/7/1917,492
1/8/1917,372
1/9/1917,305
1/10/1917,272
1/11/1917,250
1/12/1917,250
1/13/1917,242
1/14/1917,210
1/15/1917,210
1/16/1917,160
1/17/1917,120
1/18/1917,120
1/19/1917,192
1/20/1917,182
1/21/1917,175
1/22/1917,172
1/23/1917,169
1/24/1917,160
1/25/1917,145
1/26/1917,145
1/27/1917,160
1/28/1917,145
1/29/1917,172
1/30/1917,250
1/31/1917,400
2/1/1917,282
2/2/1917,250
2/3/1917,210
2/4/1917,210
2/5/1917,210
2/6/1917,218
2/7/1917,250
2/8/1917,250
2/9/1917,250
2/10/1917,250
2/11/1917,250
2/12/1917,282
2/13/1917,254
2/14/1917,250
2/15/1917,250
2/16/1917,250
2/17/1917,320
2/18/1917,345
2/19/1917,595
2/20/1917,2560
2/21/1917,11500
2/22/1917,13500
2/23/1917,3450
2/24/1917,6870
2/25/1917,8920
2/26/1917,4750
2/27/1917,2760
2/28/1917,1940
3/1/1917,1620
3/2/1917,1340
3/3/1917,1100
3/4/1917,1000
3/5/1917,950
3/6/1917,850
3/7/1917,850
3/8/1917,850
3/9/1917,1280
3/10/1917,1550
3/11/1917,1160
3/12/1917,1000
3/13/1917,1000
3/14/1917,950
3/15/1917,900
3/16/1917,760
3/17/1917,760
3/18/1917,760
3/19/1917,760
3/20/1917,760
3/21/1917,760
3/22/1917,718
3/23/1917,675
3/24/1917,675
3/25/1917,675
3/26/1917,675
3/27/1917,675
3/28/1917,805
3/29/1917,1000
3/30/1917,1340
3/31/1917,1160
4/1/1917,1050
4/2/1917,950
4/3/1917,950
4/4/1917,850
4/5/1917,1000
4/6/1917,1100
4/7/1917,1340
4/8/1917,1620
4/9/1917,1550
4/10/1917,1410
4/11/1917,1280
4/12/1917,2370
4/13/1917,2020
4/14/1917,1700
4/15/1917,1700
4/16/1917,1340
4/17/1917,1220
4/18/1917,1100
4/19/1917,950
4/20/1917,950
4/21/1917,900
4/22/1917,1000
4/23/1917,1280
4/24/1917,1480
4/25/1917,1780
4/26/1917,2020
4/27/1917,1940
4/28/1917,1780
4/29/1917,1550
4/30/1917,1410
5/1/1917,1340
5/2/1917,1220
5/3/1917,1160
5/4/1917,1160
5/5/1917,1220
5/6/1917,1280
5/7/1917,1280
5/8/1917,1280
5/9/1917,1410
5/10/1917,1410
5/11/1917,1280
5/12/1917,1280
5/13/1917,1280
5/14/1917,1410
5/15/1917,1340
5/16/1917,1160
5/17/1917,1050
5/18/1917,1100
5/19/1917,950
5/20/1917,900
5/21/1917,850
5/22/1917,850
5/23/1917,805
5/24/1917,850
5/25/1917,760
5/26/1917,760
5/27/1917,718
5/28/1917,760
5/29/1917,760
5/30/1917,760
5/31/1917,805
6/1/1917,760
6/2/1917,805
6/3/1917,805
6/4/1917,805
6/5/1917,760
6/6/1917,760
6/7/1917,760
6/8/1917,805
6/9/1917,805
6/10/1917,760
6/11/1917,718
6/12/1917,595
6/13/1917,581
6/14/1917,525
6/15/1917,560
6/16/1917,525
6/17/1917,525
6/18/1917,525
6/19/1917,473
6/20/1917,460
6/21/1917,460
6/22/1917,400
6/23/1917,345
6/24/1917,305
6/25/1917,286
6/26/1917,250
6/27/1917,250
6/28/1917,218
6/29/1917,210
6/30/1917,210
7/1/1917,203
7/2/1917,175
7/3/1917,160
7/4/1917,120
7/5/1917,120
7/6/1917,120
7/7/1917,120
7/8/1917,116
7/9/1917,98
7/10/1917,98
7/11/1917,89
7/12/1917,80
7/13/1917,80
7/14/1917,80
7/15/1917,67
7/16/1917,64
7/17/1917,64
7/18/1917,58
7/19/1917,51
7/20/1917,49
7/21/1917,39
7/22/1917,39
7/23/1917,39
7/24/1917,39
7/25/1917,39
7/26/1917,34
7/27/1917,34
7/28/1917,34
7/29/1917,34
7/30/1917,29
7/31/1917,29
8/1/1917,27
8/2/1917,22
8/3/1917,20
8/4/1917,20
8/5/1917,20
8/6/1917,20
8/7/1917,20
8/8/1917,17
8/9/1917,14
8/10/1917,14
8/11/1917,14
8/12/1917,14
8/13/1917,14
8/14/1917,14
8/15/1917,14
8/16/1917,13
8/17/1917,12
8/18/1917,10
8/19/1917,9
8/20/1917,9
8/21/1917,9
8/22/1917,9
8/23/1917,9
8/24/1917,6
8/25/1917,6
8/26/1917,6
8/27/1917,6
8/28/1917,6
8/29/1917,6
8/30/1917,6
8/31/1917,6
9/1/1917,6
9/2/1917,6
9/3/1917,6
9/4/1917,6
9/5/1917,6
9/6/1917,6
9/7/1917,6
9/8/1917,6
9/9/1917,6
9/10/1917,6
9/11/1917,6
9/12/1917,6
9/13/1917,6
9/14/1917,6
9/15/1917,6
9/16/1917,6
9/17/1917,6
9/18/1917,6
9/19/1917,6
9/20/1917,6
9/21/1917,6
9/22/1917,6
9/23/1917,6
9/24/1917,6
9/25/1917,6
9/26/1917,10
9/27/1917,12
9/28/1917,12
9/29/1917,9
9/30/1917,8
10/1/1917,8
10/2/1917,8
10/3/1917,8
10/4/1917,8
10/5/1917,8
10/6/1917,8
10/7/1917,8
10/8/1917,8
10/9/1917,6
10/10/1917,6
10/11/1917,6
10/12/1917,6
10/13/1917,6
10/14/1917,6
10/15/1917,6
10/16/1917,6
10/17/1917,6
10/18/1917,6
10/19/1917,6
10/20/1917,6
10/21/1917,9
10/22/1917,9
10/23/1917,9
10/24/1917,8
10/25/1917,8
10/26/1917,8
10/27/1917,8
10/28/1917,8
10/29/1917,8
10/30/1917,8
10/31/1917,8
11/1/1917,8
11/2/1917,8
11/3/1917,8
11/4/1917,9
11/5/1917,9
11/6/1917,14
11/7/1917,39
11/8/1917,45
11/9/1917,29
11/10/1917,29
11/11/1917,28
11/12/1917,29
11/13/1917,37
11/14/1917,34
11/15/1917,29
11/16/1917,29
11/17/1917,29
11/18/1917,29
11/19/1917,29
11/20/1917,29
11/21/1917,29
11/22/1917,29
11/23/1917,29
11/24/1917,29
11/25/1917,29
11/26/1917,29
11/27/1917,29
11/28/1917,29
11/29/1917,29
11/30/1917,51
12/1/1917,160
12/2/1917,120
12/3/1917,98
12/4/1917,64
12/5/1917,51
12/6/1917,44
12/7/1917,39
12/8/1917,39
12/9/1917,37
12/10/1917,37
12/11/1917,35
12/12/1917,34
12/13/1917,34
12/14/1917,31
12/15/1917,29
12/16/1917,39
12/17/1917,39
12/18/1917,39
12/19/1917,49
12/20/1917,39
12/21/1917,39
12/22/1917,39
12/23/1917,39
12/24/1917,39
12/25/1917,39
12/26/1917,41
12/27/1917,58
12/28/1917,64
12/29/1917,58
12/30/1917,45
12/31/1917,39
1/1/1918,39
1/2/1918,39
1/3/1918,39
1/4/1918,39
1/5/1918,39
1/6/1918,39
1/7/1918,39
1/8/1918,39
1/9/1918,39
1/10/1918,39
1/11/1918,39
1/12/1918,39
1/13/1918,64
1/14/1918,89
1/15/1918,80
1/16/1918,64
1/17/1918,64
1/18/1918,59
1/19/1918,51
1/20/1918,51
1/21/1918,51
1/22/1918,49
1/23/1918,51
1/24/1918,51
1/25/1918,51
1/26/1918,51
1/27/1918,39
1/28/1918,39
1/29/1918,39
1/30/1918,39
1/31/1918,39
2/1/1918,39
2/2/1918,39
2/3/1918,39
2/4/1918,39
2/5/1918,39
2/6/1918,64
2/7/1918,460
2/8/1918,345
2/9/1918,192
2/10/1918,132
2/11/1918,102
2/12/1918,98
2/13/1918,109
2/14/1918,230
2/15/1918,246
2/16/1918,140
2/17/1918,595
2/18/1918,430
2/19/1918,210
2/20/1918,175
2/21/1918,295
2/22/1918,1860
2/23/1918,1410
2/24/1918,1550
2/25/1918,675
2/26/1918,430
2/27/1918,320
2/28/1918,230
3/1/1918,210
3/2/1918,210
3/3/1918,192
3/4/1918,192
3/5/1918,210
3/6/1918,182
3/7/1918,2760
3/8/1918,1340
3/9/1918,760
3/10/1918,2280
3/11/1918,3700
3/12/1918,10800
3/13/1918,2760
3/14/1918,1410
3/15/1918,1050
3/16/1918,805
3/17/1918,675
3/18/1918,850
3/19/1918,7530
3/20/1918,2760
3/21/1918,1620
3/22/1918,1340
3/23/1918,1160
3/24/1918,1050
3/25/1918,1000
3/26/1918,1000
3/27/1918,2190
3/28/1918,1480
3/29/1918,1220
3/30/1918,1160
3/31/1918,1160
4/1/1918,1160
4/2/1918,1160
4/3/1918,1000
4/4/1918,805
4/5/1918,760
4/6/1918,760
4/7/1918,805
4/8/1918,760
4/9/1918,950
4/10/1918,1340
4/11/1918,1160
4/12/1918,1160
4/13/1918,1050
4/14/1918,1050
4/15/1918,850
4/16/1918,850
4/17/1918,850
4/18/1918,850
4/19/1918,850
4/20/1918,850
4/21/1918,950
4/22/1918,850
4/23/1918,850
4/24/1918,850
4/25/1918,850
4/26/1918,718
4/27/1918,675
4/28/1918,675
4/29/1918,675
4/30/1918,718
5/1/1918,675
5/2/1918,675
5/3/1918,675
5/4/1918,635
5/5/1918,635
5/6/1918,595
5/7/1918,595
5/8/1918,525
5/9/1918,560
5/10/1918,460
5/11/1918,400
5/12/1918,400
5/13/1918,400
5/14/1918,400
5/15/1918,400
5/16/1918,372
5/17/1918,345
5/18/1918,345
5/19/1918,335
5/20/1918,295
5/21/1918,295
5/22/1918,295
5/23/1918,295
5/24/1918,250
5/25/1918,250
5/26/1918,250
5/27/1918,250
5/28/1918,250
5/29/1918,234
5/30/1918,210
5/31/1918,210
6/1/1918,210
6/2/1918,192
6/3/1918,203
6/4/1918,182
6/5/1918,175
6/6/1918,175
6/7/1918,175
6/8/1918,157
6/9/1918,145
6/10/1918,120
6/11/1918,120
6/12/1918,120
6/13/1918,120
6/14/1918,98
6/15/1918,87
6/16/1918,80
6/17/1918,80
6/18/1918,80
6/19/1918,67
6/20/1918,64
6/21/1918,58
6/22/1918,58
6/23/1918,51
6/24/1918,51
6/25/1918,51
6/26/1918,39
6/27/1918,29
6/28/1918,29
6/29/1918,22
6/30/1918,20
7/1/1918,20
7/2/1918,20
7/3/1918,20
7/4/1918,14
7/5/1918,12
7/6/1918,12
7/7/1918,12
7/8/1918,12
7/9/1918,12
7/10/1918,9
7/11/1918,9
7/12/1918,9
7/13/1918,9
7/14/1918,6
7/15/1918,6
7/16/1918,6
7/17/1918,6
7/18/1918,6
7/19/1918,6
7/20/1918,6
7/21/1918,6
7/22/1918,5
7/23/1918,3
7/24/1918,3
7/25/1918,3
7/26/1918,3
7/27/1918,3
7/28/1918,3
7/29/1918,3
7/30/1918,2
7/31/1918,2
8/1/1918,2
8/2/1918,2
8/3/1918,2
8/4/1918,2
8/5/1918,2
8/6/1918,2
8/7/1918,2
8/8/1918,2
8/9/1918,2
8/10/1918,2
8/11/1918,2
8/12/1918,2
8/13/1918,2
8/14/1918,2
8/15/1918,2
8/16/1918,2
8/17/1918,1
8/18/1918,1
8/19/1918,1
8/20/1918,1
8/21/1918,1
8/22/1918,2
8/23/1918,2
8/24/1918,2
8/25/1918,2
8/26/1918,2
8/27/1918,2
8/28/1918,1
8/29/1918,0
8/30/1918,0
8/31/1918,0
9/1/1918,0
9/2/1918,0
9/3/1918,0
9/4/1918,0
9/5/1918,0
9/6/1918,0
9/7/1918,0
9/8/1918,0
9/9/1918,0
9/10/1918,0
9/11/1918,0
9/12/1918,0
9/13/1918,10
9/14/1918,157
9/15/1918,175
9/16/1918,61
9/17/1918,45
9/18/1918,31
9/19/1918,24
9/20/1918,20
9/21/1918,20
9/22/1918,15
9/23/1918,14
9/24/1918,17
9/25/1918,20
9/26/1918,20
9/27/1918,20
9/28/1918,20
9/29/1918,24
9/30/1918,29
10/1/1918,29
10/2/1918,39
10/3/1918,39
10/4/1918,39
10/5/1918,45
10/6/1918,45
10/7/1918,39
10/8/1918,39
10/9/1918,39
10/10/1918,29
10/11/1918,29
10/12/1918,29
10/13/1918,20
10/14/1918,20
10/15/1918,20
10/16/1918,29
10/17/1918,72
10/18/1918,39
10/19/1918,39
10/20/1918,39
10/21/1918,29
10/22/1918,29
10/23/1918,29
10/24/1918,25
10/25/1918,25
10/26/1918,25
10/27/1918,25
10/28/1918,22
10/29/1918,22
10/30/1918,25
10/31/1918,29
11/1/1918,31
11/2/1918,39
11/3/1918,41
11/4/1918,51
11/5/1918,120
11/6/1918,89
11/7/1918,61
11/8/1918,51
11/9/1918,39
11/10/1918,39
11/11/1918,39
11/12/1918,39
11/13/1918,39
11/14/1918,39
11/15/1918,58
11/16/1918,120
11/17/1918,89
11/18/1918,64
11/19/1918,64
11/20/1918,64
11/21/1918,64
11/22/1918,58
11/23/1918,59
11/24/1918,140
11/25/1918,151
11/26/1918,109
11/27/1918,80
11/28/1918,74
11/29/1918,64
11/30/1918,63
12/1/1918,63
12/2/1918,58
12/3/1918,58
12/4/1918,51
12/5/1918,51
12/6/1918,51
12/7/1918,58
12/8/1918,72
12/9/1918,175
12/10/1918,132
12/11/1918,98
12/12/1918,80
12/13/1918,80
12/14/1918,64
12/15/1918,64
12/16/1918,64
12/17/1918,64
12/18/1918,64
12/19/1918,64
12/20/1918,64
12/21/1918,80
12/22/1918,64
12/23/1918,64
12/24/1918,64
12/25/1918,61
12/26/1918,51
12/27/1918,51
12/28/1918,64
12/29/1918,64
12/30/1918,64
12/31/1918,45
1/1/1919,29
1/2/1919,29
1/3/1919,29
1/4/1919,45
1/5/1919,64
1/6/1919,61
1/7/1919,51
1/8/1919,51
1/9/1919,51
1/10/1919,64
1/11/1919,64
1/12/1919,80
1/13/1919,64
1/14/1919,51
1/15/1919,51
1/16/1919,51
1/17/1919,51
1/18/1919,64
1/19/1919,64
1/20/1919,1050
1/21/1919,460
1/22/1919,230
1/23/1919,192
1/24/1919,175
1/25/1919,145
1/26/1919,120
1/27/1919,109
1/28/1919,98
1/29/1919,98
1/30/1919,80
1/31/1919,80
2/1/1919,80
2/2/1919,80
2/3/1919,80
2/4/1919,80
2/5/1919,80
2/6/1919,80
2/7/1919,320
2/8/1919,372
2/9/1919,1780
2/10/1919,6550
2/11/1919,13100
2/12/1919,2560
2/13/1919,1280
2/14/1919,1000
2/15/1919,760
2/16/1919,595
2/17/1919,675
2/18/1919,635
2/19/1919,560
2/20/1919,560
2/21/1919,460
2/22/1919,1050
2/23/1919,950
2/24/1919,718
2/25/1919,595
2/26/1919,4750
2/27/1919,1860
2/28/1919,1480
3/1/1919,1100
3/2/1919,1100
3/3/1919,1940
3/4/1919,1160
3/5/1919,900
3/6/1919,950
3/7/1919,1340
3/8/1919,1000
3/9/1919,805
3/10/1919,675
3/11/1919,595
3/12/1919,595
3/13/1919,1550
3/14/1919,2100
3/15/1919,1160
3/16/1919,1000
3/17/1919,850
3/18/1919,850
3/19/1919,900
3/20/1919,760
3/21/1919,675
3/22/1919,675
3/23/1919,675
3/24/1919,675
3/25/1919,760
3/26/1919,900
3/27/1919,950
3/28/1919,1000
3/29/1919,1050
3/30/1919,1160
3/31/1919,1280
4/1/1919,1280
4/2/1919,1280
4/3/1919,1410
4/4/1919,1480
4/5/1919,1550
4/6/1919,1410
4/7/1919,1100
4/8/1919,950
4/9/1919,900
4/10/1919,850
4/11/1919,850
4/12/1919,850
4/13/1919,850
4/14/1919,850
4/15/1919,805
4/16/1919,850
4/17/1919,900
4/18/1919,950
4/19/1919,1050
4/20/1919,1000
4/21/1919,950
4/22/1919,850
4/23/1919,850
4/24/1919,1050
4/25/1919,950
4/26/1919,850
4/27/1919,850
4/28/1919,850
4/29/1919,950
4/30/1919,950
5/1/1919,950
5/2/1919,850
5/3/1919,850
5/4/1919,850
5/5/1919,760
5/6/1919,760
5/7/1919,675
5/8/1919,595
5/9/1919,595
5/10/1919,525
5/11/1919,492
5/12/1919,460
5/13/1919,460
5/14/1919,460
5/15/1919,400
5/16/1919,400
5/17/1919,400
5/18/1919,345
5/19/1919,372
5/20/1919,372
5/21/1919,345
5/22/1919,345
5/23/1919,345
5/24/1919,295
5/25/1919,295
5/26/1919,250
5/27/1919,250
5/28/1919,250
5/29/1919,250
5/30/1919,250
5/31/1919,210
6/1/1919,192
6/2/1919,175
6/3/1919,132
6/4/1919,120
6/5/1919,120
6/6/1919,120
6/7/1919,98
6/8/1919,98
6/9/1919,89
6/10/1919,89
6/11/1919,80
6/12/1919,72
6/13/1919,64
6/14/1919,64
6/15/1919,64
6/16/1919,64
6/17/1919,64
6/18/1919,58
6/19/1919,51
6/20/1919,45
6/21/1919,45
6/22/1919,45
6/23/1919,39
6/24/1919,39
6/25/1919,39
6/26/1919,29
6/27/1919,29
6/28/1919,29
6/29/1919,29
6/30/1919,24
7/1/1919,24
7/2/1919,20
7/3/1919,20
7/4/1919,17
7/5/1919,17
7/6/1919,14
7/7/1919,14
7/8/1919,14
7/9/1919,14
7/10/1919,14
7/11/1919,10
7/12/1919,9
7/13/1919,9
7/14/1919,6
7/15/1919,6
7/16/1919,6
7/17/1919,6
7/18/1919,5
7/19/1919,3
7/20/1919,3
7/21/1919,3
7/22/1919,3
7/23/1919,3
7/24/1919,3
7/25/1919,3
7/26/1919,3
7/27/1919,3
7/28/1919,3
7/29/1919,2
7/30/1919,2
7/31/1919,2
8/1/1919,2
8/2/1919,2
8/3/1919,2
8/4/1919,2
8/5/1919,2
8/6/1919,2
8/7/1919,3
8/8/1919,2
8/9/1919,2
8/10/1919,2
8/11/1919,2
8/12/1919,2
8/13/1919,2
8/14/1919,2
8/15/1919,2
8/16/1919,2
8/17/1919,1
8/18/1919,1
8/19/1919,1
8/20/1919,0
8/21/1919,0
8/22/1919,0
8/23/1919,0
8/24/1919,0
8/25/1919,0
8/26/1919,0
8/27/1919,0
8/28/1919,0
8/29/1919,0
8/30/1919,0
8/31/1919,0
9/1/1919,0
9/2/1919,0
9/3/1919,0
9/4/1919,0
9/5/1919,0
9/6/1919,0
9/7/1919,0
9/8/1919,0
9/9/1919,0
9/10/1919,0
9/11/1919,0
9/12/1919,1
9/13/1919,2
9/14/1919,2
9/15/1919,1
9/16/1919,2
9/17/1919,2
9/18/1919,2
9/19/1919,2
9/20/1919,2
9/21/1919,1
9/22/1919,1
9/23/1919,1
9/24/1919,1
9/25/1919,1
9/26/1919,0
9/27/1919,0
9/28/1919,1
9/29/1919,2
9/30/1919,2
10/1/1919,39
10/2/1919,39
10/3/1919,29
10/4/1919,29
10/5/1919,20
10/6/1919,14
10/7/1919,14
10/8/1919,9
10/9/1919,9
10/10/1919,9
10/11/1919,6
10/12/1919,6
10/13/1919,6
10/14/1919,6
10/15/1919,6
10/16/1919,6
10/17/1919,6
10/18/1919,6
10/19/1919,6
10/20/1919,6
10/21/1919,6
10/22/1919,6
10/23/1919,6
10/24/1919,6
10/25/1919,6
10/26/1919,6
10/27/1919,6
10/28/1919,9
10/29/1919,9
10/30/1919,9
10/31/1919,9
11/1/1919,9
11/2/1919,9
11/3/1919,9
11/4/1919,9
11/5/1919,9
11/6/1919,12
11/7/1919,14
11/8/1919,14
11/9/1919,14
11/10/1919,14
11/11/1919,17
11/12/1919,17
11/13/1919,14
11/14/1919,14
11/15/1919,14
11/16/1919,14
11/17/1919,14
11/18/1919,14
11/19/1919,14
11/20/1919,14
11/21/1919,14
11/22/1919,14
11/23/1919,14
11/24/1919,14
11/25/1919,14
11/26/1919,12
11/27/1919,9
11/28/1919,13
11/29/1919,14
11/30/1919,14
12/1/1919,22
12/2/1919,19
12/3/1919,635
12/4/1919,272
12/5/1919,169
12/6/1919,120
12/7/1919,84
12/8/1919,64
12/9/1919,64
12/10/1919,64
12/11/1919,125
12/12/1919,560
12/13/1919,250
12/14/1919,140
12/15/1919,120
12/16/1919,98
12/17/1919,80
12/18/1919,80
12/19/1919,80
12/20/1919,77
12/21/1919,77
12/22/1919,80
12/23/1919,80
12/24/1919,80
12/25/1919,80
12/26/1919,80
12/27/1919,72
12/28/1919,64
12/29/1919,64
12/30/1919,64
12/31/1919,64
1/1/1920,64
1/2/1920,64
1/3/1920,63
1/4/1920,63
1/5/1920,63
1/6/1920,64
1/7/1920,51
1/8/1920,39
1/9/1920,39
1/10/1920,51
1/11/1920,58
1/12/1920,64
1/13/1920,51
1/14/1920,51
1/15/1920,51
1/16/1920,51
1/17/1920,51
1/18/1920,51
1/19/1920,58
1/20/1920,64
1/21/1920,64
1/22/1920,67
1/23/1920,169
1/24/1920,175
1/25/1920,120
1/26/1920,98
1/27/1920,98
1/28/1920,98
1/29/1920,98
1/30/1920,89
1/31/1920,80
2/1/1920,80
2/2/1920,80
2/3/1920,98
2/4/1920,98
2/5/1920,80
2/6/1920,80
2/7/1920,80
2/8/1920,80
2/9/1920,72
2/10/1920,64
2/11/1920,64
2/12/1920,64
2/13/1920,64
2/14/1920,64
2/15/1920,58
2/16/1920,58
2/17/1920,51
2/18/1920,51
2/19/1920,51
2/20/1920,80
2/21/1920,64
2/22/1920,72
2/23/1920,98
2/24/1920,80
2/25/1920,80
2/26/1920,80
2/27/1920,80
2/28/1920,80
2/29/1920,109
3/1/1920,2370
3/2/1920,1780
3/3/1920,805
3/4/1920,635
3/5/1920,460
3/6/1920,400
3/7/1920,400
3/8/1920,372
3/9/1920,345
3/10/1920,760
3/11/1920,525
3/12/1920,448
3/13/1920,400
3/14/1920,492
3/15/1920,460
3/16/1920,760
3/17/1920,760
3/18/1920,560
3/19/1920,460
3/20/1920,460
3/21/1920,3210
3/22/1920,2100
3/23/1920,2560
3/24/1920,1160
3/25/1920,1050
3/26/1920,1340
3/27/1920,950
3/28/1920,805
3/29/1920,760
3/30/1920,635
3/31/1920,595
4/1/1920,595
4/2/1920,595
4/3/1920,525
4/4/1920,525
4/5/1920,560
4/6/1920,635
4/7/1920,635
4/8/1920,675
4/9/1920,950
4/10/1920,950
4/11/1920,850
4/12/1920,760
4/13/1920,760
4/14/1920,760
4/15/1920,2020
4/16/1920,2760
4/17/1920,1860
4/18/1920,1480
4/19/1920,1160
4/20/1920,1050
4/21/1920,900
4/22/1920,718
4/23/1920,675
4/24/1920,675
4/25/1920,675
4/26/1920,760
4/27/1920,805
4/28/1920,760
4/29/1920,760
4/30/1920,760
5/1/1920,805
5/2/1920,675
5/3/1920,675
5/4/1920,675
5/5/1920,595
5/6/1920,595
5/7/1920,588
5/8/1920,595
5/9/1920,635
5/10/1920,595
5/11/1920,525
5/12/1920,525
5/13/1920,473
5/14/1920,460
5/15/1920,492
5/16/1920,525
5/17/1920,560
5/18/1920,560
5/19/1920,560
5/20/1920,560
5/21/1920,560
5/22/1920,525
5/23/1920,430
5/24/1920,400
5/25/1920,372
5/26/1920,320
5/27/1920,320
5/28/1920,295
5/29/1920,295
5/30/1920,295
5/31/1920,259
6/1/1920,250
6/2/1920,242
6/3/1920,210
6/4/1920,210
6/5/1920,192
6/6/1920,175
6/7/1920,175
6/8/1920,169
6/9/1920,151
6/10/1920,145
6/11/1920,120
6/12/1920,120
6/13/1920,120
6/14/1920,120
6/15/1920,125
6/16/1920,163
6/17/1920,151
6/18/1920,125
6/19/1920,120
6/20/1920,98
6/21/1920,89
6/22/1920,80
6/23/1920,61
6/24/1920,58
6/25/1920,51
6/26/1920,45
6/27/1920,45
6/28/1920,45
6/29/1920,45
6/30/1920,64
7/1/1920,77
7/2/1920,84
7/3/1920,64
7/4/1920,64
7/5/1920,59
7/6/1920,51
7/7/1920,44
7/8/1920,31
7/9/1920,27
7/10/1920,20
7/11/1920,20
7/12/1920,20
7/13/1920,20
7/14/1920,20
7/15/1920,19
7/16/1920,18
7/17/1920,17
7/18/1920,17
7/19/1920,14
7/20/1920,14
7/21/1920,14
7/22/1920,12
7/23/1920,12
7/24/1920,9
7/25/1920,9
7/26/1920,9
7/27/1920,8
7/28/1920,8
7/29/1920,8
7/30/1920,8
7/31/1920,6
8/1/1920,6
8/2/1920,5
8/3/1920,5
8/4/1920,3
8/5/1920,3
8/6/1920,3
8/7/1920,3
8/8/1920,3
8/9/1920,2
8/10/1920,2
8/11/1920,2
8/12/1920,2
8/13/1920,2
8/14/1920,2
8/15/1920,2
8/16/1920,2
8/17/1920,2
8/18/1920,2
8/19/1920,2
8/20/1920,1
8/21/1920,1
8/22/1920,1
8/23/1920,1
8/24/1920,1
8/25/1920,2
8/26/1920,2
8/27/1920,3
8/28/1920,3
8/29/1920,5
8/30/1920,5
8/31/1920,5
9/1/1920,5
9/2/1920,3
9/3/1920,3
9/4/1920,3
9/5/1920,2
9/6/1920,2
9/7/1920,2
9/8/1920,2
9/9/1920,2
9/10/1920,2
9/11/1920,2
9/12/1920,2
9/13/1920,2
9/14/1920,3
9/15/1920,3
9/16/1920,3
9/17/1920,3
9/18/1920,3
9/19/1920,3
9/20/1920,3
9/21/1920,3
9/22/1920,3
9/23/1920,3
9/24/1920,3
9/25/1920,3
9/26/1920,3
9/27/1920,5
9/28/1920,5
9/29/1920,5
9/30/1920,5
10/1/1920,5
10/2/1920,5
10/3/1920,5
10/4/1920,5
10/5/1920,5
10/6/1920,8
10/7/1920,14
10/8/1920,41
10/9/1920,29
10/10/1920,29
10/11/1920,20
10/12/1920,27
10/13/1920,51
10/14/1920,67
10/15/1920,41
10/16/1920,29
10/17/1920,29
10/18/1920,49
10/19/1920,335
10/20/1920,175
10/21/1920,94
10/22/1920,72
10/23/1920,64
10/24/1920,51
10/25/1920,45
10/26/1920,45
10/27/1920,45
10/28/1920,41
10/29/1920,41
10/30/1920,39
10/31/1920,39
11/1/1920,39
11/2/1920,29
11/3/1920,29
11/4/1920,29
11/5/1920,29
11/6/1920,29
11/7/1920,29
11/8/1920,39
11/9/1920,41
11/10/1920,41
11/11/1920,39
11/12/1920,45
11/13/1920,218
11/14/1920,230
11/15/1920,175
11/16/1920,145
11/17/1920,182
11/18/1920,145
11/19/1920,203
11/20/1920,850
11/21/1920,335
11/22/1920,412
11/23/1920,460
11/24/1920,305
11/25/1920,250
11/26/1920,210
11/27/1920,295
11/28/1920,325
11/29/1920,250
11/30/1920,218
12/1/1920,210
12/2/1920,525
12/3/1920,372
12/4/1920,320
12/5/1920,295
12/6/1920,250
12/7/1920,492
12/8/1920,635
12/9/1920,473
12/10/1920,718
12/11/1920,1780
12/12/1920,1000
12/13/1920,560
12/14/1920,400
12/15/1920,320
12/16/1920,295
12/17/1920,268
12/18/1920,295
12/19/1920,900
12/20/1920,1100
12/21/1920,588
12/22/1920,805
12/23/1920,560
12/24/1920,1050
12/25/1920,1000
12/26/1920,760
12/27/1920,595
12/28/1920,525
12/29/1920,492
12/30/1920,635
12/31/1920,1340
1/1/1921,1000
1/2/1921,850
1/3/1921,760
1/4/1921,675
1/5/1921,718
1/6/1921,1160
1/7/1921,760
1/8/1921,675
1/9/1921,595
1/10/1921,581
1/11/1921,525
1/12/1921,492
1/13/1921,460
1/14/1921,442
1/15/1921,430
1/16/1921,400
1/17/1921,900
1/18/1921,11500
1/19/1921,4470
1/20/1921,4210
1/21/1921,2280
1/22/1921,1620
1/23/1921,1340
1/24/1921,1050
1/25/1921,1000
1/26/1921,950
1/27/1921,1410
1/28/1921,1700
1/29/1921,1410
1/30/1921,3700
1/31/1921,1860
2/1/1921,1340
2/2/1921,1160
2/3/1921,1050
2/4/1921,950
2/5/1921,1620
2/6/1921,1100
2/7/1921,1000
2/8/1921,900
2/9/1921,850
2/10/1921,760
2/11/1921,760
2/12/1921,805
2/13/1921,850
2/14/1921,1550
2/15/1921,1280
2/16/1921,1160
2/17/1921,1050
2/18/1921,1000
2/19/1921,900
2/20/1921,850
2/21/1921,1160
2/22/1921,1410
2/23/1921,1160
2/24/1921,1050
2/25/1921,1050
2/26/1921,1050
2/27/1921,1050
2/28/1921,1100
3/1/1921,1160
3/2/1921,1280
3/3/1921,1480
3/4/1921,1550
3/5/1921,1620
3/6/1921,1620
3/7/1921,1550
3/8/1921,1280
3/9/1921,1280
3/10/1921,1160
3/11/1921,1050
3/12/1921,1050
3/13/1921,2100
3/14/1921,2370
3/15/1921,2020
3/16/1921,1780
3/17/1921,1550
3/18/1921,1480
3/19/1921,1280
3/20/1921,1280
3/21/1921,1280
3/22/1921,1780
3/23/1921,1550
3/24/1921,1280
3/25/1921,1860
3/26/1921,1480
3/27/1921,1280
3/28/1921,1160
3/29/1921,1050
3/30/1921,1050
3/31/1921,1050
4/1/1921,1050
4/2/1921,1050
4/3/1921,1100
4/4/1921,1100
4/5/1921,1000
4/6/1921,950
4/7/1921,850
4/8/1921,805
4/9/1921,805
4/10/1921,760
4/11/1921,805
4/12/1921,805
4/13/1921,850
4/14/1921,850
4/15/1921,760
4/16/1921,760
4/17/1921,675
4/18/1921,675
4/19/1921,675
4/20/1921,635
4/21/1921,718
4/22/1921,718
4/23/1921,675
4/24/1921,760
4/25/1921,805
4/26/1921,760
4/27/1921,635
4/28/1921,675
4/29/1921,718
4/30/1921,805
5/1/1921,850
5/2/1921,850
5/3/1921,760
5/4/1921,760
5/5/1921,675
5/6/1921,675
5/7/1921,675
5/8/1921,635
5/9/1921,635
5/10/1921,595
5/11/1921,595
5/12/1921,635
5/13/1921,675
5/14/1921,675
5/15/1921,675
5/16/1921,675
5/17/1921,595
5/18/1921,525
5/19/1921,525
5/20/1921,525
5/21/1921,850
5/22/1921,595
5/23/1921,525
5/24/1921,525
5/25/1921,525
5/26/1921,525
5/27/1921,525
5/28/1921,525
5/29/1921,525
5/30/1921,512
5/31/1921,460
6/1/1921,430
6/2/1921,400
6/3/1921,400
6/4/1921,400
6/5/1921,400
6/6/1921,400
6/7/1921,400
6/8/1921,400
6/9/1921,400
6/10/1921,400
6/11/1921,400
6/12/1921,384
6/13/1921,345
6/14/1921,295
6/15/1921,295
6/16/1921,295
6/17/1921,286
6/18/1921,286
6/19/1921,250
6/20/1921,230
6/21/1921,210
6/22/1921,210
6/23/1921,175
6/24/1921,175
6/25/1921,160
6/26/1921,145
6/27/1921,132
6/28/1921,132
6/29/1921,120
6/30/1921,120
7/1/1921,98
7/2/1921,98
7/3/1921,84
7/4/1921,80
7/5/1921,78
7/6/1921,74
7/7/1921,64
7/8/1921,51
7/9/1921,51
7/10/1921,58
7/11/1921,54
7/12/1921,39
7/13/1921,39
7/14/1921,39
7/15/1921,31
7/16/1921,29
7/17/1921,29
7/18/1921,29
7/19/1921,29
7/20/1921,29
7/21/1921,24
7/22/1921,24
7/23/1921,20
7/24/1921,20
7/25/1921,19
7/26/1921,14
7/27/1921,14
7/28/1921,13
7/29/1921,12
7/30/1921,12
7/31/1921,12
8/1/1921,12
8/2/1921,10
8/3/1921,9
8/4/1921,9
8/5/1921,6
8/6/1921,6
8/7/1921,6
8/8/1921,6
8/9/1921,14
8/10/1921,8
8/11/1921,6
8/12/1921,3
8/13/1921,3
8/14/1921,3
8/15/1921,3
8/16/1921,3
8/17/1921,3
8/18/1921,3
8/19/1921,3
8/20/1921,2
8/21/1921,2
8/22/1921,2
8/23/1921,2
8/24/1921,2
8/25/1921,2
8/26/1921,2
8/27/1921,2
8/28/1921,2
8/29/1921,2
8/30/1921,2
8/31/1921,2
9/1/1921,2
9/2/1921,2
9/3/1921,2
9/4/1921,2
9/5/1921,3
9/6/1921,3
9/7/1921,3
9/8/1921,3
9/9/1921,3
9/10/1921,3
9/11/1921,3
9/12/1921,3
9/13/1921,3
9/14/1921,3
9/15/1921,3
9/16/1921,3
9/17/1921,3
9/18/1921,3
9/19/1921,3
9/20/1921,5
9/21/1921,5
9/22/1921,6
9/23/1921,6
9/24/1921,6
9/25/1921,6
9/26/1921,5
9/27/1921,3
9/28/1921,3
9/29/1921,3
9/30/1921,3
10/1/1921,6
10/2/1921,6
10/3/1921,5
10/4/1921,5
10/5/1921,5
10/6/1921,5
10/7/1921,5
10/8/1921,5
10/9/1921,5
10/10/1921,4
10/11/1921,4
10/12/1921,5
10/13/1921,5
10/14/1921,5
10/15/1921,5
10/16/1921,5
10/17/1921,6
10/18/1921,6
10/19/1921,6
10/20/1921,6
10/21/1921,6
10/22/1921,6
10/23/1921,6
10/24/1921,6
10/25/1921,6
10/26/1921,9
10/27/1921,14
10/28/1921,14
10/29/1921,21
10/30/1921,20
10/31/1921,17
11/1/1921,14
11/2/1921,14
11/3/1921,13
11/4/1921,9
11/5/1921,9
11/6/1921,9
11/7/1921,9
11/8/1921,9
11/9/1921,12
11/10/1921,12
11/11/1921,12
11/12/1921,12
11/13/1921,13
11/14/1921,13
11/15/1921,13
11/16/1921,14
11/17/1921,14
11/18/1921,14
11/19/1921,14
11/20/1921,14
11/21/1921,14
11/22/1921,15
11/23/1921,28
11/24/1921,58
11/25/1921,39
11/26/1921,29
11/27/1921,34
11/28/1921,39
11/29/1921,39
11/30/1921,39
12/1/1921,41
12/2/1921,89
12/3/1921,64
12/4/1921,61
12/5/1921,39
12/6/1921,39
12/7/1921,31
12/8/1921,29
12/9/1921,29
12/10/1921,29
12/11/1921,29
12/12/1921,29
12/13/1921,29
12/14/1921,29
12/15/1921,29
12/16/1921,29
12/17/1921,29
12/18/1921,31
12/19/1921,61
12/20/1921,98
12/21/1921,430
12/22/1921,430
12/23/1921,560
12/24/1921,430
12/25/1921,430
12/26/1921,595
12/27/1921,1520
12/28/1921,581
12/29/1921,345
12/30/1921,345
12/31/1921,460
1/1/1922,1260
1/2/1922,1600
1/3/1922,675
1/4/1922,412
1/5/1922,305
1/6/1922,430
1/7/1922,372
1/8/1922,250
1/9/1922,246
1/10/1922,210
1/11/1922,172
1/12/1922,160
1/13/1922,145
1/14/1922,132
1/15/1922,135
1/16/1922,120
1/17/1922,175
1/18/1922,210
1/19/1922,145
1/20/1922,89
1/21/1922,98
1/22/1922,109
1/23/1922,109
1/24/1922,109
1/25/1922,118
1/26/1922,118
1/27/1922,120
1/28/1922,145
1/29/1922,120
1/30/1922,250
1/31/1922,345
2/1/1922,295
2/2/1922,286
2/3/1922,210
2/4/1922,210
2/5/1922,210
2/6/1922,210
2/7/1922,203
2/8/1922,430
2/9/1922,7970
2/10/1922,5790
2/11/1922,3370
2/12/1922,1520
2/13/1922,760
2/14/1922,635
2/15/1922,525
2/16/1922,595
2/17/1922,718
2/18/1922,3370
2/19/1922,3850
2/20/1922,7970
2/21/1922,3370
2/22/1922,1770
2/23/1922,1330
2/24/1922,1140
2/25/1922,1070
2/26/1922,1770
2/27/1922,1860
2/28/1922,1260
3/1/1922,950
3/2/1922,850
3/3/1922,760
3/4/1922,760
3/5/1922,805
3/6/1922,675
3/7/1922,675
3/8/1922,595
3/9/1922,560
3/10/1922,560
3/11/1922,850
3/12/1922,718
3/13/1922,718
3/14/1922,675
3/15/1922,760
3/16/1922,2220
3/17/1922,1600
3/18/1922,1200
3/19/1922,1070
3/20/1922,950
3/21/1922,950
3/22/1922,950
3/23/1922,950
3/24/1922,1200
3/25/1922,1200
3/26/1922,1400
3/27/1922,1260
3/28/1922,2040
3/29/1922,2220
3/30/1922,2130
3/31/1922,2920
4/1/1922,2920
4/2/1922,2130
4/3/1922,1860
4/4/1922,1770
4/5/1922,1770
4/6/1922,1520
4/7/1922,1330
4/8/1922,1330
4/9/1922,1200
4/10/1922,1140
4/11/1922,1070
4/12/1922,1140
4/13/1922,1200
4/14/1922,1200
4/15/1922,1070
4/16/1922,850
4/17/1922,760
4/18/1922,675
4/19/1922,675
4/20/1922,805
4/21/1922,950
4/22/1922,1140
4/23/1922,1400
4/24/1922,1680
4/25/1922,1770
4/26/1922,1860
4/27/1922,1770
4/28/1922,1770
4/29/1922,1770
4/30/1922,1770
5/1/1922,1770
5/2/1922,1770
5/3/1922,1770
5/4/1922,1860
5/5/1922,2040
5/6/1922,2220
5/7/1922,1950
5/8/1922,1950
5/9/1922,1770
5/10/1922,1450
5/11/1922,1140
5/12/1922,1070
5/13/1922,1140
5/14/1922,1330
5/15/1922,1600
5/16/1922,1770
5/17/1922,1860
5/18/1922,1770
5/19/1922,1680
5/20/1922,2220
5/21/1922,2040
5/22/1922,1680
5/23/1922,1600
5/24/1922,1520
5/25/1922,1450
5/26/1922,1330
5/27/1922,1070
5/28/1922,1070
5/29/1922,1070
5/30/1922,1070
5/31/1922,1070
6/1/1922,1070
6/2/1922,1070
6/3/1922,1070
6/4/1922,1070
6/5/1922,1010
6/6/1922,850
6/7/1922,760
6/8/1922,675
6/9/1922,675
6/10/1922,595
6/11/1922,581
6/12/1922,525
6/13/1922,512
6/14/1922,525
6/15/1922,473
6/16/1922,492
6/17/1922,460
6/18/1922,448
6/19/1922,492
6/20/1922,430
6/21/1922,356
6/22/1922,345
6/23/1922,320
6/24/1922,295
6/25/1922,259
6/26/1922,250
6/27/1922,250
6/28/1922,218
6/29/1922,210
6/30/1922,192
7/1/1922,175
7/2/1922,157
7/3/1922,145
7/4/1922,145
7/5/1922,120
7/6/1922,113
7/7/1922,98
7/8/1922,96
7/9/1922,80
7/10/1922,80
7/11/1922,80
7/12/1922,64
7/13/1922,64
7/14/1922,58
7/15/1922,58
7/16/1922,51
7/17/1922,49
7/18/1922,46
7/19/1922,45
7/20/1922,45
7/21/1922,45
7/22/1922,39
7/23/1922,39
7/24/1922,37
7/25/1922,33
7/26/1922,31
7/27/1922,29
7/28/1922,29
7/29/1922,29
7/30/1922,27
7/31/1922,24
8/1/1922,22
8/2/1922,22
8/3/1922,22
8/4/1922,21
8/5/1922,20
8/6/1922,14
8/7/1922,14
8/8/1922,14
8/9/1922,14
8/10/1922,14
8/11/1922,14
8/12/1922,14
8/13/1922,12
8/14/1922,12
8/15/1922,12
8/16/1922,9
8/17/1922,9
8/18/1922,9
8/19/1922,9
8/20/1922,9
8/21/1922,12
8/22/1922,9
8/23/1922,9
8/24/1922,9
8/25/1922,9
8/26/1922,9
8/27/1922,9
8/28/1922,8
8/29/1922,8
8/30/1922,6
8/31/1922,6
9/1/1922,6
9/2/1922,6
9/3/1922,6
9/4/1922,6
9/5/1922,5
9/6/1922,5
9/7/1922,5
9/8/1922,5
9/9/1922,5
9/10/1922,5
9/11/1922,5
9/12/1922,5
9/13/1922,3
9/14/1922,3
9/15/1922,3
9/16/1922,3
9/17/1922,3
9/18/1922,3
9/19/1922,3
9/20/1922,3
9/21/1922,3
9/22/1922,3
9/23/1922,3
9/24/1922,3
9/25/1922,3
9/26/1922,3
9/27/1922,3
9/28/1922,3
9/29/1922,3
9/30/1922,3
10/1/1922,4
10/2/1922,4
10/3/1922,6
10/4/1922,8
10/5/1922,16
10/6/1922,29
10/7/1922,21
10/8/1922,16
10/9/1922,16
10/10/1922,16
10/11/1922,16
10/12/1922,16
10/13/1922,16
10/14/1922,17
10/15/1922,19
10/16/1922,21
10/17/1922,19
10/18/1922,17
10/19/1922,16
10/20/1922,16
10/21/1922,16
10/22/1922,16
10/23/1922,16
10/24/1922,16
10/25/1922,16
10/26/1922,16
10/27/1922,17
10/28/1922,36
10/29/1922,42
10/30/1922,42
10/31/1922,29
11/1/1922,26
11/2/1922,26
11/3/1922,26
11/4/1922,26
11/5/1922,26
11/6/1922,29
11/7/1922,248
11/8/1922,560
11/9/1922,1820
11/10/1922,1120
11/11/1922,400
11/12/1922,248
11/13/1922,142
11/14/1922,128
11/15/1922,105
11/16/1922,105
11/17/1922,103
11/18/1922,85
11/19/1922,85
11/20/1922,85
11/21/1922,68
11/22/1922,68
11/23/1922,68
11/24/1922,68
11/25/1922,65
11/26/1922,61
11/27/1922,61
11/28/1922,61
11/29/1922,61
11/30/1922,61
12/1/1922,61
12/2/1922,61
12/3/1922,61
12/4/1922,61
12/5/1922,68
12/6/1922,1010
12/7/1922,1300
12/8/1922,1180
12/9/1922,560
12/10/1922,3160
12/11/1922,2350
12/12/1922,3380
12/13/1922,9570
12/14/1922,5490
12/15/1922,2540
12/16/1922,1580
12/17/1922,1440
12/18/1922,1060
12/19/1922,910
12/20/1922,765
12/21/1922,640
12/22/1922,560
12/23/1922,560
12/24/1922,560
12/25/1922,600
12/26/1922,560
12/27/1922,490
12/28/1922,6700
12/29/1922,1990
12/30/1922,1510
12/31/1922,1740
1/1/1923,1510
1/2/1923,1120
1/3/1923,1010
1/4/1923,1010
1/5/1923,910
1/6/1923,765
1/7/1923,720
1/8/1923,640
1/9/1923,640
1/10/1923,560
1/11/1923,560
1/12/1923,490
1/13/1923,490
1/14/1923,460
1/15/1923,430
1/16/1923,430
1/17/1923,1740
1/18/1923,1060
1/19/1923,765
1/20/1923,640
1/21/1923,640
1/22/1923,1010
1/23/1923,3850
1/24/1923,5490
1/25/1923,2640
1/26/1923,1820
1/27/1923,1370
1/28/1923,1660
1/29/1923,1660
1/30/1923,1300
1/31/1923,1060
2/1/1923,960
2/2/1923,910
2/3/1923,765
2/4/1923,765
2/5/1923,720
2/6/1923,720
2/7/1923,640
2/8/1923,640
2/9/1923,600
2/10/1923,560
2/11/1923,680
2/12/1923,1300
2/13/1923,1010
2/14/1923,810
2/15/1923,765
2/16/1923,720
2/17/1923,720
2/18/1923,720
2/19/1923,765
2/20/1923,810
2/21/1923,910
2/22/1923,910
2/23/1923,910
2/24/1923,910
2/25/1923,910
2/26/1923,910
2/27/1923,910
2/28/1923,810
3/1/1923,810
3/2/1923,810
3/3/1923,960
3/4/1923,910
3/5/1923,810
3/6/1923,720
3/7/1923,680
3/8/1923,640
3/9/1923,640
3/10/1923,640
3/11/1923,640
3/12/1923,560
3/13/1923,560
3/14/1923,560
3/15/1923,560
3/16/1923,525
3/17/1923,560
3/18/1923,560
3/19/1923,560
3/20/1923,560
3/21/1923,640
3/22/1923,640
3/23/1923,600
3/24/1923,600
3/25/1923,600
3/26/1923,600
3/27/1923,600
3/28/1923,600
3/29/1923,600
3/30/1923,600
3/31/1923,600
4/1/1923,640
4/2/1923,860
4/3/1923,1060
4/4/1923,810
4/5/1923,1060
4/6/1923,5490
4/7/1923,3850
4/8/1923,2740
4/9/1923,2080
4/10/1923,3160
4/11/1923,2640
4/12/1923,2260
4/13/1923,2080
4/14/1923,1820
4/15/1923,1660
4/16/1923,1510
4/17/1923,1660
4/18/1923,1900
4/19/1923,1510
4/20/1923,1370
4/21/1923,1240
4/22/1923,1180
4/23/1923,1010
4/24/1923,1010
4/25/1923,910
4/26/1923,910
4/27/1923,810
4/28/1923,810
4/29/1923,810
4/30/1923,810
5/1/1923,810
5/2/1923,810
5/3/1923,765
5/4/1923,810
5/5/1923,810
5/6/1923,860
5/7/1923,860
5/8/1923,860
5/9/1923,810
5/10/1923,765
5/11/1923,765
5/12/1923,720
5/13/1923,720
5/14/1923,680
5/15/1923,680
5/16/1923,680
5/17/1923,680
5/18/1923,680
5/19/1923,640
5/20/1923,600
5/21/1923,600
5/22/1923,560
5/23/1923,525
5/24/1923,490
5/25/1923,490
5/26/1923,490
5/27/1923,490
5/28/1923,430
5/29/1923,430
5/30/1923,490
5/31/1923,430
6/1/1923,400
6/2/1923,370
6/3/1923,370
6/4/1923,320
6/5/1923,320
6/6/1923,320
6/7/1923,320
6/8/1923,320
6/9/1923,320
6/10/1923,320
6/11/1923,320
6/12/1923,320
6/13/1923,280
6/14/1923,270
6/15/1923,243
6/16/1923,270
6/17/1923,270
6/18/1923,243
6/19/1923,225
6/20/1923,225
6/21/1923,218
6/22/1923,206
6/23/1923,225
6/24/1923,203
6/25/1923,188
6/26/1923,188
6/27/1923,155
6/28/1923,155
6/29/1923,155
6/30/1923,155
7/1/1923,128
7/2/1923,128
7/3/1923,110
7/4/1923,105
7/5/1923,105
7/6/1923,105
7/7/1923,105
7/8/1923,85
7/9/1923,85
7/10/1923,85
7/11/1923,76
7/12/1923,68
7/13/1923,68
7/14/1923,65
7/15/1923,54
7/16/1923,54
7/17/1923,54
7/18/1923,54
7/19/1923,54
7/20/1923,52
7/21/1923,44
7/22/1923,42
7/23/1923,40
7/24/1923,36
7/25/1923,31
7/26/1923,31
7/27/1923,31
7/28/1923,26
7/29/1923,26
7/30/1923,22
7/31/1923,22
8/1/1923,22
8/2/1923,19
8/3/1923,16
8/4/1923,16
8/5/1923,16
8/6/1923,16
8/7/1923,16
8/8/1923,16
8/9/1923,16
8/10/1923,14
8/11/1923,13
8/12/1923,13
8/13/1923,13
8/14/1923,14
8/15/1923,16
8/16/1923,14
8/17/1923,10
8/18/1923,10
8/19/1923,10
8/20/1923,8
8/21/1923,8
8/22/1923,8
8/23/1923,8
8/24/1923,8
8/25/1923,6
8/26/1923,6
8/27/1923,10
8/28/1923,6
8/29/1923,6
8/30/1923,6
8/31/1923,5
9/1/1923,5
9/2/1923,5
9/3/1923,4
9/4/1923,4
9/5/1923,4
9/6/1923,4
9/7/1923,4
9/8/1923,4
9/9/1923,4
9/10/1923,4
9/11/1923,4
9/12/1923,4
9/13/1923,4
9/14/1923,4
9/15/1923,4
9/16/1923,4
9/17/1923,3
9/18/1923,3
9/19/1923,3
9/20/1923,3
9/21/1923,4
9/22/1923,4
9/23/1923,8
9/24/1923,61
9/25/1923,40
9/26/1923,36
9/27/1923,68
9/28/1923,54
9/29/1923,31
9/30/1923,31
10/1/1923,31
10/2/1923,26
10/3/1923,22
10/4/1923,22
10/5/1923,24
10/6/1923,42
10/7/1923,52
10/8/1923,85
10/9/1923,68
10/10/1923,52
10/11/1923,42
10/12/1923,42
10/13/1923,42
10/14/1923,36
10/15/1923,31
10/16/1923,31
10/17/1923,31
10/18/1923,31
10/19/1923,31
10/20/1923,31
10/21/1923,31
10/22/1923,31
10/23/1923,31
10/24/1923,31
10/25/1923,31
10/26/1923,31
10/27/1923,31
10/28/1923,31
10/29/1923,31
10/30/1923,31
10/31/1923,31
11/1/1923,31
11/2/1923,33
11/3/1923,33
11/4/1923,31
11/5/1923,31
11/6/1923,31
11/7/1923,31
11/8/1923,31
11/9/1923,36
11/10/1923,42
11/11/1923,42
11/12/1923,42
11/13/1923,42
11/14/1923,40
11/15/1923,36
11/16/1923,38
11/17/1923,31
11/18/1923,31
11/19/1923,31
11/20/1923,31
11/21/1923,31
11/22/1923,31
11/23/1923,31
11/24/1923,31
11/25/1923,31
11/26/1923,31
11/27/1923,31
11/28/1923,31
11/29/1923,31
11/30/1923,40
12/1/1923,33
12/2/1923,52
12/3/1923,42
12/4/1923,40
12/5/1923,31
12/6/1923,33
12/7/1923,48
12/8/1923,76
12/9/1923,61
12/10/1923,54
12/11/1923,40
12/12/1923,42
12/13/1923,44
12/14/1923,54
12/15/1923,95
12/16/1923,68
12/17/1923,54
12/18/1923,54
12/19/1923,57
12/20/1923,48
12/21/1923,42
12/22/1923,42
12/23/1923,42
12/24/1923,42
12/25/1923,48
12/26/1923,61
12/27/1923,82
12/28/1923,68
12/29/1923,48
12/30/1923,68
12/31/1923,71
1/1/1924,68
1/2/1924,57
1/3/1924,42
1/4/1924,128
1/5/1924,101
1/6/1924,85
1/7/1924,68
1/8/1924,68
1/9/1924,85
1/10/1924,76
1/11/1924,68
1/12/1924,54
1/13/1924,54
1/14/1924,54
1/15/1924,54
1/16/1924,54
1/17/1924,54
1/18/1924,48
1/19/1924,42
1/20/1924,42
1/21/1924,52
1/22/1924,54
1/23/1924,48
1/24/1924,54
1/25/1924,44
1/26/1924,61
1/27/1924,128
1/28/1924,248
1/29/1924,188
1/30/1924,155
1/31/1924,123
2/1/1924,105
2/2/1924,105
2/3/1924,128
2/4/1924,105
2/5/1924,95
2/6/1924,89
2/7/1924,345
2/8/1924,910
2/9/1924,600
2/10/1924,400
2/11/1924,320
2/12/1924,248
2/13/1924,225
2/14/1924,188
2/15/1924,172
2/16/1924,155
2/17/1924,139
2/18/1924,128
2/19/1924,128
2/20/1924,128
2/21/1924,128
2/22/1924,123
2/23/1924,105
2/24/1924,105
2/25/1924,103
2/26/1924,95
2/27/1924,85
2/28/1924,85
2/29/1924,83
3/1/1924,85
3/2/1924,85
3/3/1924,85
3/4/1924,85
3/5/1924,85
3/6/1924,85
3/7/1924,82
3/8/1924,75
3/9/1924,68
3/10/1924,68
3/11/1924,68
3/12/1924,68
3/13/1924,71
3/14/1924,67
3/15/1924,65
3/16/1924,61
3/17/1924,55
3/18/1924,54
3/19/1924,54
3/20/1924,54
3/21/1924,54
3/22/1924,68
3/23/1924,71
3/24/1924,85
3/25/1924,101
3/26/1924,142
3/27/1924,155
3/28/1924,133
3/29/1924,128
3/30/1924,128
3/31/1924,116
4/1/1924,116
4/2/1924,110
4/3/1924,105
4/4/1924,162
4/5/1924,168
4/6/1924,131
4/7/1924,128
4/8/1924,172
4/9/1924,188
4/10/1924,188
4/11/1924,188
4/12/1924,188
4/13/1924,181
4/14/1924,172
4/15/1924,168
4/16/1924,155
4/17/1924,128
4/18/1924,128
4/19/1924,128
4/20/1924,128
4/21/1924,128
4/22/1924,128
4/23/1924,128
4/24/1924,142
4/25/1924,133
4/26/1924,123
4/27/1924,105
4/28/1924,105
4/29/1924,103
4/30/1924,103
5/1/1924,95
5/2/1924,95
5/3/1924,89
5/4/1924,95
5/5/1924,85
5/6/1924,85
5/7/1924,76
5/8/1924,68
5/9/1924,68
5/10/1924,68
5/11/1924,61
5/12/1924,61
5/13/1924,65
5/14/1924,54
5/15/1924,54
5/16/1924,52
5/17/1924,42
5/18/1924,42
5/19/1924,33
5/20/1924,31
5/21/1924,30
5/22/1924,26
5/23/1924,22
5/24/1924,22
5/25/1924,19
5/26/1924,20
5/27/1924,17
5/28/1924,16
5/29/1924,14
5/30/1924,12
5/31/1924,12
6/1/1924,8
6/2/1924,8
6/3/1924,8
6/4/1924,7
6/5/1924,6
6/6/1924,6
6/7/1924,6
6/8/1924,5
6/9/1924,6
6/10/1924,6
6/11/1924,6
6/12/1924,6
6/13/1924,6
6/14/1924,6
6/15/1924,6
6/16/1924,6
6/17/1924,5
6/18/1924,4
6/19/1924,4
6/20/1924,3
6/21/1924,3
6/22/1924,3
6/23/1924,3
6/24/1924,2
6/25/1924,2
6/26/1924,2
6/27/1924,2
6/28/1924,2
6/29/1924,2
6/30/1924,1
7/1/1924,1
7/2/1924,1
7/3/1924,0
7/4/1924,0
7/5/1924,0
7/6/1924,0
7/7/1924,0
7/8/1924,0
7/9/1924,0
7/10/1924,0
7/11/1924,0
7/12/1924,0
7/13/1924,0
7/14/1924,0
7/15/1924,0
7/16/1924,0
7/17/1924,0
7/18/1924,0
7/19/1924,0
7/20/1924,0
7/21/1924,0
7/22/1924,0
7/23/1924,0
7/24/1924,0
7/25/1924,0
7/26/1924,0
7/27/1924,0
7/28/1924,0
7/29/1924,0
7/30/1924,0
7/31/1924,0
8/1/1924,0
8/2/1924,0
8/3/1924,0
8/4/1924,0
8/5/1924,0
8/6/1924,0
8/7/1924,0
8/8/1924,0
8/9/1924,0
8/10/1924,0
8/11/1924,0
8/12/1924,0
8/13/1924,0
8/14/1924,0
8/15/1924,0
8/16/1924,0
8/17/1924,0
8/18/1924,0
8/19/1924,0
8/20/1924,0
8/21/1924,0
8/22/1924,0
8/23/1924,0
8/24/1924,0
8/25/1924,0
8/26/1924,0
8/27/1924,0
8/28/1924,0
8/29/1924,0
8/30/1924,0
8/31/1924,0
9/1/1924,0
9/2/1924,0
9/3/1924,0
9/4/1924,0
9/5/1924,0
9/6/1924,0
9/7/1924,0
9/8/1924,0
9/9/1924,0
9/10/1924,0
9/11/1924,0
9/12/1924,0
9/13/1924,0
9/14/1924,0
9/15/1924,0
9/16/1924,0
9/17/1924,0
9/18/1924,0
9/19/1924,0
9/20/1924,0
9/21/1924,0
9/22/1924,0
9/23/1924,0
9/24/1924,0
9/25/1924,0
9/26/1924,0
9/27/1924,0
9/28/1924,0
9/29/1924,0
9/30/1924,0
10/1/1924,0
10/2/1924,0
10/3/1924,0
10/4/1924,0
10/5/1924,0
10/6/1924,0
10/7/1924,0
10/8/1924,0
10/9/1924,0
10/10/1924,0
10/11/1924,0
10/12/1924,0
10/13/1924,0
10/14/1924,0
10/15/1924,8
10/16/1924,8
10/17/1924,8
10/18/1924,12
10/19/1924,14
10/20/1924,12
10/21/1924,10
10/22/1924,8
10/23/1924,8
10/24/1924,8
10/25/1924,8
10/26/1924,8
10/27/1924,8
10/28/1924,10
10/29/1924,61
10/30/1924,172
10/31/1924,76
11/1/1924,48
11/2/1924,42
11/3/1924,33
11/4/1924,33
11/5/1924,42
11/6/1924,36
11/7/1924,42
11/8/1924,31
11/9/1924,370
11/10/1924,720
11/11/1924,270
11/12/1924,142
11/13/1924,105
11/14/1924,76
11/15/1924,68
11/16/1924,65
11/17/1924,54
11/18/1924,52
11/19/1924,48
11/20/1924,43
11/21/1924,42
11/22/1924,42
11/23/1924,41
11/24/1924,36
11/25/1924,31
11/26/1924,31
11/27/1924,31
11/28/1924,31
11/29/1924,31
11/30/1924,31
12/1/1924,31
12/2/1924,31
12/3/1924,36
12/4/1924,42
12/5/1924,42
12/6/1924,95
12/7/1924,110
12/8/1924,270
12/9/1924,370
12/10/1924,206
12/11/1924,142
12/12/1924,105
12/13/1924,95
12/14/1924,85
12/15/1924,85
12/16/1924,85
12/17/1924,105
12/18/1924,85
12/19/1924,65
12/20/1924,47
12/21/1924,345
12/22/1924,1240
12/23/1924,640
12/24/1924,360
12/25/1924,225
12/26/1924,155
12/27/1924,162
12/28/1924,270
12/29/1924,270
12/30/1924,910
12/31/1924,910
1/1/1925,600
1/2/1925,442
1/3/1925,370
1/4/1925,320
1/5/1925,270
1/6/1925,261
1/7/1925,225
1/8/1925,195
1/9/1925,188
1/10/1925,155
1/11/1925,155
1/12/1925,155
1/13/1925,128
1/14/1925,172
1/15/1925,188
1/16/1925,128
1/17/1925,128
1/18/1925,150
1/19/1925,142
1/20/1925,128
1/21/1925,128
1/22/1925,126
1/23/1925,128
1/24/1925,128
1/25/1925,248
1/26/1925,345
1/27/1925,320
1/28/1925,270
1/29/1925,270
1/30/1925,270
1/31/1925,256
2/1/1925,248
2/2/1925,225
2/3/1925,225
2/4/1925,765
2/5/1925,4630
2/6/1925,15200
2/7/1925,4360
2/8/1925,3380
2/9/1925,2540
2/10/1925,1660
2/11/1925,1510
2/12/1925,3160
2/13/1925,5790
2/14/1925,2950
2/15/1925,1900
2/16/1925,1370
2/17/1925,1120
2/18/1925,1010
2/19/1925,1010
2/20/1925,1240
2/21/1925,1990
2/22/1925,1440
2/23/1925,3850
2/24/1925,1990
2/25/1925,1440
2/26/1925,1180
2/27/1925,1010
2/28/1925,1010
3/1/1925,960
3/2/1925,910
3/3/1925,810
3/4/1925,810
3/5/1925,810
3/6/1925,810
3/7/1925,810
3/8/1925,720
3/9/1925,720
3/10/1925,720
3/11/1925,640
3/12/1925,640
3/13/1925,560
3/14/1925,490
3/15/1925,490
3/16/1925,560
3/17/1925,560
3/18/1925,490
3/19/1925,490
3/20/1925,560
3/21/1925,560
3/22/1925,560
3/23/1925,640
3/24/1925,720
3/25/1925,640
3/26/1925,640
3/27/1925,640
3/28/1925,720
3/29/1925,1060
3/30/1925,1180
3/31/1925,1510
4/1/1925,1120
4/2/1925,860
4/3/1925,860
4/4/1925,1660
4/5/1925,1580
4/6/1925,1180
4/7/1925,1120
4/8/1925,960
4/9/1925,1060
4/10/1925,1120
4/11/1925,3380
4/12/1925,2640
4/13/1925,2080
4/14/1925,1820
4/15/1925,1660
4/16/1925,2170
4/17/1925,2080
4/18/1925,1660
4/19/1925,2080
4/20/1925,2540
4/21/1925,2350
4/22/1925,1990
4/23/1925,1990
4/24/1925,1740
4/25/1925,1510
4/26/1925,1510
4/27/1925,1510
4/28/1925,1370
4/29/1925,1370
4/30/1925,1240
5/1/1925,1240
5/2/1925,1120
5/3/1925,1120
5/4/1925,1120
5/5/1925,1060
5/6/1925,1010
5/7/1925,910
5/8/1925,860
5/9/1925,765
5/10/1925,720
5/11/1925,720
5/12/1925,680
5/13/1925,960
5/14/1925,810
5/15/1925,810
5/16/1925,810
5/17/1925,810
5/18/1925,720
5/19/1925,720
5/20/1925,810
5/21/1925,720
5/22/1925,680
5/23/1925,640
5/24/1925,600
5/25/1925,600
5/26/1925,560
5/27/1925,546
5/28/1925,518
5/29/1925,478
5/30/1925,430
5/31/1925,430
6/1/1925,430
6/2/1925,430
6/3/1925,418
6/4/1925,430
6/5/1925,424
6/6/1925,430
6/7/1925,418
6/8/1925,370
6/9/1925,320
6/10/1925,320
6/11/1925,310
6/12/1925,275
6/13/1925,270
6/14/1925,248
6/15/1925,225
6/16/1925,225
6/17/1925,218
6/18/1925,206
6/19/1925,188
6/20/1925,178
6/21/1925,158
6/22/1925,155
6/23/1925,139
6/24/1925,128
6/25/1925,119
6/26/1925,105
6/27/1925,105
6/28/1925,95
6/29/1925,85
6/30/1925,82
7/1/1925,76
7/2/1925,68
7/3/1925,68
7/4/1925,75
7/5/1925,78
7/6/1925,85
7/7/1925,71
7/8/1925,57
7/9/1925,54
7/10/1925,50
7/11/1925,43
7/12/1925,42
7/13/1925,42
7/14/1925,40
7/15/1925,36
7/16/1925,33
7/17/1925,31
7/18/1925,31
7/19/1925,28
7/20/1925,23
7/21/1925,22
7/22/1925,22
7/23/1925,22
7/24/1925,22
7/25/1925,21
7/26/1925,21
7/27/1925,18
7/28/1925,16
7/29/1925,16
7/30/1925,16
7/31/1925,16
8/1/1925,14
8/2/1925,13
8/3/1925,12
8/4/1925,12
8/5/1925,12
8/6/1925,12
8/7/1925,12
8/8/1925,11
8/9/1925,11
8/10/1925,11
8/11/1925,11
8/12/1925,12
8/13/1925,12
8/14/1925,12
8/15/1925,12
8/16/1925,10
8/17/1925,8
8/18/1925,8
8/19/1925,8
8/20/1925,8
8/21/1925,8
8/22/1925,8
8/23/1925,8
8/24/1925,8
8/25/1925,8
8/26/1925,8
8/27/1925,8
8/28/1925,8
8/29/1925,6
8/30/1925,6
8/31/1925,6
9/1/1925,6
9/2/1925,6
9/3/1925,7
9/4/1925,8
9/5/1925,8
9/6/1925,7
9/7/1925,8
9/8/1925,11
9/9/1925,14
9/10/1925,16
9/11/1925,12
9/12/1925,12
9/13/1925,10
9/14/1925,8
9/15/1925,8
9/16/1925,11
9/17/1925,10
9/18/1925,10
9/19/1925,9
9/20/1925,9
9/21/1925,10
9/22/1925,12
9/23/1925,12
9/24/1925,12
9/25/1925,11
9/26/1925,10
9/27/1925,9
9/28/1925,8
9/29/1925,8
9/30/1925,10
10/1/1925,10
10/2/1925,11
10/3/1925,11
10/4/1925,11
10/5/1925,12
10/6/1925,14
10/7/1925,36
10/8/1925,44
10/9/1925,31
10/10/1925,27
10/11/1925,26
10/12/1925,31
10/13/1925,31
10/14/1925,31
10/15/1925,31
10/16/1925,26
10/17/1925,22
10/18/1925,22
10/19/1925,22
10/20/1925,22
10/21/1925,22
10/22/1925,22
10/23/1925,22
10/24/1925,22
10/25/1925,22
10/26/1925,22
10/27/1925,19
10/28/1925,18
10/29/1925,19
10/30/1925,19
10/31/1925,19
11/1/1925,19
11/2/1925,21
11/3/1925,22
11/4/1925,26
11/5/1925,38
11/6/1925,31
11/7/1925,27
11/8/1925,26
11/9/1925,22
11/10/1925,24
11/11/1925,31
11/12/1925,36
11/13/1925,54
11/14/1925,95
11/15/1925,61
11/16/1925,44
11/17/1925,42
11/18/1925,42
11/19/1925,42
11/20/1925,31
11/21/1925,31
11/22/1925,31
11/23/1925,31
11/24/1925,31
11/25/1925,31
11/26/1925,31
11/27/1925,31
11/28/1925,31
11/29/1925,31
11/30/1925,31
12/1/1925,48
12/2/1925,150
12/3/1925,172
12/4/1925,110
12/5/1925,93
12/6/1925,64
12/7/1925,54
12/8/1925,54
12/9/1925,44
12/10/1925,42
12/11/1925,42
12/12/1925,42
12/13/1925,42
12/14/1925,42
12/15/1925,42
12/16/1925,31
12/17/1925,36
12/18/1925,54
12/19/1925,116
12/20/1925,116
12/21/1925,85
12/22/1925,68
12/23/1925,54
12/24/1925,54
12/25/1925,54
12/26/1925,52
12/27/1925,48
12/28/1925,48
12/29/1925,48
12/30/1925,44
12/31/1925,42
1/1/1926,42
1/2/1926,42
1/3/1926,42
1/4/1926,42
1/5/1926,42
1/6/1926,42
1/7/1926,42
1/8/1926,42
1/9/1926,42
1/10/1926,42
1/11/1926,42
1/12/1926,42
1/13/1926,38
1/14/1926,36
1/15/1926,36
1/16/1926,41
1/17/1926,42
1/18/1926,48
1/19/1926,48
1/20/1926,42
1/21/1926,33
1/22/1926,41
1/23/1926,42
1/24/1926,42
1/25/1926,42
1/26/1926,42
1/27/1926,40
1/28/1926,42
1/29/1926,188
1/30/1926,430
1/31/1926,320
2/1/1926,720
2/2/1926,1010
2/3/1926,1120
2/4/1926,910
2/5/1926,1010
2/6/1926,576
2/7/1926,418
2/8/1926,330
2/9/1926,290
2/10/1926,345
2/11/1926,490
2/12/1926,2950
2/13/1926,1820
2/14/1926,2740
2/15/1926,1010
2/16/1926,1510
2/17/1926,1240
2/18/1926,624
2/19/1926,525
2/20/1926,2170
2/21/1926,1010
2/22/1926,640
2/23/1926,560
2/24/1926,478
2/25/1926,430
2/26/1926,382
2/27/1926,370
2/28/1926,370
3/1/1926,376
3/2/1926,400
3/3/1926,400
3/4/1926,400
3/5/1926,406
3/6/1926,430
3/7/1926,430
3/8/1926,466
3/9/1926,490
3/10/1926,460
3/11/1926,430
3/12/1926,382
3/13/1926,370
3/14/1926,370
3/15/1926,382
3/16/1926,400
3/17/1926,394
3/18/1926,376
3/19/1926,370
3/20/1926,360
3/21/1926,330
3/22/1926,320
3/23/1926,320
3/24/1926,320
3/25/1926,320
3/26/1926,320
3/27/1926,290
3/28/1926,270
3/29/1926,270
3/30/1926,266
3/31/1926,248
4/1/1926,266
4/2/1926,252
4/3/1926,266
4/4/1926,295
4/5/1926,1240
4/6/1926,2350
4/7/1926,1660
4/8/1926,2440
4/9/1926,2170
4/10/1926,1580
4/11/1926,1300
4/12/1926,1120
4/13/1926,910
4/14/1926,810
4/15/1926,720
4/16/1926,720
4/17/1926,640
4/18/1926,600
4/19/1926,560
4/20/1926,497
4/21/1926,460
4/22/1926,460
4/23/1926,430
4/24/1926,418
4/25/1926,400
4/26/1926,382
4/27/1926,370
4/28/1926,382
4/29/1926,376
4/30/1926,350
5/1/1926,320
5/2/1926,320
5/3/1926,310
5/4/1926,295
5/5/1926,345
5/6/1926,320
5/7/1926,320
5/8/1926,270
5/9/1926,261
5/10/1926,225
5/11/1926,206
5/12/1926,192
5/13/1926,188
5/14/1926,188
5/15/1926,185
5/16/1926,172
5/17/1926,155
5/18/1926,155
5/19/1926,155
5/20/1926,155
5/21/1926,139
5/22/1926,128
5/23/1926,116
5/24/1926,116
5/25/1926,116
5/26/1926,105
5/27/1926,105
5/28/1926,85
5/29/1926,71
5/30/1926,68
5/31/1926,68
6/1/1926,65
6/2/1926,54
6/3/1926,54
6/4/1926,52
6/5/1926,42
6/6/1926,42
6/7/1926,42
6/8/1926,42
6/9/1926,42
6/10/1926,42
6/11/1926,38
6/12/1926,31
6/13/1926,31
6/14/1926,31
6/15/1926,24
6/16/1926,22
6/17/1926,22
6/18/1926,22
6/19/1926,22
6/20/1926,20
6/21/1926,19
6/22/1926,19
6/23/1926,15
6/24/1926,14
6/25/1926,14
6/26/1926,12
6/27/1926,12
6/28/1926,11
6/29/1926,10
6/30/1926,8
7/1/1926,8
7/2/1926,8
7/3/1926,8
7/4/1926,8
7/5/1926,7
7/6/1926,6
7/7/1926,6
7/8/1926,6
7/9/1926,6
7/10/1926,6
7/11/1926,6
7/12/1926,6
7/13/1926,6
7/14/1926,6
7/15/1926,5
7/16/1926,3
7/17/1926,3
7/18/1926,2
7/19/1926,2
7/20/1926,2
7/21/1926,2
7/22/1926,1
7/23/1926,1
7/24/1926,0
7/25/1926,0
7/26/1926,0
7/27/1926,0
7/28/1926,0
7/29/1926,1
7/30/1926,1
7/31/1926,1
8/1/1926,1
8/2/1926,0
8/3/1926,0
8/4/1926,0
8/5/1926,0
8/6/1926,0
8/7/1926,0
8/8/1926,0
8/9/1926,0
8/10/1926,0
8/11/1926,0
8/12/1926,0
8/13/1926,0
8/14/1926,0
8/15/1926,0
8/16/1926,0
8/17/1926,0
8/18/1926,0
8/19/1926,0
8/20/1926,0
8/21/1926,0
8/22/1926,0
8/23/1926,0
8/24/1926,0
8/25/1926,0
8/26/1926,0
8/27/1926,0
8/28/1926,0
8/29/1926,0
8/30/1926,0
8/31/1926,0
9/1/1926,0
9/2/1926,0
9/3/1926,0
9/4/1926,0
9/5/1926,0
9/6/1926,0
9/7/1926,0
9/8/1926,0
9/9/1926,0
9/10/1926,0
9/11/1926,0
9/12/1926,0
9/13/1926,0
9/14/1926,0
9/15/1926,0
9/16/1926,0
9/17/1926,0
9/18/1926,1
9/19/1926,1
9/20/1926,1
9/21/1926,1
9/22/1926,1
9/23/1926,2
9/24/1926,2
9/25/1926,2
9/26/1926,2
9/27/1926,2
9/28/1926,2
9/29/1926,2
9/30/1926,2
10/1/1926,2
10/2/1926,3
10/3/1926,3
10/4/1926,6
10/5/1926,6
10/6/1926,6
10/7/1926,6
10/8/1926,3
10/9/1926,3
10/10/1926,6
10/11/1926,8
10/12/1926,40
10/13/1926,31
10/14/1926,19
10/15/1926,16
10/16/1926,12
10/17/1926,12
10/18/1926,8
10/19/1926,8
10/20/1926,8
10/21/1926,8
10/22/1926,8
10/23/1926,8
10/24/1926,8
10/25/1926,8
10/26/1926,8
10/27/1926,8
10/28/1926,8
10/29/1926,8
10/30/1926,8
10/31/1926,8
11/1/1926,8
11/2/1926,8
11/3/1926,8
11/4/1926,8
11/5/1926,8
11/6/1926,8
11/7/1926,8
11/8/1926,8
11/9/1926,8
11/10/1926,8
11/11/1926,10
11/12/1926,16
11/13/1926,31
11/14/1926,95
11/15/1926,48
11/16/1926,33
11/17/1926,26
11/18/1926,22
11/19/1926,26
11/20/1926,48
11/21/1926,110
11/22/1926,89
11/23/1926,105
11/24/1926,105
11/25/1926,860
11/26/1926,960
11/27/1926,1740
11/28/1926,910
11/29/1926,1120
11/30/1926,860
12/1/1926,560
12/2/1926,430
12/3/1926,546
12/4/1926,460
12/5/1926,370
12/6/1926,345
12/7/1926,400
12/8/1926,320
12/9/1926,270
12/10/1926,225
12/11/1926,225
12/12/1926,206
12/13/1926,188
12/14/1926,181
12/15/1926,162
12/16/1926,155
12/17/1926,155
12/18/1926,155
12/19/1926,142
12/20/1926,142
12/21/1926,155
12/22/1926,172
12/23/1926,188
12/24/1926,142
12/25/1926,116
12/26/1926,142
12/27/1926,116
12/28/1926,105
12/29/1926,128
12/30/1926,128
12/31/1926,128
1/1/1927,128
1/2/1927,128
1/3/1927,295
1/4/1927,430
1/5/1927,370
1/6/1927,1900
1/7/1927,910
1/8/1927,576
1/9/1927,478
1/10/1927,640
1/11/1927,810
1/12/1927,576
1/13/1927,504
1/14/1927,430
1/15/1927,430
1/16/1927,810
1/17/1927,600
1/18/1927,490
1/19/1927,430
1/20/1927,640
1/21/1927,600
1/22/1927,490
1/23/1927,430
1/24/1927,400
1/25/1927,360
1/26/1927,400
1/27/1927,460
1/28/1927,478
1/29/1927,810
1/30/1927,640
1/31/1927,546
2/1/1927,490
2/2/1927,560
2/3/1927,1740
2/4/1927,3850
2/5/1927,1740
2/6/1927,1580
2/7/1927,1440
2/8/1927,1060
2/9/1927,910
2/10/1927,860
2/11/1927,680
2/12/1927,640
2/13/1927,560
2/14/1927,640
2/15/1927,3160
2/16/1927,3610
2/17/1927,2950
2/18/1927,6090
2/19/1927,3850
2/20/1927,2950
2/21/1927,6700
2/22/1927,5490
2/23/1927,3850
2/24/1927,2950
2/25/1927,2440
2/26/1927,2170
2/27/1927,2170
2/28/1927,1820
3/1/1927,1580
3/2/1927,1370
3/3/1927,1370
3/4/1927,1240
3/5/1927,1060
3/6/1927,1010
3/7/1927,910
3/8/1927,960
3/9/1927,1120
3/10/1927,1060
3/11/1927,960
3/12/1927,810
3/13/1927,860
3/14/1927,3380
3/15/1927,1900
3/16/1927,1580
3/17/1927,1370
3/18/1927,1240
3/19/1927,1120
3/20/1927,1010
3/21/1927,910
3/22/1927,910
3/23/1927,910
3/24/1927,910
3/25/1927,910
3/26/1927,910
3/27/1927,910
3/28/1927,910
3/29/1927,960
3/30/1927,910
3/31/1927,1010
4/1/1927,2950
4/2/1927,3850
4/3/1927,8630
4/4/1927,5490
4/5/1927,3850
4/6/1927,2950
4/7/1927,2640
4/8/1927,2350
4/9/1927,2170
4/10/1927,1900
4/11/1927,1660
4/12/1927,1440
4/13/1927,1240
4/14/1927,1180
4/15/1927,1120
4/16/1927,1370
4/17/1927,1180
4/18/1927,1120
4/19/1927,1010
4/20/1927,1010
4/21/1927,1010
4/22/1927,1060
4/23/1927,1120
4/24/1927,1180
4/25/1927,1300
4/26/1927,1510
4/27/1927,1510
4/28/1927,1370
4/29/1927,1240
4/30/1927,1120
5/1/1927,1120
5/2/1927,1010
5/3/1927,1010
5/4/1927,1010
5/5/1927,910
5/6/1927,910
5/7/1927,810
5/8/1927,810
5/9/1927,720
5/10/1927,720
5/11/1927,680
5/12/1927,680
5/13/1927,810
5/14/1927,720
5/15/1927,810
5/16/1927,765
5/17/1927,720
5/18/1927,720
5/19/1927,640
5/20/1927,640
5/21/1927,546
5/22/1927,490
5/23/1927,430
5/24/1927,460
5/25/1927,460
5/26/1927,460
5/27/1927,460
5/28/1927,560
5/29/1927,430
5/30/1927,430
5/31/1927,370
6/1/1927,370
6/2/1927,370
6/3/1927,370
6/4/1927,370
6/5/1927,370
6/6/1927,370
6/7/1927,400
6/8/1927,460
6/9/1927,400
6/10/1927,370
6/11/1927,370
6/12/1927,370
6/13/1927,370
6/14/1927,330
6/15/1927,320
6/16/1927,310
6/17/1927,270
6/18/1927,234
6/19/1927,225
6/20/1927,206
6/21/1927,195
6/22/1927,188
6/23/1927,188
6/24/1927,162
6/25/1927,150
6/26/1927,142
6/27/1927,128
6/28/1927,128
6/29/1927,116
6/30/1927,105
7/1/1927,101
7/2/1927,85
7/3/1927,85
7/4/1927,85
7/5/1927,71
7/6/1927,68
7/7/1927,68
7/8/1927,68
7/9/1927,62
7/10/1927,54
7/11/1927,54
7/12/1927,48
7/13/1927,42
7/14/1927,42
7/15/1927,42
7/16/1927,42
7/17/1927,35
7/18/1927,31
7/19/1927,31
7/20/1927,31
7/21/1927,31
7/22/1927,29
7/23/1927,29
7/24/1927,26
7/25/1927,22
7/26/1927,22
7/27/1927,19
7/28/1927,19
7/29/1927,19
7/30/1927,17
7/31/1927,16
8/1/1927,16
8/2/1927,16
8/3/1927,16
8/4/1927,16
8/5/1927,16
8/6/1927,16
8/7/1927,14
8/8/1927,12
8/9/1927,12
8/10/1927,12
8/11/1927,11
8/12/1927,11
8/13/1927,9
8/14/1927,8
8/15/1927,8
8/16/1927,10
8/17/1927,10
8/18/1927,8
8/19/1927,8
8/20/1927,8
8/21/1927,8
8/22/1927,8
8/23/1927,8
8/24/1927,7
8/25/1927,7
8/26/1927,7
8/27/1927,7
8/28/1927,8
8/29/1927,8
8/30/1927,8
8/31/1927,8
9/1/1927,8
9/2/1927,8
9/3/1927,8
9/4/1927,7
9/5/1927,7
9/6/1927,8
9/7/1927,8
9/8/1927,8
9/9/1927,7
9/10/1927,7
9/11/1927,6
9/12/1927,6
9/13/1927,6
9/14/1927,7
9/15/1927,7
9/16/1927,7
9/17/1927,8
9/18/1927,8
9/19/1927,8
9/20/1927,8
9/21/1927,8
9/22/1927,8
9/23/1927,8
9/24/1927,8
9/25/1927,7
9/26/1927,6
9/27/1927,6
9/28/1927,6
9/29/1927,6
9/30/1927,6
10/1/1927,7
10/2/1927,7
10/3/1927,7
10/4/1927,7
10/5/1927,7
10/6/1927,7
10/7/1927,7
10/8/1927,8
10/9/1927,10
10/10/1927,10
10/11/1927,10
10/12/1927,10
10/13/1927,10
10/14/1927,8
10/15/1927,10
10/16/1927,10
10/17/1927,10
10/18/1927,10
10/19/1927,10
10/20/1927,10
10/21/1927,10
10/22/1927,10
10/23/1927,10
10/24/1927,10
10/25/1927,10
10/26/1927,10
10/27/1927,14
10/28/1927,162
10/29/1927,96
10/30/1927,63
10/31/1927,65
11/1/1927,130
11/2/1927,88
11/3/1927,63
11/4/1927,50
11/5/1927,44
11/6/1927,38
11/7/1927,38
11/8/1927,43
11/9/1927,56
11/10/1927,94
11/11/1927,229
11/12/1927,126
11/13/1927,174
11/14/1927,442
11/15/1927,237
11/16/1927,162
11/17/1927,141
11/18/1927,136
11/19/1927,115
11/20/1927,115
11/21/1927,370
11/22/1927,250
11/23/1927,162
11/24/1927,154
11/25/1927,136
11/26/1927,136
11/27/1927,136
11/28/1927,134
11/29/1927,126
11/30/1927,132
12/1/1927,126
12/2/1927,115
12/3/1927,126
12/4/1927,128
12/5/1927,106
12/6/1927,106
12/7/1927,96
12/8/1927,88
12/9/1927,88
12/10/1927,96
12/11/1927,115
12/12/1927,96
12/13/1927,96
12/14/1927,149
12/15/1927,177
12/16/1927,141
12/17/1927,115
12/18/1927,111
12/19/1927,96
12/20/1927,96
12/21/1927,88
12/22/1927,79
12/23/1927,79
12/24/1927,96
12/25/1927,96
12/26/1927,96
12/27/1927,96
12/28/1927,96
12/29/1927,2740
12/30/1927,624
12/31/1927,345
1/1/1928,263
1/2/1928,229
1/3/1928,210
1/4/1928,192
1/5/1928,162
1/6/1928,162
1/7/1928,162
1/8/1928,162
1/9/1928,162
1/10/1928,162
1/11/1928,162
1/12/1928,162
1/13/1928,162
1/14/1928,186
1/15/1928,192
1/16/1928,162
1/17/1928,126
1/18/1928,126
1/19/1928,136
1/20/1928,149
1/21/1928,149
1/22/1928,162
1/23/1928,400
1/24/1928,281
1/25/1928,222
1/26/1928,192
1/27/1928,168
1/28/1928,162
1/29/1928,296
1/30/1928,370
1/31/1928,320
2/1/1928,271
2/2/1928,271
2/3/1928,640
2/4/1928,3380
2/5/1928,1060
2/6/1928,720
2/7/1928,600
2/8/1928,370
2/9/1928,370
2/10/1928,370
2/11/1928,360
2/12/1928,330
2/13/1928,296
2/14/1928,296
2/15/1928,271
2/16/1928,250
2/17/1928,229
2/18/1928,229
2/19/1928,229
2/20/1928,222
2/21/1928,222
2/22/1928,229
2/23/1928,229
2/24/1928,229
2/25/1928,229
2/26/1928,229
2/27/1928,229
2/28/1928,229
2/29/1928,222
3/1/1928,210
3/2/1928,210
3/3/1928,250
3/4/1928,320
3/5/1928,345
3/6/1928,320
3/7/1928,320
3/8/1928,442
3/9/1928,460
3/10/1928,460
3/11/1928,430
3/12/1928,430
3/13/1928,430
3/14/1928,430
3/15/1928,418
3/16/1928,382
3/17/1928,370
3/18/1928,370
3/19/1928,370
3/20/1928,370
3/21/1928,370
3/22/1928,370
3/23/1928,1300
3/24/1928,4360
3/25/1928,17400
3/26/1928,13100
3/27/1928,13400
3/28/1928,6390
3/29/1928,4110
3/30/1928,3210
3/31/1928,2320
4/1/1928,2800
4/2/1928,3870
4/3/1928,3000
4/4/1928,2410
4/5/1928,2060
4/6/1928,1820
4/7/1928,1660
4/8/1928,1590
4/9/1928,1590
4/10/1928,1520
4/11/1928,1520
4/12/1928,1450
4/13/1928,1320
4/14/1928,1190
4/15/1928,1070
4/16/1928,1070
4/17/1928,1130
4/18/1928,960
4/19/1928,860
4/20/1928,860
4/21/1928,770
4/22/1928,690
4/23/1928,690
4/24/1928,730
4/25/1928,690
4/26/1928,690
4/27/1928,650
4/28/1928,610
4/29/1928,610
4/30/1928,650
5/1/1928,650
5/2/1928,575
5/3/1928,540
5/4/1928,540
5/5/1928,470
5/6/1928,484
5/7/1928,470
5/8/1928,470
5/9/1928,438
5/10/1928,438
5/11/1928,407
5/12/1928,438
5/13/1928,407
5/14/1928,407
5/15/1928,360
5/16/1928,348
5/17/1928,348
5/18/1928,306
5/19/1928,295
5/20/1928,295
5/21/1928,295
5/22/1928,295
5/23/1928,272
5/24/1928,248
5/25/1928,248
5/26/1928,207
5/27/1928,207
5/28/1928,181
5/29/1928,174
5/30/1928,174
5/31/1928,168
6/1/1928,145
6/2/1928,145
6/3/1928,120
6/4/1928,120
6/5/1928,109
6/6/1928,98
6/7/1928,98
6/8/1928,89
6/9/1928,80
6/10/1928,80
6/11/1928,80
6/12/1928,89
6/13/1928,98
6/14/1928,80
6/15/1928,80
6/16/1928,66
6/17/1928,63
6/18/1928,63
6/19/1928,56
6/20/1928,56
6/21/1928,50
6/22/1928,50
6/23/1928,50
6/24/1928,50
6/25/1928,50
6/26/1928,44
6/27/1928,44
6/28/1928,38
6/29/1928,38
6/30/1928,38
7/1/1928,38
7/2/1928,38
7/3/1928,38
7/4/1928,38
7/5/1928,36
7/6/1928,34
7/7/1928,29
7/8/1928,29
7/9/1928,29
7/10/1928,28
7/11/1928,26
7/12/1928,23
7/13/1928,22
7/14/1928,22
7/15/1928,22
7/16/1928,16
7/17/1928,15
7/18/1928,15
7/19/1928,15
7/20/1928,15
7/21/1928,14
7/22/1928,14
7/23/1928,12
7/24/1928,11
7/25/1928,10
7/26/1928,10
7/27/1928,10
7/28/1928,10
7/29/1928,10
7/30/1928,10
7/31/1928,10
8/1/1928,8
8/2/1928,7
8/3/1928,7
8/4/1928,7
8/5/1928,7
8/6/1928,7
8/7/1928,7
8/8/1928,7
8/9/1928,7
8/10/1928,7
8/11/1928,7
8/12/1928,6
8/13/1928,6
8/14/1928,6
8/15/1928,6
8/16/1928,6
8/17/1928,6
8/18/1928,6
8/19/1928,6
8/20/1928,6
8/21/1928,4
8/22/1928,4
8/23/1928,4
8/24/1928,4
8/25/1928,4
8/26/1928,4
8/27/1928,6
8/28/1928,6
8/29/1928,6
8/30/1928,6
8/31/1928,6
9/1/1928,6
9/2/1928,4
9/3/1928,4
9/4/1928,4
9/5/1928,4
9/6/1928,4
9/7/1928,4
9/8/1928,4
9/9/1928,3
9/10/1928,2
9/11/1928,2
9/12/1928,2
9/13/1928,4
9/14/1928,4
9/15/1928,6
9/16/1928,6
9/17/1928,6
9/18/1928,6
9/19/1928,6
9/20/1928,6
9/21/1928,6
9/22/1928,4
9/23/1928,4
9/24/1928,4
9/25/1928,4
9/26/1928,4
9/27/1928,6
9/28/1928,6
9/29/1928,6
9/30/1928,6
10/1/1928,7
10/2/1928,7
10/3/1928,7
10/4/1928,7
10/5/1928,8
10/6/1928,8
10/7/1928,8
10/8/1928,10
10/9/1928,10
10/10/1928,9
10/11/1928,8
10/12/1928,8
10/13/1928,8
10/14/1928,8
10/15/1928,10
10/16/1928,10
10/17/1928,10
10/18/1928,10
10/19/1928,10
10/20/1928,10
10/21/1928,10
10/22/1928,10
10/23/1928,10
10/24/1928,10
10/25/1928,10
10/26/1928,10
10/27/1928,10
10/28/1928,10
10/29/1928,10
10/30/1928,10
10/31/1928,10
11/1/1928,13
11/2/1928,15
11/3/1928,15
11/4/1928,15
11/5/1928,16
11/6/1928,22
11/7/1928,22
11/8/1928,29
11/9/1928,28
11/10/1928,22
11/11/1928,22
11/12/1928,22
11/13/1928,38
11/14/1928,109
11/15/1928,160
11/16/1928,72
11/17/1928,63
11/18/1928,50
11/19/1928,38
11/20/1928,38
11/21/1928,36
11/22/1928,36
11/23/1928,34
11/24/1928,29
11/25/1928,29
11/26/1928,29
11/27/1928,29
11/28/1928,29
11/29/1928,29
11/30/1928,29
12/1/1928,29
12/2/1928,29
12/3/1928,31
12/4/1928,36
12/5/1928,38
12/6/1928,38
12/7/1928,38
12/8/1928,31
12/9/1928,29
12/10/1928,34
12/11/1928,56
12/12/1928,98
12/13/1928,84
12/14/1928,63
12/15/1928,60
12/16/1928,56
12/17/1928,50
12/18/1928,50
12/19/1928,44
12/20/1928,38
12/21/1928,38
12/22/1928,38
12/23/1928,44
12/24/1928,50
12/25/1928,120
12/26/1928,248
12/27/1928,145
12/28/1928,145
12/29/1928,228
12/30/1928,160
12/31/1928,132
1/1/1929,98
1/2/1929,98
1/3/1929,132
1/4/1929,228
1/5/1929,132
1/6/1929,98
1/7/1929,98
1/8/1929,84
1/9/1929,78
1/10/1929,63
1/11/1929,63
1/12/1929,63
1/13/1929,63
1/14/1929,63
1/15/1929,63
1/16/1929,102
1/17/1929,70
1/18/1929,63
1/19/1929,322
1/20/1929,295
1/21/1929,200
1/22/1929,160
1/23/1929,132
1/24/1929,132
1/25/1929,109
1/26/1929,98
1/27/1929,98
1/28/1929,98
1/29/1929,98
1/30/1929,98
1/31/1929,120
2/1/1929,120
2/2/1929,470
2/3/1929,815
2/4/1929,2800
2/5/1929,1010
2/6/1929,640
2/7/1929,430
2/8/1929,320
2/9/1929,250
2/10/1929,210
2/11/1929,192
2/12/1929,177
2/13/1929,177
2/14/1929,157
2/15/1929,136
2/16/1929,136
2/17/1929,132
2/18/1929,132
2/19/1929,132
2/20/1929,119
2/21/1929,115
2/22/1929,115
2/23/1929,115
2/24/1929,115
2/25/1929,113
2/26/1929,111
2/27/1929,106
2/28/1929,106
3/1/1929,111
3/2/1929,115
3/3/1929,115
3/4/1929,126
3/5/1929,136
3/6/1929,136
3/7/1929,136
3/8/1929,141
3/9/1929,136
3/10/1929,1240
3/11/1929,860
3/12/1929,640
3/13/1929,460
3/14/1929,370
3/15/1929,320
3/16/1929,320
3/17/1929,320
3/18/1929,320
3/19/1929,320
3/20/1929,315
3/21/1929,281
3/22/1929,271
3/23/1929,320
3/24/1929,430
3/25/1929,320
3/26/1929,320
3/27/1929,296
3/28/1929,325
3/29/1929,350
3/30/1929,370
3/31/1929,370
4/1/1929,325
4/2/1929,320
4/3/1929,320
4/4/1929,345
4/5/1929,720
4/6/1929,525
4/7/1929,460
4/8/1929,442
4/9/1929,680
4/10/1929,460
4/11/1929,430
4/12/1929,442
4/13/1929,370
4/14/1929,370
4/15/1929,400
4/16/1929,442
4/17/1929,490
4/18/1929,490
4/19/1929,600
4/20/1929,765
4/21/1929,640
4/22/1929,640
4/23/1929,600
4/24/1929,560
4/25/1929,560
4/26/1929,504
4/27/1929,490
4/28/1929,525
4/29/1929,490
4/30/1929,490
5/1/1929,504
5/2/1929,525
5/3/1929,525
5/4/1929,490
5/5/1929,490
5/6/1929,490
5/7/1929,460
5/8/1929,460
5/9/1929,460
5/10/1929,430
5/11/1929,370
5/12/1929,370
5/13/1929,370
5/14/1929,370
5/15/1929,345
5/16/1929,370
5/17/1929,370
5/18/1929,320
5/19/1929,320
5/20/1929,296
5/21/1929,271
5/22/1929,271
5/23/1929,237
5/24/1929,229
5/25/1929,210
5/26/1929,192
5/27/1929,162
5/28/1929,136
5/29/1929,136
5/30/1929,134
5/31/1929,119
6/1/1929,132
6/2/1929,136
6/3/1929,115
6/4/1929,115
6/5/1929,115
6/6/1929,115
6/7/1929,100
6/8/1929,111
6/9/1929,136
6/10/1929,199
6/11/1929,157
6/12/1929,136
6/13/1929,115
6/14/1929,111
6/15/1929,106
6/16/1929,511
6/17/1929,460
6/18/1929,320
6/19/1929,291
6/20/1929,237
6/21/1929,229
6/22/1929,192
6/23/1929,149
6/24/1929,115
6/25/1929,115
6/26/1929,100
6/27/1929,96
6/28/1929,88
6/29/1929,79
6/30/1929,76
7/1/1929,61
7/2/1929,51
7/3/1929,51
7/4/1929,51
7/5/1929,51
7/6/1929,45
7/7/1929,39
7/8/1929,37
7/9/1929,29
7/10/1929,29
7/11/1929,26
7/12/1929,26
7/13/1929,28
7/14/1929,23
7/15/1929,22
7/16/1929,21
7/17/1929,18
7/18/1929,15
7/19/1929,15
7/20/1929,13
7/21/1929,12
7/22/1929,11
7/23/1929,10
7/24/1929,10
7/25/1929,9
7/26/1929,8
7/27/1929,5
7/28/1929,5
7/29/1929,5
7/30/1929,5
7/31/1929,5
8/1/1929,6
8/2/1929,5
8/3/1929,5
8/4/1929,5
8/5/1929,4
8/6/1929,4
8/7/1929,2
8/8/1929,2
8/9/1929,2
8/10/1929,2
8/11/1929,2
8/12/1929,2
8/13/1929,2
8/14/1929,2
8/15/1929,1
8/16/1929,1
8/17/1929,1
8/18/1929,1
8/19/1929,1
8/20/1929,1
8/21/1929,1
8/22/1929,1
8/23/1929,1
8/24/1929,1
8/25/1929,1
8/26/1929,1
8/27/1929,1
8/28/1929,1
8/29/1929,1
8/30/1929,1
8/31/1929,1
9/1/1929,1
9/2/1929,1
9/3/1929,1
9/4/1929,1
9/5/1929,1
9/6/1929,1
9/7/1929,1
9/8/1929,1
9/9/1929,1
9/10/1929,1
9/11/1929,1
9/12/1929,1
9/13/1929,1
9/14/1929,1
9/15/1929,1
9/16/1929,1
9/17/1929,1
9/18/1929,1
9/19/1929,1
9/20/1929,1
9/21/1929,1
9/22/1929,1
9/23/1929,1
9/24/1929,1
9/25/1929,1
9/26/1929,1
9/27/1929,1
9/28/1929,1
9/29/1929,1
9/30/1929,1
10/1/1929,1
10/2/1929,1
10/3/1929,1
10/4/1929,2
10/5/1929,2
10/6/1929,2
10/7/1929,2
10/8/1929,2
10/9/1929,2
10/10/1929,5
10/11/1929,5
10/12/1929,5
10/13/1929,5
10/14/1929,5
10/15/1929,5
10/16/1929,5
10/17/1929,5
10/18/1929,5
10/19/1929,5
10/20/1929,5
10/21/1929,5
10/22/1929,5
10/23/1929,5
10/24/1929,5
10/25/1929,5
10/26/1929,5
10/27/1929,5
10/28/1929,5
10/29/1929,4
10/30/1929,4
10/31/1929,5
11/1/1929,5
11/2/1929,5
11/3/1929,5
11/4/1929,5
11/5/1929,5
11/6/1929,5
11/7/1929,5
11/8/1929,5
11/9/1929,7
11/10/1929,8
11/11/1929,8
11/12/1929,8
11/13/1929,8
11/14/1929,8
11/15/1929,8
11/16/1929,8
11/17/1929,8
11/18/1929,10
11/19/1929,10
11/20/1929,10
11/21/1929,10
11/22/1929,10
11/23/1929,10
11/24/1929,10
11/25/1929,10
11/26/1929,10
11/27/1929,10
11/28/1929,10
11/29/1929,10
11/30/1929,10
12/1/1929,10
12/2/1929,10
12/3/1929,10
12/4/1929,10
12/5/1929,10
12/6/1929,10
12/7/1929,10
12/8/1929,10
12/9/1929,18
12/10/1929,136
12/11/1929,370
12/12/1929,162
12/13/1929,295
12/14/1929,193
12/15/1929,157
12/16/1929,295
12/17/1929,193
12/18/1929,136
12/19/1929,115
12/20/1929,107
12/21/1929,88
12/22/1929,76
12/23/1929,67
12/24/1929,64
12/25/1929,51
12/26/1929,51
12/27/1929,51
12/28/1929,50
12/29/1929,49
12/30/1929,39
12/31/1929,39
1/1/1930,39
1/2/1930,39
1/3/1930,39
1/4/1930,39
1/5/1930,430
1/6/1930,212
1/7/1930,262
1/8/1930,178
1/9/1930,178
1/10/1930,149
1/11/1930,162
1/12/1930,200
1/13/1930,178
1/14/1930,162
1/15/1930,168
1/16/1930,1370
1/17/1930,810
1/18/1930,1510
1/19/1930,720
1/20/1930,525
1/21/1930,430
1/22/1930,320
1/23/1930,270
1/24/1930,230
1/25/1930,230
1/26/1930,230
1/27/1930,280
1/28/1930,230
1/29/1930,193
1/30/1930,193
1/31/1930,193
2/1/1930,193
2/2/1930,200
2/3/1930,200
2/4/1930,212
2/5/1930,212
2/6/1930,212
2/7/1930,223
2/8/1930,230
2/9/1930,230
2/10/1930,230
2/11/1930,230
2/12/1930,223
2/13/1930,223
2/14/1930,212
2/15/1930,193
2/16/1930,193
2/17/1930,193
2/18/1930,193
2/19/1930,193
2/20/1930,310
2/21/1930,400
2/22/1930,430
2/23/1930,1300
2/24/1930,720
2/25/1930,720
2/26/1930,640
2/27/1930,560
2/28/1930,490
3/1/1930,430
3/2/1930,370
3/3/1930,400
3/4/1930,2080
3/5/1930,4360
3/6/1930,3380
3/7/1930,1510
3/8/1930,1060
3/9/1930,810
3/10/1930,720
3/11/1930,720
3/12/1930,640
3/13/1930,640
3/14/1930,680
3/15/1930,810
3/16/1930,720
3/17/1930,640
3/18/1930,560
3/19/1930,490
3/20/1930,490
3/21/1930,490
3/22/1930,490
3/23/1930,560
3/24/1930,560
3/25/1930,640
3/26/1930,680
3/27/1930,765
3/28/1930,765
3/29/1930,810
3/30/1930,810
3/31/1930,720
4/1/1930,640
4/2/1930,640
4/3/1930,560
4/4/1930,560
4/5/1930,560
4/6/1930,600
4/7/1930,640
4/8/1930,560
4/9/1930,560
4/10/1930,490
4/11/1930,490
4/12/1930,490
4/13/1930,560
4/14/1930,1010
4/15/1930,810
4/16/1930,680
4/17/1930,640
4/18/1930,560
4/19/1930,600
4/20/1930,640
4/21/1930,640
4/22/1930,640
4/23/1930,640
4/24/1930,640
4/25/1930,560
4/26/1930,490
4/27/1930,525
4/28/1930,490
4/29/1930,430
4/30/1930,430
5/1/1930,370
5/2/1930,370
5/3/1930,370
5/4/1930,460
5/5/1930,370
5/6/1930,370
5/7/1930,430
5/8/1930,370
5/9/1930,370
5/10/1930,320
5/11/1930,320
5/12/1930,320
5/13/1930,320
5/14/1930,320
5/15/1930,320
5/16/1930,320
5/17/1930,345
5/18/1930,370
5/19/1930,345
5/20/1930,345
5/21/1930,345
5/22/1930,320
5/23/1930,320
5/24/1930,310
5/25/1930,270
5/26/1930,262
5/27/1930,250
5/28/1930,230
5/29/1930,230
5/30/1930,250
5/31/1930,230
6/1/1930,193
6/2/1930,193
6/3/1930,187
6/4/1930,168
6/5/1930,162
6/6/1930,157
6/7/1930,136
6/8/1930,130
6/9/1930,119
6/10/1930,115
6/11/1930,115
6/12/1930,115
6/13/1930,104
6/14/1930,96
6/15/1930,96
6/16/1930,96
6/17/1930,86
6/18/1930,79
6/19/1930,64
6/20/1930,64
6/21/1930,61
6/22/1930,58
6/23/1930,51
6/24/1930,51
6/25/1930,51
6/26/1930,41
6/27/1930,39
6/28/1930,39
6/29/1930,37
6/30/1930,29
7/1/1930,29
7/2/1930,28
7/3/1930,28
7/4/1930,26
7/5/1930,22
7/6/1930,22
7/7/1930,22
7/8/1930,22
7/9/1930,18
7/10/1930,19
7/11/1930,18
7/12/1930,16
7/13/1930,14
7/14/1930,14
7/15/1930,14
7/16/1930,13
7/17/1930,11
7/18/1930,11
7/19/1930,10
7/20/1930,8
7/21/1930,8
7/22/1930,8
7/23/1930,7
7/24/1930,7
7/25/1930,6
7/26/1930,6
7/27/1930,6
7/28/1930,5
7/29/1930,5
7/30/1930,5
7/31/1930,4
8/1/1930,4
8/2/1930,4
8/3/1930,4
8/4/1930,4
8/5/1930,4
8/6/1930,3
8/7/1930,3
8/8/1930,3
8/9/1930,3
8/10/1930,2
8/11/1930,2
8/12/1930,2
8/13/1930,2
8/14/1930,2
8/15/1930,2
8/16/1930,1
8/17/1930,1
8/18/1930,1
8/19/1930,1
8/20/1930,1
8/21/1930,1
8/22/1930,1
8/23/1930,1
8/24/1930,1
8/25/1930,1
8/26/1930,2
8/27/1930,2
8/28/1930,2
8/29/1930,2
8/30/1930,3
8/31/1930,2
9/1/1930,2
9/2/1930,2
9/3/1930,2
9/4/1930,2
9/5/1930,2
9/6/1930,2
9/7/1930,2
9/8/1930,2
9/9/1930,2
9/10/1930,2
9/11/1930,2
9/12/1930,2
9/13/1930,3
9/14/1930,4
9/15/1930,5
9/16/1930,4
9/17/1930,4
9/18/1930,4
9/19/1930,4
9/20/1930,4
9/21/1930,4
9/22/1930,3
9/23/1930,3
9/24/1930,4
9/25/1930,5
9/26/1930,5
9/27/1930,5
9/28/1930,6
9/29/1930,6
9/30/1930,6
10/1/1930,6
10/2/1930,7
10/3/1930,10
10/4/1930,10
10/5/1930,10
10/6/1930,10
10/7/1930,8
10/8/1930,8
10/9/1930,7
10/10/1930,7
10/11/1930,7
10/12/1930,8
10/13/1930,10
10/14/1930,10
10/15/1930,11
10/16/1930,11
10/17/1930,10
10/18/1930,10
10/19/1930,10
10/20/1930,9
10/21/1930,8
10/22/1930,8
10/23/1930,8
10/24/1930,8
10/25/1930,8
10/26/1930,8
10/27/1930,8
10/28/1930,8
10/29/1930,8
10/30/1930,8
10/31/1930,8
11/1/1930,8
11/2/1930,8
11/3/1930,9
11/4/1930,9
11/5/1930,9
11/6/1930,10
11/7/1930,10
11/8/1930,10
11/9/1930,10
11/10/1930,10
11/11/1930,10
11/12/1930,10
11/13/1930,15
11/14/1930,22
11/15/1930,40
11/16/1930,42
11/17/1930,198
11/18/1930,178
11/19/1930,96
11/20/1930,62
11/21/1930,49
11/22/1930,43
11/23/1930,37
11/24/1930,34
11/25/1930,32
11/26/1930,30
11/27/1930,29
11/28/1930,29
11/29/1930,31
11/30/1930,35
12/1/1930,35
12/2/1930,32
12/3/1930,30
12/4/1930,30
12/5/1930,29
12/6/1930,28
12/7/1930,27
12/8/1930,26
12/9/1930,26
12/10/1930,26
12/11/1930,25
12/12/1930,25
12/13/1930,26
12/14/1930,28
12/15/1930,32
12/16/1930,32
12/17/1930,28
12/18/1930,26
12/19/1930,24
12/20/1930,22
12/21/1930,24
12/22/1930,22
12/23/1930,17
12/24/1930,18
12/25/1930,18
12/26/1930,19
12/27/1930,20
12/28/1930,22
12/29/1930,22
12/30/1930,22
12/31/1930,23
1/1/1931,42
1/2/1931,162
1/3/1931,230
1/4/1931,126
1/5/1931,119
1/6/1931,141
1/7/1931,106
1/8/1931,82
1/9/1931,72
1/10/1931,59
1/11/1931,54
1/12/1931,51
1/13/1931,50
1/14/1931,49
1/15/1931,46
1/16/1931,45
1/17/1931,50
1/18/1931,60
1/19/1931,50
1/20/1931,45
1/21/1931,45
1/22/1931,44
1/23/1931,116
1/24/1931,320
1/25/1931,193
1/26/1931,139
1/27/1931,117
1/28/1931,100
1/29/1931,89
1/30/1931,83
1/31/1931,78
2/1/1931,78
2/2/1931,85
2/3/1931,80
2/4/1931,76
2/5/1931,80
2/6/1931,100
2/7/1931,91
2/8/1931,82
2/9/1931,76
2/10/1931,78
2/11/1931,82
2/12/1931,111
2/13/1931,139
2/14/1931,234
2/15/1931,602
2/16/1931,310
2/17/1931,230
2/18/1931,256
2/19/1931,879
2/20/1931,450
2/21/1931,290
2/22/1931,230
2/23/1931,197
2/24/1931,174
2/25/1931,157
2/26/1931,144
2/27/1931,159
2/28/1931,154
3/1/1931,136
3/2/1931,130
3/3/1931,126
3/4/1931,126
3/5/1931,126
3/6/1931,121
3/7/1931,109
3/8/1931,106
3/9/1931,100
3/10/1931,98
3/11/1931,150
3/12/1931,400
3/13/1931,280
3/14/1931,212
3/15/1931,184
3/16/1931,168
3/17/1931,165
3/18/1931,272
3/19/1931,490
3/20/1931,345
3/21/1931,300
3/22/1931,275
3/23/1931,250
3/24/1931,226
3/25/1931,238
3/26/1931,212
3/27/1931,187
3/28/1931,174
3/29/1931,162
3/30/1931,149
3/31/1931,144
4/1/1931,141
4/2/1931,139
4/3/1931,136
4/4/1931,134
4/5/1931,132
4/6/1931,128
4/7/1931,123
4/8/1931,121
4/9/1931,121
4/10/1931,117
4/11/1931,115
4/12/1931,128
4/13/1931,113
4/14/1931,113
4/15/1931,107
4/16/1931,102
4/17/1931,100
4/18/1931,100
4/19/1931,102
4/20/1931,104
4/21/1931,104
4/22/1931,100
4/23/1931,111
4/24/1931,139
4/25/1931,139
4/26/1931,121
4/27/1931,132
4/28/1931,152
4/29/1931,139
4/30/1931,132
5/1/1931,123
5/2/1931,119
5/3/1931,111
5/4/1931,111
5/5/1931,106
5/6/1931,98
5/7/1931,91
5/8/1931,87
5/9/1931,76
5/10/1931,68
5/11/1931,63
5/12/1931,58
5/13/1931,54
5/14/1931,55
5/15/1931,59
5/16/1931,60
5/17/1931,50
5/18/1931,43
5/19/1931,38
5/20/1931,34
5/21/1931,30
5/22/1931,26
5/23/1931,24
5/24/1931,25
5/25/1931,30
5/26/1931,48
5/27/1931,51
5/28/1931,51
5/29/1931,39
5/30/1931,26
5/31/1931,22
6/1/1931,19
6/2/1931,17
6/3/1931,15
6/4/1931,14
6/5/1931,13
6/6/1931,12
6/7/1931,12
6/8/1931,13
6/9/1931,14
6/10/1931,13
6/11/1931,13
6/12/1931,12
6/13/1931,10
6/14/1931,10
6/15/1931,10
6/16/1931,12
6/17/1931,68
6/18/1931,96
6/19/1931,58
6/20/1931,39
6/21/1931,30
6/22/1931,24
6/23/1931,20
6/24/1931,16
6/25/1931,14
6/26/1931,12
6/27/1931,10
6/28/1931,8
6/29/1931,8
6/30/1931,7
7/1/1931,7
7/2/1931,6
7/3/1931,5
7/4/1931,4
7/5/1931,3
7/6/1931,3
7/7/1931,2
7/8/1931,2
7/9/1931,2
7/10/1931,2
7/11/1931,2
7/12/1931,1
7/13/1931,1
7/14/1931,1
7/15/1931,1
7/16/1931,1
7/17/1931,0
7/18/1931,0
7/19/1931,0
7/20/1931,0
7/21/1931,0
7/22/1931,0
7/23/1931,0
7/24/1931,0
7/25/1931,0
7/26/1931,0
7/27/1931,0
7/28/1931,0
7/29/1931,0
7/30/1931,0
7/31/1931,0
8/1/1931,0
8/2/1931,0
8/3/1931,0
8/4/1931,0
8/5/1931,0
8/6/1931,0
8/7/1931,0
8/8/1931,0
8/9/1931,0
8/10/1931,0
8/11/1931,0
8/12/1931,0
8/13/1931,0
8/14/1931,0
8/15/1931,0
8/16/1931,0
8/17/1931,0
8/18/1931,0
8/19/1931,0
8/20/1931,0
8/21/1931,0
8/22/1931,0
8/23/1931,0
8/24/1931,0
8/25/1931,0
8/26/1931,0
8/27/1931,0
8/28/1931,0
8/29/1931,0
8/30/1931,0
8/31/1931,0
9/1/1931,0
9/2/1931,0
9/3/1931,0
9/4/1931,0
9/5/1931,0
9/6/1931,0
9/7/1931,0
9/8/1931,0
9/9/1931,0
9/10/1931,0
9/11/1931,0
9/12/1931,0
9/13/1931,0
9/14/1931,0
9/15/1931,0
9/16/1931,0
9/17/1931,0
9/18/1931,0
9/19/1931,0
9/20/1931,0
9/21/1931,0
9/22/1931,0
9/23/1931,0
9/24/1931,0
9/25/1931,0
9/26/1931,0
9/27/1931,0
9/28/1931,0
9/29/1931,0
9/30/1931,0
10/1/1931,0
10/2/1931,0
10/3/1931,0
10/4/1931,0
10/5/1931,0
10/6/1931,0
10/7/1931,0
10/8/1931,0
10/9/1931,0
10/10/1931,0
10/11/1931,0
10/12/1931,0
10/13/1931,0
10/14/1931,0
10/15/1931,0
10/16/1931,0
10/17/1931,0
10/18/1931,0
10/19/1931,0
10/20/1931,0
10/21/1931,0
10/22/1931,0
10/23/1931,0
10/24/1931,0
10/25/1931,6
10/26/1931,11
10/27/1931,10
10/28/1931,8
10/29/1931,11
10/30/1931,11
10/31/1931,10
11/1/1931,9
11/2/1931,8
11/3/1931,8
11/4/1931,7
11/5/1931,7
11/6/1931,7
11/7/1931,7
11/8/1931,6
11/9/1931,7
11/10/1931,7
11/11/1931,7
11/12/1931,8
11/13/1931,8
11/14/1931,13
11/15/1931,34
11/16/1931,45
11/17/1931,40
11/18/1931,78
11/19/1931,113
11/20/1931,64
11/21/1931,46
11/22/1931,38
11/23/1931,39
11/24/1931,28
11/25/1931,22
11/26/1931,24
11/27/1931,27
11/28/1931,27
11/29/1931,26
11/30/1931,22
12/1/1931,21
12/2/1931,20
12/3/1931,20
12/4/1931,21
12/5/1931,22
12/6/1931,22
12/7/1931,22
12/8/1931,19
12/9/1931,21
12/10/1931,24
12/11/1931,31
12/12/1931,40
12/13/1931,38
12/14/1931,29
12/15/1931,30
12/16/1931,30
12/17/1931,24
12/18/1931,25
12/19/1931,26
12/20/1931,29
12/21/1931,45
12/22/1931,144
12/23/1931,130
12/24/1931,1950
12/25/1931,1520
12/26/1931,684
12/27/1931,2390
12/28/1931,4640
12/29/1931,1540
12/30/1931,720
12/31/1931,1810
1/1/1932,1330
1/2/1932,930
1/3/1932,632
1/4/1932,460
1/5/1932,370
1/6/1932,315
1/7/1932,270
1/8/1932,238
1/9/1932,219
1/10/1932,208
1/11/1932,200
1/12/1932,273
1/13/1932,436
1/14/1932,340
1/15/1932,360
1/16/1932,406
1/17/1932,365
1/18/1932,340
1/19/1932,546
1/20/1932,532
1/21/1932,394
1/22/1932,325
1/23/1932,285
1/24/1932,246
1/25/1932,234
1/26/1932,219
1/27/1932,254
1/28/1932,250
1/29/1932,230
1/30/1932,828
1/31/1932,2160
2/1/1932,2250
2/2/1932,1020
2/3/1932,672
2/4/1932,546
2/5/1932,1100
2/6/1932,7340
2/7/1932,5380
2/8/1932,4500
2/9/1932,5060
2/10/1932,2840
2/11/1932,1960
2/12/1932,1440
2/13/1932,1480
2/14/1932,1200
2/15/1932,950
2/16/1932,840
2/17/1932,720
2/18/1932,656
2/19/1932,592
2/20/1932,546
2/21/1932,504
2/22/1932,478
2/23/1932,466
2/24/1932,472
2/25/1932,484
2/26/1932,497
2/27/1932,539
2/28/1932,640
2/29/1932,747
3/1/1932,801
3/2/1932,792
3/3/1932,738
3/4/1932,680
3/5/1932,640
3/6/1932,624
3/7/1932,624
3/8/1932,648
3/9/1932,664
3/10/1932,672
3/11/1932,656
3/12/1932,640
3/13/1932,640
3/14/1932,664
3/15/1932,712
3/16/1932,704
3/17/1932,688
3/18/1932,680
3/19/1932,765
3/20/1932,1240
3/21/1932,1100
3/22/1932,960
3/23/1932,850
3/24/1932,801
3/25/1932,830
3/26/1932,810
3/27/1932,783
3/28/1932,801
3/29/1932,810
3/30/1932,774
3/31/1932,774
4/1/1932,850
4/2/1932,920
4/3/1932,910
4/4/1932,850
4/5/1932,792
4/6/1932,738
4/7/1932,696
4/8/1932,672
4/9/1932,664
4/10/1932,672
4/11/1932,688
4/12/1932,720
4/13/1932,756
4/14/1932,747
4/15/1932,756
4/16/1932,792
4/17/1932,756
4/18/1932,729
4/19/1932,729
4/20/1932,792
4/21/1932,729
4/22/1932,656
4/23/1932,584
4/24/1932,608
4/25/1932,792
4/26/1932,656
4/27/1932,664
4/28/1932,640
4/29/1932,600
4/30/1932,608
5/1/1932,704
5/2/1932,900
5/3/1932,960
5/4/1932,1000
5/5/1932,950
5/6/1932,920
5/7/1932,940
5/8/1932,870
5/9/1932,900
5/10/1932,960
5/11/1932,1010
5/12/1932,1060
5/13/1932,1060
5/14/1932,1090
5/15/1932,1030
5/16/1932,970
5/17/1932,960
5/18/1932,910
5/19/1932,810
5/20/1932,765
5/21/1932,830
5/22/1932,783
5/23/1932,680
5/24/1932,640
5/25/1932,640
5/26/1932,632
5/27/1932,616
5/28/1932,608
5/29/1932,560
5/30/1932,518
5/31/1932,472
6/1/1932,442
6/2/1932,424
6/3/1932,436
6/4/1932,442
6/5/1932,442
6/6/1932,442
6/7/1932,412
6/8/1932,382
6/9/1932,376
6/10/1932,360
6/11/1932,360
6/12/1932,360
6/13/1932,350
6/14/1932,335
6/15/1932,325
6/16/1932,295
6/17/1932,275
6/18/1932,250
6/19/1932,234
6/20/1932,223
6/21/1932,212
6/22/1932,204
6/23/1932,193
6/24/1932,178
6/25/1932,165
6/26/1932,152
6/27/1932,141
6/28/1932,132
6/29/1932,121
6/30/1932,109
7/1/1932,98
7/2/1932,89
7/3/1932,87
7/4/1932,75
7/5/1932,66
7/6/1932,62
7/7/1932,56
7/8/1932,51
7/9/1932,48
7/10/1932,45
7/11/1932,43
7/12/1932,40
7/13/1932,40
7/14/1932,42
7/15/1932,40
7/16/1932,38
7/17/1932,35
7/18/1932,33
7/19/1932,31
7/20/1932,29
7/21/1932,27
7/22/1932,26
7/23/1932,24
7/24/1932,23
7/25/1932,22
7/26/1932,21
7/27/1932,19
7/28/1932,17
7/29/1932,16
7/30/1932,16
7/31/1932,14
8/1/1932,13
8/2/1932,12
8/3/1932,13
8/4/1932,13
8/5/1932,11
8/6/1932,10
8/7/1932,10
8/8/1932,8
8/9/1932,8
8/10/1932,8
8/11/1932,9
8/12/1932,9
8/13/1932,8
8/14/1932,8
8/15/1932,6
8/16/1932,6
8/17/1932,6
8/18/1932,6
8/19/1932,6
8/20/1932,6
8/21/1932,6
8/22/1932,6
8/23/1932,4
8/24/1932,4
8/25/1932,4
8/26/1932,4
8/27/1932,4
8/28/1932,3
8/29/1932,3
8/30/1932,3
8/31/1932,3
9/1/1932,3
9/2/1932,3
9/3/1932,3
9/4/1932,3
9/5/1932,2
9/6/1932,2
9/7/1932,2
9/8/1932,2
9/9/1932,2
9/10/1932,2
9/11/1932,1
9/12/1932,1
9/13/1932,1
9/14/1932,1
9/15/1932,1
9/16/1932,1
9/17/1932,1
9/18/1932,1
9/19/1932,1
9/20/1932,1
9/21/1932,1
9/22/1932,2
9/23/1932,2
9/24/1932,2
9/25/1932,2
9/26/1932,2
9/27/1932,2
9/28/1932,2
9/29/1932,2
9/30/1932,3
10/1/1932,3
10/2/1932,3
10/3/1932,3
10/4/1932,2
10/5/1932,2
10/6/1932,3
10/7/1932,4
10/8/1932,4
10/9/1932,4
10/10/1932,8
10/11/1932,8
10/12/1932,6
10/13/1932,5
10/14/1932,4
10/15/1932,4
10/16/1932,4
10/17/1932,4
10/18/1932,4
10/19/1932,4
10/20/1932,4
10/21/1932,5
10/22/1932,6
10/23/1932,6
10/24/1932,6
10/25/1932,6
10/26/1932,6
10/27/1932,6
10/28/1932,6
10/29/1932,7
10/30/1932,7
10/31/1932,7
11/1/1932,7
11/2/1932,8
11/3/1932,8
11/4/1932,8
11/5/1932,10
11/6/1932,12
11/7/1932,13
11/8/1932,12
11/9/1932,12
11/10/1932,12
11/11/1932,11
11/12/1932,11
11/13/1932,11
11/14/1932,11
11/15/1932,11
11/16/1932,11
11/17/1932,11
11/18/1932,10
11/19/1932,10
11/20/1932,10
11/21/1932,10
11/22/1932,10
11/23/1932,10
11/24/1932,10
11/25/1932,10
11/26/1932,10
11/27/1932,10
11/28/1932,10
11/29/1932,11
11/30/1932,14
12/1/1932,22
12/2/1932,39
12/3/1932,33
12/4/1932,26
12/5/1932,22
12/6/1932,19
12/7/1932,18
12/8/1932,16
12/9/1932,15
12/10/1932,15
12/11/1932,16
12/12/1932,16
12/13/1932,14
12/14/1932,13
12/15/1932,14
12/16/1932,18
12/17/1932,21
12/18/1932,24
12/19/1932,40
12/20/1932,54
12/21/1932,81
12/22/1932,62
12/23/1932,49
12/24/1932,56
12/25/1932,53
12/26/1932,39
12/27/1932,35
12/28/1932,32
12/29/1932,31
12/30/1932,26
12/31/1932,26
1/1/1933,26
1/2/1933,26
1/3/1933,29
1/4/1933,32
1/5/1933,35
1/6/1933,36
1/7/1933,32
1/8/1933,30
1/9/1933,28
1/10/1933,28
1/11/1933,27
1/12/1933,25
1/13/1933,24
1/14/1933,27
1/15/1933,28
1/16/1933,27
1/17/1933,27
1/18/1933,30
1/19/1933,51
1/20/1933,83
1/21/1933,66
1/22/1933,72
1/23/1933,110
1/24/1933,118
1/25/1933,205
1/26/1933,138
1/27/1933,210
1/28/1933,302
1/29/1933,329
1/30/1933,326
1/31/1933,165
2/1/1933,126
2/2/1933,107
2/3/1933,93
2/4/1933,83
2/5/1933,81
2/6/1933,78
2/7/1933,76
2/8/1933,69
2/9/1933,69
2/10/1933,69
2/11/1933,68
2/12/1933,177
2/13/1933,295
2/14/1933,194
2/15/1933,143
2/16/1933,165
2/17/1933,201
2/18/1933,178
2/19/1933,138
2/20/1933,113
2/21/1933,105
2/22/1933,101
2/23/1933,97
2/24/1933,99
2/25/1933,95
2/26/1933,90
2/27/1933,92
2/28/1933,99
3/1/1933,105
3/2/1933,111
3/3/1933,117
3/4/1933,138
3/5/1933,143
3/6/1933,138
3/7/1933,149
3/8/1933,165
3/9/1933,191
3/10/1933,201
3/11/1933,205
3/12/1933,240
3/13/1933,712
3/14/1933,458
3/15/1933,335
3/16/1933,416
3/17/1933,738
3/18/1933,488
3/19/1933,380
3/20/1933,340
3/21/1933,350
3/22/1933,345
3/23/1933,315
3/24/1933,280
3/25/1933,244
3/26/1933,262
3/27/1933,240
3/28/1933,354
3/29/1933,577
3/30/1933,446
3/31/1933,380
4/1/1933,380
4/2/1933,416
4/3/1933,464
4/4/1933,528
4/5/1933,549
4/6/1933,535
4/7/1933,521
4/8/1933,482
4/9/1933,434
4/10/1933,380
4/11/1933,345
4/12/1933,335
4/13/1933,340
4/14/1933,360
4/15/1933,392
4/16/1933,422
4/17/1933,392
4/18/1933,350
4/19/1933,310
4/20/1933,276
4/21/1933,266
4/22/1933,266
4/23/1933,315
4/24/1933,392
4/25/1933,428
4/26/1933,416
4/27/1933,370
4/28/1933,392
4/29/1933,446
4/30/1933,482
5/1/1933,416
5/2/1933,482
5/3/1933,446
5/4/1933,416
5/5/1933,434
5/6/1933,446
5/7/1933,494
5/8/1933,633
5/9/1933,514
5/10/1933,542
5/11/1933,482
5/12/1933,464
5/13/1933,458
5/14/1933,458
5/15/1933,500
5/16/1933,556
5/17/1933,584
5/18/1933,584
5/19/1933,563
5/20/1933,556
5/21/1933,570
5/22/1933,612
5/23/1933,549
5/24/1933,542
5/25/1933,577
5/26/1933,633
5/27/1933,656
5/28/1933,696
5/29/1933,747
5/30/1933,783
5/31/1933,774
6/1/1933,704
6/2/1933,626
6/3/1933,563
6/4/1933,507
6/5/1933,458
6/6/1933,470
6/7/1933,500
6/8/1933,482
6/9/1933,470
6/10/1933,464
6/11/1933,440
6/12/1933,428
6/13/1933,416
6/14/1933,392
6/15/1933,365
6/16/1933,330
6/17/1933,290
6/18/1933,248
6/19/1933,224
6/20/1933,197
6/21/1933,171
6/22/1933,154
6/23/1933,146
6/24/1933,133
6/25/1933,124
6/26/1933,111
6/27/1933,105
6/28/1933,103
6/29/1933,103
6/30/1933,92
7/1/1933,83
7/2/1933,76
7/3/1933,72
7/4/1933,68
7/5/1933,60
7/6/1933,56
7/7/1933,53
7/8/1933,50
7/9/1933,48
7/10/1933,44
7/11/1933,42
7/12/1933,38
7/13/1933,33
7/14/1933,30
7/15/1933,28
7/16/1933,26
7/17/1933,25
7/18/1933,24
7/19/1933,21
7/20/1933,19
7/21/1933,16
7/22/1933,15
7/23/1933,15
7/24/1933,13
7/25/1933,13
7/26/1933,11
7/27/1933,10
7/28/1933,9
7/29/1933,8
7/30/1933,8
7/31/1933,8
8/1/1933,8
8/2/1933,7
8/3/1933,7
8/4/1933,8
8/5/1933,8
8/6/1933,8
8/7/1933,6
8/8/1933,6
8/9/1933,6
8/10/1933,4
8/11/1933,3
8/12/1933,3
8/13/1933,2
8/14/1933,1
8/15/1933,1
8/16/1933,1
8/17/1933,1
8/18/1933,1
8/19/1933,1
8/20/1933,0
8/21/1933,0
8/22/1933,0
8/23/1933,0
8/24/1933,0
8/25/1933,0
8/26/1933,0
8/27/1933,0
8/28/1933,0
8/29/1933,0
8/30/1933,0
8/31/1933,0
9/1/1933,0
9/2/1933,0
9/3/1933,0
9/4/1933,0
9/5/1933,0
9/6/1933,0
9/7/1933,0
9/8/1933,0
9/9/1933,0
9/10/1933,0
9/11/1933,0
9/12/1933,0
9/13/1933,0
9/14/1933,0
9/15/1933,0
9/16/1933,0
9/17/1933,0
9/18/1933,0
9/19/1933,0
9/20/1933,0
9/21/1933,0
9/22/1933,0
9/23/1933,0
9/24/1933,0
9/25/1933,0
9/26/1933,0
9/27/1933,1
9/28/1933,1
9/29/1933,1
9/30/1933,2
10/1/1933,2
10/2/1933,2
10/3/1933,2
10/4/1933,1
10/5/1933,1
10/6/1933,1
10/7/1933,1
10/8/1933,1
10/9/1933,0
10/10/1933,0
10/11/1933,0
10/12/1933,0
10/13/1933,1
10/14/1933,1
10/15/1933,1
10/16/1933,1
10/17/1933,1
10/18/1933,1
10/19/1933,1
10/20/1933,1
10/21/1933,1
10/22/1933,1
10/23/1933,1
10/24/1933,2
10/25/1933,2
10/26/1933,2
10/27/1933,2
10/28/1933,4
10/29/1933,4
10/30/1933,73
10/31/1933,227
11/1/1933,154
11/2/1933,80
11/3/1933,51
11/4/1933,40
11/5/1933,33
11/6/1933,27
11/7/1933,24
11/8/1933,22
11/9/1933,21
11/10/1933,19
11/11/1933,19
11/12/1933,19
11/13/1933,21
11/14/1933,19
11/15/1933,16
11/16/1933,16
11/17/1933,16
11/18/1933,16
11/19/1933,16
11/20/1933,16
11/21/1933,16
11/22/1933,16
11/23/1933,16
11/24/1933,16
11/25/1933,16
11/26/1933,15
11/27/1933,15
11/28/1933,14
11/29/1933,14
11/30/1933,14
12/1/1933,16
12/2/1933,16
12/3/1933,26
12/4/1933,49
12/5/1933,56
12/6/1933,40
12/7/1933,31
12/8/1933,27
12/9/1933,26
12/10/1933,26
12/11/1933,24
12/12/1933,45
12/13/1933,938
12/14/1933,1280
12/15/1933,792
12/16/1933,476
12/17/1933,240
12/18/1933,171
12/19/1933,149
12/20/1933,126
12/21/1933,113
12/22/1933,103
12/23/1933,95
12/24/1933,93
12/25/1933,92
12/26/1933,92
12/27/1933,92
12/28/1933,93
12/29/1933,643
12/30/1933,1870
12/31/1933,1120
1/1/1934,4920
1/2/1934,2720
1/3/1934,1140
1/4/1934,756
1/5/1934,576
1/6/1934,460
1/7/1934,382
1/8/1934,335
1/9/1934,295
1/10/1934,262
1/11/1934,242
1/12/1934,224
1/13/1934,211
1/14/1934,198
1/15/1934,187
1/16/1934,179
1/17/1934,168
1/18/1934,164
1/19/1934,161
1/20/1934,190
1/21/1934,176
1/22/1934,164
1/23/1934,161
1/24/1934,238
1/25/1934,214
1/26/1934,190
1/27/1934,179
1/28/1934,176
1/29/1934,174
1/30/1934,171
1/31/1934,168
2/1/1934,166
2/2/1934,164
2/3/1934,164
2/4/1934,161
2/5/1934,161
2/6/1934,174
2/7/1934,193
2/8/1934,730
2/9/1934,525
2/10/1934,365
2/11/1934,315
2/12/1934,275
2/13/1934,250
2/14/1934,234
2/15/1934,242
2/16/1934,798
2/17/1934,576
2/18/1934,424
2/19/1934,627
2/20/1934,810
2/21/1934,624
2/22/1934,546
2/23/1934,980
2/24/1934,940
2/25/1934,738
2/26/1934,2160
2/27/1934,1220
2/28/1934,910
3/1/1934,756
3/2/1934,664
3/3/1934,608
3/4/1934,560
3/5/1934,525
3/6/1934,497
3/7/1934,466
3/8/1934,436
3/9/1934,400
3/10/1934,376
3/11/1934,355
3/12/1934,340
3/13/1934,330
3/14/1934,315
3/15/1934,305
3/16/1934,305
3/17/1934,290
3/18/1934,280
3/19/1934,270
3/20/1934,266
3/21/1934,258
3/22/1934,250
3/23/1934,242
3/24/1934,266
3/25/1934,270
3/26/1934,250
3/27/1934,238
3/28/1934,230
3/29/1934,300
3/30/1934,400
3/31/1934,330
4/1/1934,300
4/2/1934,280
4/3/1934,254
4/4/1934,234
4/5/1934,220
4/6/1934,211
4/7/1934,204
4/8/1934,198
4/9/1934,195
4/10/1934,187
4/11/1934,182
4/12/1934,174
4/13/1934,171
4/14/1934,166
4/15/1934,164
4/16/1934,161
4/17/1934,154
4/18/1934,148
4/19/1934,141
4/20/1934,132
4/21/1934,127
4/22/1934,129
4/23/1934,139
4/24/1934,176
4/25/1934,164
4/26/1934,144
4/27/1934,129
4/28/1934,118
4/29/1934,109
4/30/1934,102
5/1/1934,139
5/2/1934,176
5/3/1934,144
5/4/1934,132
5/5/1934,122
5/6/1934,109
5/7/1934,98
5/8/1934,92
5/9/1934,87
5/10/1934,83
5/11/1934,78
5/12/1934,72
5/13/1934,67
5/14/1934,63
5/15/1934,60
5/16/1934,57
5/17/1934,54
5/18/1934,50
5/19/1934,48
5/20/1934,44
5/21/1934,42
5/22/1934,39
5/23/1934,35
5/24/1934,34
5/25/1934,34
5/26/1934,42
5/27/1934,51
5/28/1934,56
5/29/1934,53
5/30/1934,49
5/31/1934,61
6/1/1934,56
6/2/1934,49
6/3/1934,42
6/4/1934,37
6/5/1934,37
6/6/1934,38
6/7/1934,56
6/8/1934,72
6/9/1934,119
6/10/1934,90
6/11/1934,71
6/12/1934,64
6/13/1934,60
6/14/1934,51
6/15/1934,48
6/16/1934,50
6/17/1934,46
6/18/1934,39
6/19/1934,34
6/20/1934,31
6/21/1934,31
6/22/1934,28
6/23/1934,25
6/24/1934,22
6/25/1934,21
6/26/1934,20
6/27/1934,20
6/28/1934,22
6/29/1934,21
6/30/1934,22
7/1/1934,20
7/2/1934,18
7/3/1934,15
7/4/1934,12
7/5/1934,10
7/6/1934,9
7/7/1934,8
7/8/1934,8
7/9/1934,7
7/10/1934,6
7/11/1934,6
7/12/1934,5
7/13/1934,4
7/14/1934,4
7/15/1934,4
7/16/1934,3
7/17/1934,3
7/18/1934,3
7/19/1934,3
7/20/1934,3
7/21/1934,2
7/22/1934,2
7/23/1934,2
7/24/1934,1
7/25/1934,1
7/26/1934,1
7/27/1934,1
7/28/1934,1
7/29/1934,0
7/30/1934,0
7/31/1934,0
8/1/1934,0
8/2/1934,0
8/3/1934,0
8/4/1934,0
8/5/1934,0
8/6/1934,0
8/7/1934,0
8/8/1934,0
8/9/1934,0
8/10/1934,0
8/11/1934,0
8/12/1934,0
8/13/1934,0
8/14/1934,0
8/15/1934,0
8/16/1934,0
8/17/1934,0
8/18/1934,0
8/19/1934,0
8/20/1934,0
8/21/1934,0
8/22/1934,0
8/23/1934,0
8/24/1934,0
8/25/1934,0
8/26/1934,0
8/27/1934,0
8/28/1934,0
8/29/1934,0
8/30/1934,0
8/31/1934,0
9/1/1934,0
9/2/1934,0
9/3/1934,0
9/4/1934,0
9/5/1934,0
9/6/1934,0
9/7/1934,0
9/8/1934,0
9/9/1934,0
9/10/1934,0
9/11/1934,0
9/12/1934,0
9/13/1934,0
9/14/1934,0
9/15/1934,0
9/16/1934,0
9/17/1934,0
9/18/1934,0
9/19/1934,0
9/20/1934,0
9/21/1934,0
9/22/1934,0
9/23/1934,0
9/24/1934,0
9/25/1934,0
9/26/1934,0
9/27/1934,0
9/28/1934,0
9/29/1934,0
9/30/1934,0
10/1/1934,0
10/2/1934,0
10/3/1934,0
10/4/1934,0
10/5/1934,0
10/6/1934,0
10/7/1934,0
10/8/1934,0
10/9/1934,0
10/10/1934,0
10/11/1934,0
10/12/1934,0
10/13/1934,0
10/14/1934,0
10/15/1934,0
10/16/1934,0
10/17/1934,0
10/18/1934,0
10/19/1934,0
10/20/1934,0
10/21/1934,9
10/22/1934,14
10/23/1934,14
10/24/1934,14
10/25/1934,16
10/26/1934,14
10/27/1934,12
10/28/1934,11
10/29/1934,10
10/30/1934,10
10/31/1934,12
11/1/1934,33
11/2/1934,39
11/3/1934,39
11/4/1934,32
11/5/1934,32
11/6/1934,39
11/7/1934,31
11/8/1934,25
11/9/1934,20
11/10/1934,18
11/11/1934,16
11/12/1934,15
11/13/1934,14
11/14/1934,14
11/15/1934,125
11/16/1934,171
11/17/1934,101
11/18/1934,136
11/19/1934,240
11/20/1934,231
11/21/1934,138
11/22/1934,92
11/23/1934,81
11/24/1934,97
11/25/1934,103
11/26/1934,78
11/27/1934,68
11/28/1934,62
11/29/1934,58
11/30/1934,53
12/1/1934,50
12/2/1934,55
12/3/1934,53
12/4/1934,45
12/5/1934,43
12/6/1934,42
12/7/1934,39
12/8/1934,37
12/9/1934,35
12/10/1934,35
12/11/1934,34
12/12/1934,34
12/13/1934,37
12/14/1934,211
12/15/1934,227
12/16/1934,171
12/17/1934,138
12/18/1934,113
12/19/1934,93
12/20/1934,83
12/21/1934,75
12/22/1934,70
12/23/1934,64
12/24/1934,60
12/25/1934,56
12/26/1934,55
12/27/1934,135
12/28/1934,295
12/29/1934,212
12/30/1934,152
12/31/1934,157
1/1/1935,133
1/2/1935,105
1/3/1935,93
1/4/1935,636
1/5/1935,1350
1/6/1935,535
1/7/1935,365
1/8/1935,1460
1/9/1935,1240
1/10/1935,860
1/11/1935,507
1/12/1935,370
1/13/1935,295
1/14/1935,1020
1/15/1935,712
1/16/1935,830
1/17/1935,704
1/18/1935,880
1/19/1935,900
1/20/1935,535
1/21/1935,416
1/22/1935,360
1/23/1935,325
1/24/1935,300
1/25/1935,280
1/26/1935,276
1/27/1935,266
1/28/1935,258
1/29/1935,244
1/30/1935,240
1/31/1935,235
2/1/1935,235
2/2/1935,235
2/3/1935,240
2/4/1935,258
2/5/1935,345
2/6/1935,488
2/7/1935,860
2/8/1935,840
2/9/1935,696
2/10/1935,747
2/11/1935,563
2/12/1935,500
2/13/1935,482
2/14/1935,549
2/15/1935,482
2/16/1935,416
2/17/1935,375
2/18/1935,350
2/19/1935,345
2/20/1935,355
2/21/1935,380
2/22/1935,380
2/23/1935,380
2/24/1935,375
2/25/1935,350
2/26/1935,325
2/27/1935,305
2/28/1935,295
3/1/1935,320
3/2/1935,365
3/3/1935,315
3/4/1935,365
3/5/1935,410
3/6/1935,340
3/7/1935,2730
3/8/1935,1660
3/9/1935,1110
3/10/1935,792
3/11/1935,656
3/12/1935,619
3/13/1935,626
3/14/1935,633
3/15/1935,680
3/16/1935,640
3/17/1935,605
3/18/1935,570
3/19/1935,549
3/20/1935,521
3/21/1935,850
3/22/1935,738
3/23/1935,792
3/24/1935,774
3/25/1935,633
3/26/1935,598
3/27/1935,584
3/28/1935,577
3/29/1935,591
3/30/1935,656
3/31/1935,738
4/1/1935,820
4/2/1935,860
4/3/1935,2980
4/4/1935,4500
4/5/1935,4100
4/6/1935,3060
4/7/1935,3850
4/8/1935,11300
4/9/1935,5640
4/10/1935,3730
4/11/1935,2840
4/12/1935,2300
4/13/1935,2060
4/14/1935,2040
4/15/1935,3610
4/16/1935,4500
4/17/1935,3610
4/18/1935,2840
4/19/1935,2460
4/20/1935,2330
4/21/1935,2260
4/22/1935,2040
4/23/1935,1840
4/24/1935,1740
4/25/1935,1580
4/26/1935,1510
4/27/1935,1450
4/28/1935,1470
4/29/1935,2210
4/30/1935,2330
5/1/1935,1760
5/2/1935,1480
5/3/1935,1320
5/4/1935,1200
5/5/1935,1170
5/6/1935,1190
5/7/1935,1240
5/8/1935,1250
5/9/1935,1270
5/10/1935,1240
5/11/1935,1180
5/12/1935,1120
5/13/1935,1030
5/14/1935,990
5/15/1935,960
5/16/1935,900
5/17/1935,850
5/18/1935,810
5/19/1935,783
5/20/1935,783
5/21/1935,783
5/22/1935,830
5/23/1935,830
5/24/1935,840
5/25/1935,792
5/26/1935,783
5/27/1935,756
5/28/1935,720
5/29/1935,672
5/30/1935,680
5/31/1935,626
6/1/1935,563
6/2/1935,563
6/3/1935,570
6/4/1935,577
6/5/1935,570
6/6/1935,556
6/7/1935,528
6/8/1935,476
6/9/1935,446
6/10/1935,404
6/11/1935,365
6/12/1935,345
6/13/1935,325
6/14/1935,300
6/15/1935,271
6/16/1935,248
6/17/1935,231
6/18/1935,216
6/19/1935,201
6/20/1935,191
6/21/1935,178
6/22/1935,162
6/23/1935,149
6/24/1935,141
6/25/1935,131
6/26/1935,122
6/27/1935,115
6/28/1935,109
6/29/1935,107
6/30/1935,101
7/1/1935,93
7/2/1935,92
7/3/1935,117
7/4/1935,101
7/5/1935,90
7/6/1935,83
7/7/1935,78
7/8/1935,75
7/9/1935,74
7/10/1935,66
7/11/1935,63
7/12/1935,60
7/13/1935,56
7/14/1935,53
7/15/1935,50
7/16/1935,49
7/17/1935,45
7/18/1935,42
7/19/1935,38
7/20/1935,36
7/21/1935,35
7/22/1935,34
7/23/1935,33
7/24/1935,31
7/25/1935,30
7/26/1935,28
7/27/1935,27
7/28/1935,26
7/29/1935,24
7/30/1935,23
7/31/1935,23
8/1/1935,22
8/2/1935,22
8/3/1935,19
8/4/1935,17
8/5/1935,17
8/6/1935,16
8/7/1935,15
8/8/1935,15
8/9/1935,14
8/10/1935,14
8/11/1935,12
8/12/1935,11
8/13/1935,10
8/14/1935,10
8/15/1935,10
8/16/1935,8
8/17/1935,8
8/18/1935,8
8/19/1935,8
8/20/1935,8
8/21/1935,8
8/22/1935,6
8/23/1935,6
8/24/1935,6
8/25/1935,4
8/26/1935,4
8/27/1935,4
8/28/1935,4
8/29/1935,4
8/30/1935,3
8/31/1935,3
9/1/1935,3
9/2/1935,3
9/3/1935,3
9/4/1935,3
9/5/1935,3
9/6/1935,3
9/7/1935,2
9/8/1935,2
9/9/1935,2
9/10/1935,2
9/11/1935,2
9/12/1935,2
9/13/1935,2
9/14/1935,3
9/15/1935,3
9/16/1935,2
9/17/1935,2
9/18/1935,2
9/19/1935,2
9/20/1935,2
9/21/1935,2
9/22/1935,2
9/23/1935,2
9/24/1935,2
9/25/1935,2
9/26/1935,2
9/27/1935,2
9/28/1935,2
9/29/1935,2
9/30/1935,1
10/1/1935,2
10/2/1935,2
10/3/1935,2
10/4/1935,5
10/5/1935,9
10/6/1935,11
10/7/1935,10
10/8/1935,9
10/9/1935,8
10/10/1935,8
10/11/1935,8
10/12/1935,11
10/13/1935,24
10/14/1935,40
10/15/1935,42
10/16/1935,53
10/17/1935,53
10/18/1935,40
10/19/1935,30
10/20/1935,26
10/21/1935,22
10/22/1935,19
10/23/1935,19
10/24/1935,18
10/25/1935,17
10/26/1935,16
10/27/1935,16
10/28/1935,16
10/29/1935,16
10/30/1935,16
10/31/1935,16
11/1/1935,17
11/2/1935,20
11/3/1935,30
11/4/1935,44
11/5/1935,35
11/6/1935,30
11/7/1935,28
11/8/1935,27
11/9/1935,27
11/10/1935,27
11/11/1935,27
11/12/1935,26
11/13/1935,26
11/14/1935,25
11/15/1935,24
11/16/1935,24
11/17/1935,35
11/18/1935,56
11/19/1935,63
11/20/1935,46
11/21/1935,37
11/22/1935,34
11/23/1935,35
11/24/1935,39
11/25/1935,39
11/26/1935,36
11/27/1935,33
11/28/1935,32
11/29/1935,30
11/30/1935,29
12/1/1935,28
12/2/1935,28
12/3/1935,27
12/4/1935,27
12/5/1935,27
12/6/1935,27
12/7/1935,28
12/8/1935,29
12/9/1935,31
12/10/1935,32
12/11/1935,32
12/12/1935,43
12/13/1935,92
12/14/1935,78
12/15/1935,55
12/16/1935,48
12/17/1935,43
12/18/1935,38
12/19/1935,37
12/20/1935,32
12/21/1935,33
12/22/1935,36
12/23/1935,35
12/24/1935,33
12/25/1935,32
12/26/1935,32
12/27/1935,38
12/28/1935,45
12/29/1935,80
12/30/1935,136
12/31/1935,117
1/1/1936,103
1/2/1936,109
1/3/1936,244
1/4/1936,248
1/5/1936,276
1/6/1936,201
1/7/1936,146
1/8/1936,126
1/9/1936,834
1/10/1936,1850
1/11/1936,3790
1/12/1936,1470
1/13/1936,830
1/14/1936,3930
1/15/1936,2950
1/16/1936,3850
1/17/1936,1800
1/18/1936,1120
1/19/1936,830
1/20/1936,672
1/21/1936,570
1/22/1936,488
1/23/1936,434
1/24/1936,398
1/25/1936,365
1/26/1936,340
1/27/1936,315
1/28/1936,305
1/29/1936,295
1/30/1936,280
1/31/1936,262
2/1/1936,2080
2/2/1936,3280
2/3/1936,1120
2/4/1936,783
2/5/1936,656
2/6/1936,570
2/7/1936,500
2/8/1936,458
2/9/1936,422
2/10/1936,392
2/11/1936,2030
2/12/1936,6860
2/13/1936,6090
2/14/1936,8610
2/15/1936,4630
2/16/1936,7180
2/17/1936,5060
2/18/1936,3380
2/19/1936,2840
2/20/1936,2700
2/21/1936,4260
2/22/1936,15600
2/23/1936,13500
2/24/1936,7170
2/25/1936,6090
2/26/1936,3850
2/27/1936,3060
2/28/1936,2520
2/29/1936,2170
3/1/1936,1900
3/2/1936,1740
3/3/1936,1640
3/4/1936,1600
3/5/1936,1520
3/6/1936,1440
3/7/1936,1380
3/8/1936,1330
3/9/1936,1300
3/10/1936,1290
3/11/1936,1250
3/12/1936,1230
3/13/1936,1200
3/14/1936,1160
3/15/1936,1110
3/16/1936,1060
3/17/1936,1040
3/18/1936,1010
3/19/1936,960
3/20/1936,950
3/21/1936,950
3/22/1936,950
3/23/1936,900
3/24/1936,890
3/25/1936,880
3/26/1936,756
3/27/1936,688
3/28/1936,656
3/29/1936,910
3/30/1936,1200
3/31/1936,2170
4/1/1936,1270
4/2/1936,1060
4/3/1936,1320
4/4/1936,3500
4/5/1936,2040
4/6/1936,1500
4/7/1936,1280
4/8/1936,1240
4/9/1936,1280
4/10/1936,1360
4/11/1936,1500
4/12/1936,1600
4/13/1936,1660
4/14/1936,1660
4/15/1936,1690
4/16/1936,1740
4/17/1936,1740
4/18/1936,1640
4/19/1936,1510
4/20/1936,1400
4/21/1936,1370
4/22/1936,1370
4/23/1936,1330
4/24/1936,1270
4/25/1936,1170
4/26/1936,1110
4/27/1936,1050
4/28/1936,980
4/29/1936,970
4/30/1936,930
5/1/1936,840
5/2/1936,810
5/3/1936,840
5/4/1936,940
5/5/1936,950
5/6/1936,860
5/7/1936,774
5/8/1936,712
5/9/1936,696
5/10/1936,704
5/11/1936,720
5/12/1936,720
5/13/1936,704
5/14/1936,729
5/15/1936,738
5/16/1936,680
5/17/1936,640
5/18/1936,612
5/19/1936,591
5/20/1936,542
5/21/1936,494
5/22/1936,470
5/23/1936,458
5/24/1936,452
5/25/1936,452
5/26/1936,446
5/27/1936,434
5/28/1936,446
5/29/1936,494
5/30/1936,422
5/31/1936,392
6/1/1936,370
6/2/1936,340
6/3/1936,325
6/4/1936,375
6/5/1936,375
6/6/1936,350
6/7/1936,820
6/8/1936,940
6/9/1936,688
6/10/1936,584
6/11/1936,528
6/12/1936,488
6/13/1936,452
6/14/1936,398
6/15/1936,375
6/16/1936,340
6/17/1936,310
6/18/1936,290
6/19/1936,266
6/20/1936,240
6/21/1936,224
6/22/1936,208
6/23/1936,194
6/24/1936,178
6/25/1936,160
6/26/1936,146
6/27/1936,136
6/28/1936,129
6/29/1936,122
6/30/1936,115
7/1/1936,107
7/2/1936,101
7/3/1936,95
7/4/1936,90
7/5/1936,85
7/6/1936,81
7/7/1936,75
7/8/1936,70
7/9/1936,72
7/10/1936,75
7/11/1936,76
7/12/1936,83
7/13/1936,75
7/14/1936,66
7/15/1936,58
7/16/1936,53
7/17/1936,49
7/18/1936,46
7/19/1936,44
7/20/1936,42
7/21/1936,39
7/22/1936,38
7/23/1936,36
7/24/1936,37
7/25/1936,39
7/26/1936,30
7/27/1936,28
7/28/1936,27
7/29/1936,27
7/30/1936,26
7/31/1936,24
8/1/1936,23
8/2/1936,22
8/3/1936,21
8/4/1936,20
8/5/1936,19
8/6/1936,19
8/7/1936,18
8/8/1936,16
8/9/1936,16
8/10/1936,19
8/11/1936,16
8/12/1936,14
8/13/1936,14
8/14/1936,13
8/15/1936,13
8/16/1936,12
8/17/1936,11
8/18/1936,10
8/19/1936,10
8/20/1936,10
8/21/1936,9
8/22/1936,8
8/23/1936,8
8/24/1936,8
8/25/1936,8
8/26/1936,8
8/27/1936,7
8/28/1936,6
8/29/1936,6
8/30/1936,6
8/31/1936,6
9/1/1936,6
9/2/1936,6
9/3/1936,4
9/4/1936,6
9/5/1936,11
9/6/1936,17
9/7/1936,22
9/8/1936,20
9/9/1936,11
9/10/1936,8
9/11/1936,8
9/12/1936,7
9/13/1936,6
9/14/1936,6
9/15/1936,6
9/16/1936,6
9/17/1936,6
9/18/1936,6
9/19/1936,6
9/20/1936,6
9/21/1936,5
9/22/1936,5
9/23/1936,4
9/24/1936,4
9/25/1936,4
9/26/1936,4
9/27/1936,4
9/28/1936,4
9/29/1936,4
9/30/1936,4
10/1/1936,4
10/2/1936,5
10/3/1936,6
10/4/1936,6
10/5/1936,7
10/6/1936,9
10/7/1936,9
10/8/1936,10
10/9/1936,16
10/10/1936,12
10/11/1936,8
10/12/1936,8
10/13/1936,8
10/14/1936,9
10/15/1936,7
10/16/1936,6
10/17/1936,10
10/18/1936,10
10/19/1936,8
10/20/1936,6
10/21/1936,9
10/22/1936,13
10/23/1936,14
10/24/1936,14
10/25/1936,12
10/26/1936,12
10/27/1936,12
10/28/1936,11
10/29/1936,11
10/30/1936,11
10/31/1936,15
11/1/1936,18
11/2/1936,27
11/3/1936,29
11/4/1936,24
11/5/1936,21
11/6/1936,18
11/7/1936,19
11/8/1936,19
11/9/1936,18
11/10/1936,16
11/11/1936,16
11/12/1936,17
11/13/1936,16
11/14/1936,16
11/15/1936,16
11/16/1936,16
11/17/1936,16
11/18/1936,16
11/19/1936,16
11/20/1936,16
11/21/1936,16
11/22/1936,16
11/23/1936,16
11/24/1936,15
11/25/1936,16
11/26/1936,15
11/27/1936,16
11/28/1936,16
11/29/1936,16
11/30/1936,16
12/1/1936,16
12/2/1936,17
12/3/1936,16
12/4/1936,16
12/5/1936,17
12/6/1936,18
12/7/1936,17
12/8/1936,19
12/9/1936,21
12/10/1936,21
12/11/1936,21
12/12/1936,21
12/13/1936,20
12/14/1936,19
12/15/1936,25
12/16/1936,65
12/17/1936,161
12/18/1936,95
12/19/1936,62
12/20/1936,52
12/21/1936,49
12/22/1936,45
12/23/1936,42
12/24/1936,41
12/25/1936,54
12/26/1936,79
12/27/1936,134
12/28/1936,151
12/29/1936,97
12/30/1936,91
12/31/1936,108
1/1/1937,89
1/2/1937,79
1/3/1937,69
1/4/1937,63
1/5/1937,63
1/6/1937,86
1/7/1937,77
1/8/1937,53
1/9/1937,41
1/10/1937,53
1/11/1937,69
1/12/1937,108
1/13/1937,79
1/14/1937,79
1/15/1937,86
1/16/1937,118
1/17/1937,121
1/18/1937,97
1/19/1937,108
1/20/1937,84
1/21/1937,56
1/22/1937,57
1/23/1937,68
1/24/1937,80
1/25/1937,72
1/26/1937,74
1/27/1937,118
1/28/1937,558
1/29/1937,613
1/30/1937,1060
1/31/1937,454
2/1/1937,274
2/2/1937,804
2/3/1937,488
2/4/1937,3030
2/5/1937,5550
2/6/1937,7800
2/7/1937,3340
2/8/1937,1370
2/9/1937,851
2/10/1937,605
2/11/1937,545
2/12/1937,920
2/13/1937,1020
2/14/1937,5000
2/15/1937,2640
2/16/1937,1550
2/17/1937,1170
2/18/1937,1010
2/19/1937,900
2/20/1937,757
2/21/1937,669
2/22/1937,613
2/23/1937,613
2/24/1937,645
2/25/1937,1690
2/26/1937,1140
2/27/1937,842
2/28/1937,712
3/1/1937,645
3/2/1937,590
3/3/1937,582
3/4/1937,598
3/5/1937,637
3/6/1937,694
3/7/1937,720
3/8/1937,770
3/9/1937,820
3/10/1937,860
3/11/1937,890
3/12/1937,1390
3/13/1937,2060
3/14/1937,1530
3/15/1937,1290
3/16/1937,1170
3/17/1937,1210
3/18/1937,1570
3/19/1937,1620
3/20/1937,2670
3/21/1937,7070
3/22/1937,5700
3/23/1937,3560
3/24/1937,4620
3/25/1937,2930
3/26/1937,2030
3/27/1937,2710
3/28/1937,2150
3/29/1937,1690
3/30/1937,1470
3/31/1937,1380
4/1/1937,1410
4/2/1937,2030
4/3/1937,1800
4/4/1937,1630
4/5/1937,1470
4/6/1937,2150
4/7/1937,1740
4/8/1937,1560
4/9/1937,1500
4/10/1937,1460
4/11/1937,1410
4/12/1937,1360
4/13/1937,1360
4/14/1937,1410
4/15/1937,1620
4/16/1937,1730
4/17/1937,1570
4/18/1937,1470
4/19/1937,1430
4/20/1937,1430
4/21/1937,1550
4/22/1937,1670
4/23/1937,1530
4/24/1937,1430
4/25/1937,1420
4/26/1937,1480
4/27/1937,1520
4/28/1937,1410
4/29/1937,1230
4/30/1937,1100
5/1/1937,1160
5/2/1937,1190
5/3/1937,1300
5/4/1937,1400
5/5/1937,1550
5/6/1937,1500
5/7/1937,1400
5/8/1937,1350
5/9/1937,1310
5/10/1937,1240
5/11/1937,1170
5/12/1937,1240
5/13/1937,1330
5/14/1937,1410
5/15/1937,1410
5/16/1937,1330
5/17/1937,1240
5/18/1937,1170
5/19/1937,1020
5/20/1937,940
5/21/1937,900
5/22/1937,880
5/23/1937,851
5/24/1937,822
5/25/1937,813
5/26/1937,757
5/27/1937,694
5/28/1937,677
5/29/1937,669
5/30/1937,629
5/31/1937,545
6/1/1937,488
6/2/1937,460
6/3/1937,441
6/4/1937,429
6/5/1937,410
6/6/1937,381
6/7/1937,359
6/8/1937,332
6/9/1937,312
6/10/1937,292
6/11/1937,274
6/12/1937,252
6/13/1937,234
6/14/1937,230
6/15/1937,216
6/16/1937,237
6/17/1937,429
6/18/1937,292
6/19/1937,241
6/20/1937,219
6/21/1937,206
6/22/1937,193
6/23/1937,177
6/24/1937,166
6/25/1937,156
6/26/1937,148
6/27/1937,136
6/28/1937,125
6/29/1937,121
6/30/1937,121
7/1/1937,110
7/2/1937,98
7/3/1937,91
7/4/1937,86
7/5/1937,80
7/6/1937,75
7/7/1937,69
7/8/1937,69
7/9/1937,72
7/10/1937,68
7/11/1937,58
7/12/1937,57
7/13/1937,56
7/14/1937,54
7/15/1937,50
7/16/1937,47
7/17/1937,44
7/18/1937,43
7/19/1937,41
7/20/1937,41
7/21/1937,39
7/22/1937,37
7/23/1937,35
7/24/1937,32
7/25/1937,31
7/26/1937,31
7/27/1937,30
7/28/1937,28
7/29/1937,26
7/30/1937,23
7/31/1937,22
8/1/1937,21
8/2/1937,20
8/3/1937,20
8/4/1937,21
8/5/1937,19
8/6/1937,18
8/7/1937,16
8/8/1937,15
8/9/1937,14
8/10/1937,14
8/11/1937,13
8/12/1937,12
8/13/1937,11
8/14/1937,11
8/15/1937,10
8/16/1937,10
8/17/1937,9
8/18/1937,9
8/19/1937,8
8/20/1937,8
8/21/1937,8
8/22/1937,7
8/23/1937,6
8/24/1937,6
8/25/1937,6
8/26/1937,5
8/27/1937,5
8/28/1937,5
8/29/1937,5
8/30/1937,5
8/31/1937,4
9/1/1937,5
9/2/1937,5
9/3/1937,5
9/4/1937,5
9/5/1937,5
9/6/1937,6
9/7/1937,6
9/8/1937,6
9/9/1937,6
9/10/1937,6
9/11/1937,5
9/12/1937,5
9/13/1937,6
9/14/1937,6
9/15/1937,5
9/16/1937,4
9/17/1937,4
9/18/1937,3
9/19/1937,3
9/20/1937,3
9/21/1937,2
9/22/1937,3
9/23/1937,3
9/24/1937,3
9/25/1937,4
9/26/1937,4
9/27/1937,4
9/28/1937,4
9/29/1937,4
9/30/1937,4
10/1/1937,4
10/2/1937,6
10/3/1937,9
10/4/1937,10
10/5/1937,17
10/6/1937,18
10/7/1937,14
10/8/1937,13
10/9/1937,11
10/10/1937,9
10/11/1937,9
10/12/1937,8
10/13/1937,9
10/14/1937,11
10/15/1937,32
10/16/1937,77
10/17/1937,44
10/18/1937,30
10/19/1937,26
10/20/1937,23
10/21/1937,20
10/22/1937,19
10/23/1937,16
10/24/1937,15
10/25/1937,14
10/26/1937,14
10/27/1937,13
10/28/1937,13
10/29/1937,13
10/30/1937,14
10/31/1937,13
11/1/1937,13
11/2/1937,14
11/3/1937,15
11/4/1937,15
11/5/1937,14
11/6/1937,14
11/7/1937,15
11/8/1937,15
11/9/1937,17
11/10/1937,16
11/11/1937,19
11/12/1937,37
11/13/1937,63
11/14/1937,50
11/15/1937,45
11/16/1937,54
11/17/1937,54
11/18/1937,143
11/19/1937,108
11/20/1937,77
11/21/1937,80
11/22/1937,97
11/23/1937,82
11/24/1937,89
11/25/1937,116
11/26/1937,89
11/27/1937,72
11/28/1937,63
11/29/1937,53
11/30/1937,49
12/1/1937,48
12/2/1937,45
12/3/1937,45
12/4/1937,45
12/5/1937,45
12/6/1937,44
12/7/1937,43
12/8/1937,43
12/9/1937,44
12/10/1937,410
12/11/1937,4680
12/12/1937,3030
12/13/1937,1260
12/14/1937,808
12/15/1937,599
12/16/1937,480
12/17/1937,396
12/18/1937,345
12/19/1937,305
12/20/1937,273
12/21/1937,243
12/22/1937,226
12/23/1937,296
12/24/1937,251
12/25/1937,218
12/26/1937,197
12/27/1937,183
12/28/1937,180
12/29/1937,168
12/30/1937,159
12/31/1937,156
1/1/1938,156
1/2/1938,177
1/3/1938,204
1/4/1938,183
1/5/1938,168
1/6/1938,159
1/7/1938,151
1/8/1938,148
1/9/1938,143
1/10/1938,138
1/11/1938,133
1/12/1938,128
1/13/1938,126
1/14/1938,123
1/15/1938,517
1/16/1938,402
1/17/1938,396
1/18/1938,487
1/19/1938,480
1/20/1938,494
1/21/1938,360
1/22/1938,315
1/23/1938,301
1/24/1938,287
1/25/1938,260
1/26/1938,247
1/27/1938,243
1/28/1938,264
1/29/1938,522
1/30/1938,396
1/31/1938,1490
2/1/1938,3790
2/2/1938,2510
2/3/1938,6050
2/4/1938,3790
2/5/1938,2080
2/6/1938,1330
2/7/1938,1020
2/8/1938,880
2/9/1938,1750
2/10/1938,5950
2/11/1938,15500
2/12/1938,5720
2/13/1938,3130
2/14/1938,4960
2/15/1938,2830
2/16/1938,1910
2/17/1938,1470
2/18/1938,1290
2/19/1938,1190
2/20/1938,1040
2/21/1938,960
2/22/1938,900
2/23/1938,871
2/24/1938,853
2/25/1938,844
2/26/1938,844
2/27/1938,826
2/28/1938,817
3/1/1938,1880
3/2/1938,6400
3/3/1938,4680
3/4/1938,3240
3/5/1938,2450
3/6/1938,2060
3/7/1938,1700
3/8/1938,1600
3/9/1938,1430
3/10/1938,1290
3/11/1938,1360
3/12/1938,3240
3/13/1938,8400
3/14/1938,5100
3/15/1938,3680
3/16/1938,4030
3/17/1938,3910
3/18/1938,2930
3/19/1938,2620
3/20/1938,5400
3/21/1938,4410
3/22/1938,3450
3/23/1938,3240
3/24/1938,5100
3/25/1938,3680
3/26/1938,3030
3/27/1938,2600
3/28/1938,2450
3/29/1938,2200
3/30/1938,1930
3/31/1938,1700
4/1/1938,1590
4/2/1938,1510
4/3/1938,1520
4/4/1938,1850
4/5/1938,3450
4/6/1938,2470
4/7/1938,2160
4/8/1938,1980
4/9/1938,1960
4/10/1938,2060
4/11/1938,2080
4/12/1938,2080
4/13/1938,1960
4/14/1938,1790
4/15/1938,1670
4/16/1938,1660
4/17/1938,1690
4/18/1938,1980
4/19/1938,2500
4/20/1938,2640
4/21/1938,2730
4/22/1938,2620
4/23/1938,2490
4/24/1938,2470
4/25/1938,2500
4/26/1938,2100
4/27/1938,1880
4/28/1938,1790
4/29/1938,1760
4/30/1938,1880
5/1/1938,1790
5/2/1938,2150
5/3/1938,1820
5/4/1938,1630
5/5/1938,1560
5/6/1938,1530
5/7/1938,1520
5/8/1938,1520
5/9/1938,1590
5/10/1938,1700
5/11/1938,1840
5/12/1938,1910
5/13/1938,2150
5/14/1938,2470
5/15/1938,2560
5/16/1938,2490
5/17/1938,2250
5/18/1938,2030
5/19/1938,1790
5/20/1938,1590
5/21/1938,1440
5/22/1938,1360
5/23/1938,1370
5/24/1938,1430
5/25/1938,1500
5/26/1938,1480
5/27/1938,1510
5/28/1938,1430
5/29/1938,1330
5/30/1938,1230
5/31/1938,1210
6/1/1938,1180
6/2/1938,1200
6/3/1938,1170
6/4/1938,1180
6/5/1938,1100
6/6/1938,1050
6/7/1938,1010
6/8/1938,950
6/9/1938,900
6/10/1938,826
6/11/1938,763
6/12/1938,684
6/13/1938,628
6/14/1938,585
6/15/1938,564
6/16/1938,550
6/17/1938,529
6/18/1938,487
6/19/1938,450
6/20/1938,444
6/21/1938,408
6/22/1938,396
6/23/1938,372
6/24/1938,360
6/25/1938,345
6/26/1938,330
6/27/1938,310
6/28/1938,287
6/29/1938,278
6/30/1938,287
7/1/1938,264
7/2/1938,243
7/3/1938,226
7/4/1938,218
7/5/1938,204
7/6/1938,186
7/7/1938,177
7/8/1938,165
7/9/1938,153
7/10/1938,146
7/11/1938,143
7/12/1938,135
7/13/1938,126
7/14/1938,126
7/15/1938,119
7/16/1938,110
7/17/1938,100
7/18/1938,97
7/19/1938,91
7/20/1938,86
7/21/1938,84
7/22/1938,75
7/23/1938,70
7/24/1938,68
7/25/1938,64
7/26/1938,64
7/27/1938,69
7/28/1938,89
7/29/1938,75
7/30/1938,64
7/31/1938,60
8/1/1938,57
8/2/1938,54
8/3/1938,50
8/4/1938,48
8/5/1938,45
8/6/1938,44
8/7/1938,42
8/8/1938,41
8/9/1938,40
8/10/1938,40
8/11/1938,39
8/12/1938,38
8/13/1938,36
8/14/1938,35
8/15/1938,35
8/16/1938,36
8/17/1938,36
8/18/1938,35
8/19/1938,34
8/20/1938,34
8/21/1938,32
8/22/1938,31
8/23/1938,31
8/24/1938,32
8/25/1938,31
8/26/1938,29
8/27/1938,25
8/28/1938,26
8/29/1938,25
8/30/1938,22
8/31/1938,21
9/1/1938,19
9/2/1938,18
9/3/1938,19
9/4/1938,18
9/5/1938,18
9/6/1938,18
9/7/1938,18
9/8/1938,18
9/9/1938,18
9/10/1938,19
9/11/1938,22
9/12/1938,18
9/13/1938,17
9/14/1938,16
9/15/1938,15
9/16/1938,15
9/17/1938,14
9/18/1938,14
9/19/1938,14
9/20/1938,14
9/21/1938,14
9/22/1938,14
9/23/1938,14
9/24/1938,14
9/25/1938,14
9/26/1938,14
9/27/1938,17
9/28/1938,20
9/29/1938,31
9/30/1938,33
10/1/1938,27
10/2/1938,25
10/3/1938,34
10/4/1938,58
10/5/1938,42
10/6/1938,38
10/7/1938,39
10/8/1938,36
10/9/1938,37
10/10/1938,39
10/11/1938,37
10/12/1938,35
10/13/1938,33
10/14/1938,35
10/15/1938,70
10/16/1938,102
10/17/1938,70
10/18/1938,58
10/19/1938,52
10/20/1938,45
10/21/1938,44
10/22/1938,43
10/23/1938,43
10/24/1938,42
10/25/1938,41
10/26/1938,40
10/27/1938,39
10/28/1938,38
10/29/1938,38
10/30/1938,44
10/31/1938,89
11/1/1938,112
11/2/1938,135
11/3/1938,117
11/4/1938,87
11/5/1938,80
11/6/1938,82
11/7/1938,75
11/8/1938,69
11/9/1938,62
11/10/1938,63
11/11/1938,87
11/12/1938,82
11/13/1938,70
11/14/1938,64
11/15/1938,63
11/16/1938,63
11/17/1938,60
11/18/1938,57
11/19/1938,57
11/20/1938,57
11/21/1938,57
11/22/1938,57
11/23/1938,56
11/24/1938,53
11/25/1938,53
11/26/1938,54
11/27/1938,54
11/28/1938,53
11/29/1938,56
11/30/1938,64
12/1/1938,77
12/2/1938,91
12/3/1938,91
12/4/1938,126
12/5/1938,121
12/6/1938,98
12/7/1938,89
12/8/1938,82
12/9/1938,79
12/10/1938,77
12/11/1938,72
12/12/1938,69
12/13/1938,66
12/14/1938,68
12/15/1938,69
12/16/1938,69
12/17/1938,68
12/18/1938,66
12/19/1938,66
12/20/1938,80
12/21/1938,108
12/22/1938,93
12/23/1938,82
12/24/1938,75
12/25/1938,70
12/26/1938,69
12/27/1938,66
12/28/1938,64
12/29/1938,64
12/30/1938,63
12/31/1938,63
1/1/1939,62
1/2/1939,62
1/3/1939,63
1/4/1939,66
1/5/1939,144
1/6/1939,325
1/7/1939,177
1/8/1939,135
1/9/1939,117
1/10/1939,104
1/11/1939,97
1/12/1939,93
1/13/1939,87
1/14/1939,86
1/15/1939,80
1/16/1939,80
1/17/1939,79
1/18/1939,75
1/19/1939,77
1/20/1939,77
1/21/1939,84
1/22/1939,93
1/23/1939,84
1/24/1939,77
1/25/1939,74
1/26/1939,74
1/27/1939,82
1/28/1939,108
1/29/1939,115
1/30/1939,158
1/31/1939,222
2/1/1939,151
2/2/1939,112
2/3/1939,162
2/4/1939,230
2/5/1939,171
2/6/1939,209
2/7/1939,444
2/8/1939,613
2/9/1939,282
2/10/1939,235
2/11/1939,222
2/12/1939,200
2/13/1939,200
2/14/1939,183
2/15/1939,165
2/16/1939,177
2/17/1939,168
2/18/1939,162
2/19/1939,168
2/20/1939,174
2/21/1939,177
2/22/1939,168
2/23/1939,168
2/24/1939,171
2/25/1939,180
2/26/1939,174
2/27/1939,162
2/28/1939,156
3/1/1939,159
3/2/1939,143
3/3/1939,146
3/4/1939,143
3/5/1939,133
3/6/1939,133
3/7/1939,146
3/8/1939,226
3/9/1939,1500
3/10/1939,1060
3/11/1939,536
3/12/1939,382
3/13/1939,330
3/14/1939,320
3/15/1939,284
3/16/1939,279
3/17/1939,306
3/18/1939,350
3/19/1939,404
3/20/1939,456
3/21/1939,487
3/22/1939,522
3/23/1939,536
3/24/1939,543
3/25/1939,571
3/26/1939,636
3/27/1939,754
3/28/1939,660
3/29/1939,564
3/30/1939,508
3/31/1939,480
4/1/1939,487
4/2/1939,550
4/3/1939,668
4/4/1939,644
4/5/1939,620
4/6/1939,592
4/7/1939,578
4/8/1939,571
4/9/1939,550
4/10/1939,515
4/11/1939,487
4/12/1939,474
4/13/1939,438
4/14/1939,404
4/15/1939,360
4/16/1939,345
4/17/1939,330
4/18/1939,325
4/19/1939,320
4/20/1939,315
4/21/1939,310
4/22/1939,302
4/23/1939,288
4/24/1939,270
4/25/1939,246
4/26/1939,238
4/27/1939,226
4/28/1939,223
4/29/1939,216
4/30/1939,208
5/1/1939,201
5/2/1939,191
5/3/1939,182
5/4/1939,172
5/5/1939,163
5/6/1939,155
5/7/1939,150
5/8/1939,141
5/9/1939,129
5/10/1939,134
5/11/1939,158
5/12/1939,155
5/13/1939,131
5/14/1939,124
5/15/1939,118
5/16/1939,105
5/17/1939,97
5/18/1939,88
5/19/1939,82
5/20/1939,80
5/21/1939,93
5/22/1939,201
5/23/1939,254
5/24/1939,185
5/25/1939,155
5/26/1939,147
5/27/1939,131
5/28/1939,127
5/29/1939,109
5/30/1939,99
5/31/1939,89
6/1/1939,80
6/2/1939,72
6/3/1939,66
6/4/1939,62
6/5/1939,60
6/6/1939,59
6/7/1939,56
6/8/1939,54
6/9/1939,48
6/10/1939,45
6/11/1939,40
6/12/1939,36
6/13/1939,34
6/14/1939,31
6/15/1939,32
6/16/1939,37
6/17/1939,46
6/18/1939,41
6/19/1939,39
6/20/1939,35
6/21/1939,31
6/22/1939,29
6/23/1939,24
6/24/1939,21
6/25/1939,19
6/26/1939,17
6/27/1939,16
6/28/1939,15
6/29/1939,14
6/30/1939,12
7/1/1939,12
7/2/1939,10
7/3/1939,10
7/4/1939,10
7/5/1939,10
7/6/1939,10
7/7/1939,10
7/8/1939,10
7/9/1939,10
7/10/1939,9
7/11/1939,8
7/12/1939,7
7/13/1939,6
7/14/1939,5
7/15/1939,4
7/16/1939,4
7/17/1939,4
7/18/1939,2
7/19/1939,2
7/20/1939,2
7/21/1939,2
7/22/1939,2
7/23/1939,2
7/24/1939,1
7/25/1939,1
7/26/1939,1
7/27/1939,1
7/28/1939,1
7/29/1939,1
7/30/1939,1
7/31/1939,1
8/1/1939,1
8/2/1939,1
8/3/1939,1
8/4/1939,1
8/5/1939,1
8/6/1939,1
8/7/1939,0
8/8/1939,0
8/9/1939,0
8/10/1939,0
8/11/1939,0
8/12/1939,0
8/13/1939,0
8/14/1939,0
8/15/1939,0
8/16/1939,0
8/17/1939,0
8/18/1939,0
8/19/1939,0
8/20/1939,0
8/21/1939,0
8/22/1939,0
8/23/1939,0
8/24/1939,0
8/25/1939,0
8/26/1939,0
8/27/1939,0
8/28/1939,0
8/29/1939,0
8/30/1939,0
8/31/1939,0
9/1/1939,0
9/2/1939,0
9/3/1939,0
9/4/1939,0
9/5/1939,0
9/6/1939,0
9/7/1939,0
9/8/1939,0
9/9/1939,0
9/10/1939,0
9/11/1939,0
9/12/1939,0
9/13/1939,0
9/14/1939,0
9/15/1939,0
9/16/1939,0
9/17/1939,0
9/18/1939,0
9/19/1939,0
9/20/1939,0
9/21/1939,0
9/22/1939,0
9/23/1939,0
9/24/1939,0
9/25/1939,0
9/26/1939,0
9/27/1939,0
9/28/1939,0
9/29/1939,11
9/30/1939,13
10/1/1939,12
10/2/1939,11
10/3/1939,16
10/4/1939,38
10/5/1939,35
10/6/1939,30
10/7/1939,31
10/8/1939,63
10/9/1939,43
10/10/1939,33
10/11/1939,28
10/12/1939,22
10/13/1939,19
10/14/1939,17
10/15/1939,16
10/16/1939,14
10/17/1939,13
10/18/1939,12
10/19/1939,12
10/20/1939,13
10/21/1939,13
10/22/1939,12
10/23/1939,12
10/24/1939,14
10/25/1939,18
10/26/1939,45
10/27/1939,43
10/28/1939,34
10/29/1939,29
10/30/1939,29
10/31/1939,34
11/1/1939,29
11/2/1939,26
11/3/1939,24
11/4/1939,23
11/5/1939,23
11/6/1939,22
11/7/1939,22
11/8/1939,20
11/9/1939,19
11/10/1939,19
11/11/1939,18
11/12/1939,18
11/13/1939,18
11/14/1939,17
11/15/1939,17
11/16/1939,17
11/17/1939,17
11/18/1939,17
11/19/1939,17
11/20/1939,17
11/21/1939,17
11/22/1939,17
11/23/1939,17
11/24/1939,17
11/25/1939,19
11/26/1939,21
11/27/1939,62
11/28/1939,52
11/29/1939,40
11/30/1939,33
12/1/1939,30
12/2/1939,27
12/3/1939,27
12/4/1939,28
12/5/1939,28
12/6/1939,28
12/7/1939,30
12/8/1939,33
12/9/1939,33
12/10/1939,38
12/11/1939,66
12/12/1939,106
12/13/1939,82
12/14/1939,56
12/15/1939,46
12/16/1939,42
12/17/1939,37
12/18/1939,34
12/19/1939,32
12/20/1939,30
12/21/1939,31
12/22/1939,30
12/23/1939,29
12/24/1939,28
12/25/1939,30
12/26/1939,30
12/27/1939,29
12/28/1939,28
12/29/1939,23
12/30/1939,28
12/31/1939,32
1/1/1940,40
1/2/1940,148
1/3/1940,734
1/4/1940,880
1/5/1940,694
1/6/1940,376
1/7/1940,361
1/8/1940,1210
1/9/1940,4300
1/10/1940,2110
1/11/1940,2900
1/12/1940,3910
1/13/1940,1800
1/14/1940,1100
1/15/1940,799
1/16/1940,638
1/17/1940,522
1/18/1940,448
1/19/1940,398
1/20/1940,361
1/21/1940,321
1/22/1940,298
1/23/1940,280
1/24/1940,268
1/25/1940,890
1/26/1940,4160
1/27/1940,3380
1/28/1940,1920
1/29/1940,1390
1/30/1940,1090
1/31/1940,920
2/1/1940,844
2/2/1940,750
2/3/1940,940
2/4/1940,1460
2/5/1940,1710
2/6/1940,1900
2/7/1940,1930
2/8/1940,1460
2/9/1940,1190
2/10/1940,1000
2/11/1940,880
2/12/1940,782
2/13/1940,774
2/14/1940,2540
2/15/1940,1280
2/16/1940,920
2/17/1940,1250
2/18/1940,1240
2/19/1940,930
2/20/1940,799
2/21/1940,718
2/22/1940,670
2/23/1940,1570
2/24/1940,2020
2/25/1940,2400
2/26/1940,2890
2/27/1940,10800
2/28/1940,10500
2/29/1940,9200
3/1/1940,4870
3/2/1940,3470
3/3/1940,2670
3/4/1940,2150
3/5/1940,1810
3/6/1940,1580
3/7/1940,1400
3/8/1940,1300
3/9/1940,1210
3/10/1940,1110
3/11/1940,1020
3/12/1940,950
3/13/1940,871
3/14/1940,808
3/15/1940,758
3/16/1940,742
3/17/1940,758
3/18/1940,710
3/19/1940,678
3/20/1940,646
3/21/1940,630
3/22/1940,622
3/23/1940,615
3/24/1940,622
3/25/1940,853
3/26/1940,1910
3/27/1940,7280
3/28/1940,3600
3/29/1940,4550
3/30/1940,13500
3/31/1940,16700
4/1/1940,7190
4/2/1940,4540
4/3/1940,3470
4/4/1940,3030
4/5/1940,2450
4/6/1940,2080
4/7/1940,1900
4/8/1940,1740
4/9/1940,1570
4/10/1940,1430
4/11/1940,1310
4/12/1940,1220
4/13/1940,1190
4/14/1940,1130
4/15/1940,1130
4/16/1940,1040
4/17/1940,940
4/18/1940,890
4/19/1940,871
4/20/1940,835
4/21/1940,799
4/22/1940,790
4/23/1940,790
4/24/1940,774
4/25/1940,742
4/26/1940,782
4/27/1940,750
4/28/1940,678
4/29/1940,622
4/30/1940,585
5/1/1940,570
5/2/1940,570
5/3/1940,600
5/4/1940,622
5/5/1940,662
5/6/1940,585
5/7/1940,542
5/8/1940,522
5/9/1940,522
5/10/1940,529
5/11/1940,548
5/12/1940,555
5/13/1940,555
5/14/1940,536
5/15/1940,516
5/16/1940,496
5/17/1940,478
5/18/1940,448
5/19/1940,425
5/20/1940,408
5/21/1940,398
5/22/1940,392
5/23/1940,381
5/24/1940,366
5/25/1940,351
5/26/1940,331
5/27/1940,308
5/28/1940,285
5/29/1940,276
5/30/1940,264
5/31/1940,268
6/1/1940,280
6/2/1940,256
6/3/1940,236
6/4/1940,218
6/5/1940,201
6/6/1940,184
6/7/1940,173
6/8/1940,164
6/9/1940,155
6/10/1940,140
6/11/1940,129
6/12/1940,118
6/13/1940,111
6/14/1940,102
6/15/1940,91
6/16/1940,83
6/17/1940,82
6/18/1940,78
6/19/1940,72
6/20/1940,68
6/21/1940,68
6/22/1940,66
6/23/1940,62
6/24/1940,57
6/25/1940,55
6/26/1940,49
6/27/1940,49
6/28/1940,45
6/29/1940,43
6/30/1940,41
7/1/1940,43
7/2/1940,43
7/3/1940,39
7/4/1940,36
7/5/1940,109
7/6/1940,102
7/7/1940,95
7/8/1940,25
7/9/1940,23
7/10/1940,23
7/11/1940,22
7/12/1940,21
7/13/1940,21
7/14/1940,17
7/15/1940,18
7/16/1940,14
7/17/1940,16
7/18/1940,18
7/19/1940,18
7/20/1940,14
7/21/1940,14
7/22/1940,14
7/23/1940,13
7/24/1940,15
7/25/1940,15
7/26/1940,11
7/27/1940,9
7/28/1940,8
7/29/1940,6
7/30/1940,6
7/31/1940,6
8/1/1940,6
8/2/1940,5
8/3/1940,5
8/4/1940,4
8/5/1940,4
8/6/1940,3
8/7/1940,2
8/8/1940,2
8/9/1940,2
8/10/1940,2
8/11/1940,2
8/12/1940,2
8/13/1940,2
8/14/1940,1
8/15/1940,1
8/16/1940,1
8/17/1940,1
8/18/1940,1
8/19/1940,1
8/20/1940,1
8/21/1940,1
8/22/1940,1
8/23/1940,1
8/24/1940,1
8/25/1940,1
8/26/1940,1
8/27/1940,1
8/28/1940,1
8/29/1940,1
8/30/1940,1
8/31/1940,1
9/1/1940,1
9/2/1940,1
9/3/1940,1
9/4/1940,1
9/5/1940,1
9/6/1940,1
9/7/1940,1
9/8/1940,1
9/9/1940,1
9/10/1940,1
9/11/1940,1
9/12/1940,1
9/13/1940,1
9/14/1940,1
9/15/1940,1
9/16/1940,1
9/17/1940,1
9/18/1940,1
9/19/1940,0
9/20/1940,1
9/21/1940,1
9/22/1940,1
9/23/1940,4
9/24/1940,4
9/25/1940,4
9/26/1940,4
9/27/1940,4
9/28/1940,2
9/29/1940,2
9/30/1940,2
10/1/1940,2
10/2/1940,1
10/3/1940,2
10/4/1940,3
10/5/1940,4
10/6/1940,4
10/7/1940,5
10/8/1940,6
10/9/1940,6
10/10/1940,6
10/11/1940,7
10/12/1940,8
10/13/1940,8
10/14/1940,6
10/15/1940,6
10/16/1940,6
10/17/1940,4
10/18/1940,5
10/19/1940,4
10/20/1940,4
10/21/1940,6
10/22/1940,6
10/23/1940,6
10/24/1940,8
10/25/1940,10
10/26/1940,40
10/27/1940,50
10/28/1940,37
10/29/1940,32
10/30/1940,28
10/31/1940,28
11/1/1940,28
11/2/1940,34
11/3/1940,64
11/4/1940,69
11/5/1940,50
11/6/1940,41
11/7/1940,38
11/8/1940,42
11/9/1940,47
11/10/1940,46
11/11/1940,44
11/12/1940,44
11/13/1940,39
11/14/1940,34
11/15/1940,32
11/16/1940,32
11/17/1940,30
11/18/1940,30
11/19/1940,29
11/20/1940,28
11/21/1940,27
11/22/1940,29
11/23/1940,28
11/24/1940,28
11/25/1940,29
11/26/1940,30
11/27/1940,30
11/28/1940,30
11/29/1940,29
11/30/1940,28
12/1/1940,27
12/2/1940,29
12/3/1940,30
12/4/1940,30
12/5/1940,29
12/6/1940,30
12/7/1940,29
12/8/1940,29
12/9/1940,25
12/10/1940,27
12/11/1940,27
12/12/1940,30
12/13/1940,26
12/14/1940,25
12/15/1940,23
12/16/1940,21
12/17/1940,39
12/18/1940,126
12/19/1940,252
12/20/1940,161
12/21/1940,146
12/22/1940,419
12/23/1940,562
12/24/1940,1080
12/25/1940,1400
12/26/1940,1050
12/27/1940,2740
12/28/1940,2680
12/29/1940,1190
12/30/1940,910
12/31/1940,774
1/1/1941,585
1/2/1941,478
1/3/1941,403
1/4/1941,376
1/5/1941,442
1/6/1941,466
1/7/1941,1150
1/8/1941,853
1/9/1941,622
1/10/1941,516
1/11/1941,454
1/12/1941,414
1/13/1941,659
1/14/1941,1960
1/15/1941,1440
1/16/1941,1070
1/17/1941,766
1/18/1941,638
1/19/1941,570
1/20/1941,536
1/21/1941,503
1/22/1941,826
1/23/1941,799
1/24/1941,1310
1/25/1941,1310
1/26/1941,1650
1/27/1941,1210
1/28/1941,940
1/29/1941,799
1/30/1941,702
1/31/1941,630
2/1/1941,578
2/2/1941,529
2/3/1941,496
2/4/1941,472
2/5/1941,442
2/6/1941,615
2/7/1941,678
2/8/1941,758
2/9/1941,1210
2/10/1941,1820
2/11/1941,3390
2/12/1941,4440
2/13/1941,2630
2/14/1941,1930
2/15/1941,1750
2/16/1941,1680
2/17/1941,1510
2/18/1941,1650
2/19/1941,1400
2/20/1941,1250
2/21/1941,1550
2/22/1941,1420
2/23/1941,1290
2/24/1941,1750
2/25/1941,1500
2/26/1941,1340
2/27/1941,1150
2/28/1941,1050
3/1/1941,2150
3/2/1941,4600
3/3/1941,3700
3/4/1941,3030
3/5/1941,2540
3/6/1941,1960
3/7/1941,1670
3/8/1941,1470
3/9/1941,1350
3/10/1941,1260
3/11/1941,1200
3/12/1941,1150
3/13/1941,1110
3/14/1941,1160
3/15/1941,1020
3/16/1941,950
3/17/1941,910
3/18/1941,910
3/19/1941,890
3/20/1941,930
3/21/1941,835
3/22/1941,782
3/23/1941,750
3/24/1941,710
3/25/1941,710
3/26/1941,678
3/27/1941,670
3/28/1941,670
3/29/1941,790
3/30/1941,817
3/31/1941,790
4/1/1941,980
4/2/1941,1430
4/3/1941,1060
4/4/1941,4350
4/5/1941,3550
4/6/1941,1940
4/7/1941,1670
4/8/1941,1470
4/9/1941,1530
4/10/1941,2150
4/11/1941,1760
4/12/1941,1500
4/13/1941,1340
4/14/1941,1250
4/15/1941,1200
4/16/1941,1170
4/17/1941,1100
4/18/1941,1050
4/19/1941,1050
4/20/1941,950
4/21/1941,900
4/22/1941,817
4/23/1941,808
4/24/1941,808
4/25/1941,790
4/26/1941,790
4/27/1941,790
4/28/1941,790
4/29/1941,844
4/30/1941,890
5/1/1941,940
5/2/1941,920
5/3/1941,1040
5/4/1941,1100
5/5/1941,1100
5/6/1941,1130
5/7/1941,1070
5/8/1941,1010
5/9/1941,1050
5/10/1941,1010
5/11/1941,1060
5/12/1941,1140
5/13/1941,1290
5/14/1941,1250
5/15/1941,1110
5/16/1941,980
5/17/1941,950
5/18/1941,900
5/19/1941,835
5/20/1941,758
5/21/1941,726
5/22/1941,734
5/23/1941,774
5/24/1941,790
5/25/1941,758
5/26/1941,710
5/27/1941,670
5/28/1941,630
5/29/1941,578
5/30/1941,536
5/31/1941,503
6/1/1941,484
6/2/1941,460
6/3/1941,448
6/4/1941,436
6/5/1941,425
6/6/1941,414
6/7/1941,398
6/8/1941,376
6/9/1941,356
6/10/1941,326
6/11/1941,308
6/12/1941,298
6/13/1941,294
6/14/1941,289
6/15/1941,280
6/16/1941,272
6/17/1941,256
6/18/1941,229
6/19/1941,215
6/20/1941,204
6/21/1941,190
6/22/1941,177
6/23/1941,167
6/24/1941,155
6/25/1941,155
6/26/1941,152
6/27/1941,146
6/28/1941,152
6/29/1941,152
6/30/1941,137
7/1/1941,121
7/2/1941,111
7/3/1941,104
7/4/1941,95
7/5/1941,87
7/6/1941,85
7/7/1941,80
7/8/1941,72
7/9/1941,66
7/10/1941,63
7/11/1941,58
7/12/1941,56
7/13/1941,52
7/14/1941,51
7/15/1941,49
7/16/1941,47
7/17/1941,45
7/18/1941,42
7/19/1941,41
7/20/1941,39
7/21/1941,37
7/22/1941,35
7/23/1941,35
7/24/1941,36
7/25/1941,35
7/26/1941,32
7/27/1941,30
7/28/1941,29
7/29/1941,30
7/30/1941,31
7/31/1941,26
8/1/1941,27
8/2/1941,25
8/3/1941,21
8/4/1941,19
8/5/1941,19
8/6/1941,18
8/7/1941,17
8/8/1941,16
8/9/1941,16
8/10/1941,15
8/11/1941,14
8/12/1941,14
8/13/1941,14
8/14/1941,14
8/15/1941,14
8/16/1941,12
8/17/1941,12
8/18/1941,10
8/19/1941,10
8/20/1941,10
8/21/1941,16
8/22/1941,16
8/23/1941,12
8/24/1941,10
8/25/1941,10
8/26/1941,8
8/27/1941,8
8/28/1941,8
8/29/1941,8
8/30/1941,8
8/31/1941,9
9/1/1941,10
9/2/1941,10
9/3/1941,11
9/4/1941,12
9/5/1941,14
9/6/1941,16
9/7/1941,14
9/8/1941,12
9/9/1941,10
9/10/1941,8
9/11/1941,8
9/12/1941,7
9/13/1941,6
9/14/1941,5
9/15/1941,7
9/16/1941,6
9/17/1941,6
9/18/1941,9
9/19/1941,10
9/20/1941,8
9/21/1941,7
9/22/1941,6
9/23/1941,6
9/24/1941,6
9/25/1941,6
9/26/1941,7
9/27/1941,8
9/28/1941,8
9/29/1941,8
9/30/1941,8
10/1/1941,8
10/2/1941,8
10/3/1941,8
10/4/1941,7
10/5/1941,6
10/6/1941,6
10/7/1941,6
10/8/1941,6
10/9/1941,8
10/10/1941,8
10/11/1941,8
10/12/1941,9
10/13/1941,10
10/14/1941,10
10/15/1941,10
10/16/1941,15
10/17/1941,17
10/18/1941,17
10/19/1941,20
10/20/1941,19
10/21/1941,14
10/22/1941,21
10/23/1941,24
10/24/1941,30
10/25/1941,30
10/26/1941,43
10/27/1941,42
10/28/1941,36
10/29/1941,41
10/30/1941,43
10/31/1941,36
11/1/1941,35
11/2/1941,42
11/3/1941,150
11/4/1941,125
11/5/1941,86
11/6/1941,65
11/7/1941,55
11/8/1941,50
11/9/1941,44
11/10/1941,41
11/11/1941,39
11/12/1941,37
11/13/1941,38
11/14/1941,36
11/15/1941,36
11/16/1941,39
11/17/1941,59
11/18/1941,76
11/19/1941,68
11/20/1941,57
11/21/1941,47
11/22/1941,44
11/23/1941,43
11/24/1941,43
11/25/1941,42
11/26/1941,42
11/27/1941,42
11/28/1941,42
11/29/1941,44
11/30/1941,51
12/1/1941,64
12/2/1941,70
12/3/1941,584
12/4/1941,645
12/5/1941,268
12/6/1941,182
12/7/1941,142
12/8/1941,120
12/9/1941,107
12/10/1941,101
12/11/1941,101
12/12/1941,92
12/13/1941,88
12/14/1941,125
12/15/1941,256
12/16/1941,448
12/17/1941,766
12/18/1941,408
12/19/1941,351
12/20/1941,326
12/21/1941,336
12/22/1941,289
12/23/1941,294
12/24/1941,351
12/25/1941,268
12/26/1941,272
12/27/1941,303
12/28/1941,771
12/29/1941,1050
12/30/1941,1740
12/31/1941,1000
1/1/1942,630
1/2/1942,448
1/3/1942,371
1/4/1942,326
1/5/1942,289
1/6/1942,264
1/7/1942,276
1/8/1942,686
1/9/1942,638
1/10/1942,522
1/11/1942,478
1/12/1942,460
1/13/1942,448
1/14/1942,442
1/15/1942,430
1/16/1942,425
1/17/1942,408
1/18/1942,392
1/19/1942,371
1/20/1942,351
1/21/1942,331
1/22/1942,331
1/23/1942,466
1/24/1942,2330
1/25/1942,5980
1/26/1942,5370
1/27/1942,14100
1/28/1942,8600
1/29/1942,4160
1/30/1942,2910
1/31/1942,2130
2/1/1942,1720
2/2/1942,1810
2/3/1942,2890
2/4/1942,3340
2/5/1942,4330
2/6/1942,6450
2/7/1942,6380
2/8/1942,3860
2/9/1942,2850
2/10/1942,2260
2/11/1942,1860
2/12/1942,1600
2/13/1942,1400
2/14/1942,1240
2/15/1942,1110
2/16/1942,1020
2/17/1942,930
2/18/1942,871
2/19/1942,826
2/20/1942,766
2/21/1942,774
2/22/1942,1040
2/23/1942,790
2/24/1942,750
2/25/1942,774
2/26/1942,694
2/27/1942,662
2/28/1942,622
3/1/1942,585
3/2/1942,578
3/3/1942,570
3/4/1942,548
3/5/1942,548
3/6/1942,548
3/7/1942,555
3/8/1942,555
3/9/1942,562
3/10/1942,592
3/11/1942,1210
3/12/1942,1110
3/13/1942,1060
3/14/1942,1210
3/15/1942,1440
3/16/1942,1090
3/17/1942,960
3/18/1942,900
3/19/1942,871
3/20/1942,799
3/21/1942,758
3/22/1942,734
3/23/1942,718
3/24/1942,710
3/25/1942,686
3/26/1942,654
3/27/1942,622
3/28/1942,608
3/29/1942,592
3/30/1942,600
3/31/1942,622
4/1/1942,646
4/2/1942,662
4/3/1942,799
4/4/1942,1930
4/5/1942,1680
4/6/1942,1530
4/7/1942,1340
4/8/1942,1250
4/9/1942,1210
4/10/1942,1260
4/11/1942,1280
4/12/1942,1210
4/13/1942,1300
4/14/1942,3210
4/15/1942,2110
4/16/1942,1860
4/17/1942,2150
4/18/1942,1760
4/19/1942,1610
4/20/1942,1530
4/21/1942,1460
4/22/1942,1440
4/23/1942,1380
4/24/1942,1260
4/25/1942,1190
4/26/1942,1140
4/27/1942,1210
4/28/1942,1380
4/29/1942,1150
4/30/1942,1070
5/1/1942,1930
5/2/1942,1440
5/3/1942,1280
5/4/1942,1220
5/5/1942,1200
5/6/1942,1160
5/7/1942,1160
5/8/1942,1200
5/9/1942,1210
5/10/1942,1150
5/11/1942,1480
5/12/1942,1610
5/13/1942,1280
5/14/1942,1190
5/15/1942,1370
5/16/1942,1610
5/17/1942,1460
5/18/1942,1420
5/19/1942,1390
5/20/1942,1400
5/21/1942,1460
5/22/1942,1470
5/23/1942,1430
5/24/1942,1330
5/25/1942,1680
5/26/1942,2240
5/27/1942,1580
5/28/1942,1390
5/29/1942,1220
5/30/1942,1130
5/31/1942,1040
6/1/1942,991
6/2/1942,960
6/3/1942,940
6/4/1942,910
6/5/1942,900
6/6/1942,910
6/7/1942,880
6/8/1942,826
6/9/1942,782
6/10/1942,766
6/11/1942,734
6/12/1942,710
6/13/1942,678
6/14/1942,654
6/15/1942,638
6/16/1942,600
6/17/1942,548
6/18/1942,522
6/19/1942,503
6/20/1942,472
6/21/1942,436
6/22/1942,408
6/23/1942,387
6/24/1942,371
6/25/1942,361
6/26/1942,351
6/27/1942,331
6/28/1942,308
6/29/1942,285
6/30/1942,272
7/1/1942,256
7/2/1942,244
7/3/1942,233
7/4/1942,222
7/5/1942,204
7/6/1942,194
7/7/1942,185
7/8/1942,175
7/9/1942,166
7/10/1942,158
7/11/1942,152
7/12/1942,144
7/13/1942,137
7/14/1942,134
7/15/1942,134
7/16/1942,127
7/17/1942,120
7/18/1942,114
7/19/1942,110
7/20/1942,105
7/21/1942,101
7/22/1942,95
7/23/1942,92
7/24/1942,85
7/25/1942,79
7/26/1942,76
7/27/1942,70
7/28/1942,68
7/29/1942,67
7/30/1942,65
7/31/1942,62
8/1/1942,59
8/2/1942,58
8/3/1942,57
8/4/1942,55
8/5/1942,52
8/6/1942,50
8/7/1942,47
8/8/1942,48
8/9/1942,43
8/10/1942,41
8/11/1942,39
8/12/1942,39
8/13/1942,41
8/14/1942,43
8/15/1942,41
8/16/1942,38
8/17/1942,38
8/18/1942,37
8/19/1942,35
8/20/1942,30
8/21/1942,30
8/22/1942,29
8/23/1942,28
8/24/1942,27
8/25/1942,26
8/26/1942,26
8/27/1942,25
8/28/1942,26
8/29/1942,30
8/30/1942,27
8/31/1942,26
9/1/1942,25
9/2/1942,25
9/3/1942,24
9/4/1942,24
9/5/1942,23
9/6/1942,22
9/7/1942,23
9/8/1942,22
9/9/1942,23
9/10/1942,22
9/11/1942,22
9/12/1942,23
9/13/1942,24
9/14/1942,22
9/15/1942,23
9/16/1942,23
9/17/1942,18
9/18/1942,19
9/19/1942,18
9/20/1942,18
9/21/1942,21
9/22/1942,17
9/23/1942,17
9/24/1942,17
9/25/1942,17
9/26/1942,17
9/27/1942,17
9/28/1942,17
9/29/1942,17
9/30/1942,18
10/1/1942,18
10/2/1942,18
10/3/1942,18
10/4/1942,19
10/5/1942,14
10/6/1942,16
10/7/1942,17
10/8/1942,19
10/9/1942,21
10/10/1942,21
10/11/1942,21
10/12/1942,22
10/13/1942,25
10/14/1942,32
10/15/1942,38
10/16/1942,38
10/17/1942,36
10/18/1942,35
10/19/1942,34
10/20/1942,31
10/21/1942,30
10/22/1942,30
10/23/1942,30
10/24/1942,29
10/25/1942,30
10/26/1942,29
10/27/1942,30
10/28/1942,30
10/29/1942,32
10/30/1942,34
10/31/1942,34
11/1/1942,34
11/2/1942,31
11/3/1942,39
11/4/1942,97
11/5/1942,99
11/6/1942,68
11/7/1942,55
11/8/1942,50
11/9/1942,48
11/10/1942,48
11/11/1942,50
11/12/1942,50
11/13/1942,48
11/14/1942,47
11/15/1942,51
11/16/1942,84
11/17/1942,185
11/18/1942,3870
11/19/1942,1790
11/20/1942,630
11/21/1942,403
11/22/1942,312
11/23/1942,264
11/24/1942,236
11/25/1942,222
11/26/1942,211
11/27/1942,280
11/28/1942,448
11/29/1942,336
11/30/1942,280
12/1/1942,256
12/2/1942,240
12/3/1942,321
12/4/1942,298
12/5/1942,256
12/6/1942,280
12/7/1942,387
12/8/1942,303
12/9/1942,264
12/10/1942,244
12/11/1942,233
12/12/1942,215
12/13/1942,208
12/14/1942,204
12/15/1942,198
12/16/1942,194
12/17/1942,191
12/18/1942,185
12/19/1942,178
12/20/1942,175
12/21/1942,178
12/22/1942,188
12/23/1942,858
12/24/1942,3300
12/25/1942,2700
12/26/1942,1530
12/27/1942,1090
12/28/1942,1130
12/29/1942,1420
12/30/1942,1060
12/31/1942,890
1/1/1943,774
1/2/1943,718
1/3/1943,638
1/4/1943,570
1/5/1943,522
1/6/1943,478
1/7/1943,436
1/8/1943,408
1/9/1943,381
1/10/1943,361
1/11/1943,341
1/12/1943,321
1/13/1943,303
1/14/1943,294
1/15/1943,285
1/16/1943,276
1/17/1943,260
1/18/1943,240
1/19/1943,204
1/20/1943,289
1/21/1943,7220
1/22/1943,10700
1/23/1943,11600
1/24/1943,5930
1/25/1943,3920
1/26/1943,3050
1/27/1943,3430
1/28/1943,2590
1/29/1943,2560
1/30/1943,6300
1/31/1943,4100
2/1/1943,2780
2/2/1943,2220
2/3/1943,1900
2/4/1943,1670
2/5/1943,1560
2/6/1943,1400
2/7/1943,1510
2/8/1943,1940
2/9/1943,1550
2/10/1943,1350
2/11/1943,1280
2/12/1943,1210
2/13/1943,1150
2/14/1943,1110
2/15/1943,1090
2/16/1943,1080
2/17/1943,1040
2/18/1943,1020
2/19/1943,989
2/20/1943,967
2/21/1943,967
2/22/1943,1310
2/23/1943,1450
2/24/1943,1470
2/25/1943,2140
2/26/1943,1840
2/27/1943,1750
2/28/1943,1460
3/1/1943,1330
3/2/1943,1220
3/3/1943,1170
3/4/1943,1410
3/5/1943,4020
3/6/1943,7150
3/7/1943,4300
3/8/1943,6580
3/9/1943,14700
3/10/1943,18700
3/11/1943,9900
3/12/1943,6030
3/13/1943,4560
3/14/1943,4560
3/15/1943,3730
3/16/1943,3070
3/17/1943,3500
3/18/1943,3520
3/19/1943,2740
3/20/1943,2400
3/21/1943,2400
3/22/1943,2490
3/23/1943,2090
3/24/1943,1880
3/25/1943,1750
3/26/1943,1670
3/27/1943,1600
3/28/1943,1540
3/29/1943,1850
3/30/1943,1960
3/31/1943,1640
4/1/1943,1540
4/2/1943,1480
4/3/1943,1420
4/4/1943,1390
4/5/1943,1870
4/6/1943,1680
4/7/1943,1450
4/8/1943,1570
4/9/1943,1520
4/10/1943,1390
4/11/1943,1290
4/12/1943,1210
4/13/1943,1150
4/14/1943,1150
4/15/1943,1120
4/16/1943,1130
4/17/1943,1120
4/18/1943,1080
4/19/1943,1060
4/20/1943,1020
4/21/1943,967
4/22/1943,934
4/23/1943,901
4/24/1943,912
4/25/1943,880
4/26/1943,840
4/27/1943,820
4/28/1943,1810
4/29/1943,1430
4/30/1943,1170
5/1/1943,1060
5/2/1943,1020
5/3/1943,956
5/4/1943,912
5/5/1943,860
5/6/1943,810
5/7/1943,770
5/8/1943,710
5/9/1943,654
5/10/1943,618
5/11/1943,600
5/12/1943,577
5/13/1943,547
5/14/1943,510
5/15/1943,497
5/16/1943,470
5/17/1943,445
5/18/1943,428
5/19/1943,411
5/20/1943,406
5/21/1943,395
5/22/1943,385
5/23/1943,370
5/24/1943,375
5/25/1943,370
5/26/1943,360
5/27/1943,350
5/28/1943,341
5/29/1943,332
5/30/1943,318
5/31/1943,385
6/1/1943,582
6/2/1943,690
6/3/1943,450
6/4/1943,400
6/5/1943,365
6/6/1943,332
6/7/1943,309
6/8/1943,293
6/9/1943,277
6/10/1943,266
6/11/1943,256
6/12/1943,249
6/13/1943,249
6/14/1943,242
6/15/1943,229
6/16/1943,220
6/17/1943,208
6/18/1943,199
6/19/1943,188
6/20/1943,185
6/21/1943,180
6/22/1943,180
6/23/1943,174
6/24/1943,166
6/25/1943,161
6/26/1943,156
6/27/1943,151
6/28/1943,146
6/29/1943,138
6/30/1943,136
7/1/1943,134
7/2/1943,131
7/3/1943,126
7/4/1943,122
7/5/1943,115
7/6/1943,112
7/7/1943,108
7/8/1943,101
7/9/1943,97
7/10/1943,93
7/11/1943,91
7/12/1943,83
7/13/1943,83
7/14/1943,81
7/15/1943,78
7/16/1943,78
7/17/1943,76
7/18/1943,72
7/19/1943,72
7/20/1943,69
7/21/1943,67
7/22/1943,67
7/23/1943,64
7/24/1943,60
7/25/1943,56
7/26/1943,55
7/27/1943,54
7/28/1943,49
7/29/1943,47
7/30/1943,45
7/31/1943,44
8/1/1943,42
8/2/1943,41
8/3/1943,39
8/4/1943,37
8/5/1943,37
8/6/1943,37
8/7/1943,37
8/8/1943,36
8/9/1943,36
8/10/1943,35
8/11/1943,34
8/12/1943,33
8/13/1943,30
8/14/1943,30
8/15/1943,28
8/16/1943,27
8/17/1943,25
8/18/1943,25
8/19/1943,25
8/20/1943,24
8/21/1943,24
8/22/1943,23
8/23/1943,23
8/24/1943,25
8/25/1943,25
8/26/1943,27
8/27/1943,25
8/28/1943,24
8/29/1943,22
8/30/1943,21
8/31/1943,21
9/1/1943,19
9/2/1943,19
9/3/1943,20
9/4/1943,19
9/5/1943,18
9/6/1943,18
9/7/1943,18
9/8/1943,16
9/9/1943,16
9/10/1943,16
9/11/1943,16
9/12/1943,17
9/13/1943,16
9/14/1943,16
9/15/1943,16
9/16/1943,16
9/17/1943,15
9/18/1943,14
9/19/1943,13
9/20/1943,13
9/21/1943,13
9/22/1943,13
9/23/1943,12
9/24/1943,12
9/25/1943,12
9/26/1943,14
9/27/1943,19
9/28/1943,20
9/29/1943,20
9/30/1943,20
10/1/1943,20
10/2/1943,20
10/3/1943,20
10/4/1943,20
10/5/1943,20
10/6/1943,21
10/7/1943,21
10/8/1943,22
10/9/1943,23
10/10/1943,24
10/11/1943,24
10/12/1943,24
10/13/1943,23
10/14/1943,23
10/15/1943,23
10/16/1943,23
10/17/1943,23
10/18/1943,23
10/19/1943,25
10/20/1943,30
10/21/1943,39
10/22/1943,62
10/23/1943,76
10/24/1943,55
10/25/1943,48
10/26/1943,45
10/27/1943,42
10/28/1943,43
10/29/1943,56
10/30/1943,52
10/31/1943,50
11/1/1943,48
11/2/1943,45
11/3/1943,45
11/4/1943,44
11/5/1943,42
11/6/1943,41
11/7/1943,41
11/8/1943,41
11/9/1943,41
11/10/1943,41
11/11/1943,41
11/12/1943,41
11/13/1943,41
11/14/1943,41
11/15/1943,41
11/16/1943,39
11/17/1943,39
11/18/1943,39
11/19/1943,44
11/20/1943,64
11/21/1943,99
11/22/1943,108
11/23/1943,78
11/24/1943,66
11/25/1943,60
11/26/1943,56
11/27/1943,54
11/28/1943,54
11/29/1943,50
11/30/1943,56
12/1/1943,66
12/2/1943,69
12/3/1943,61
12/4/1943,58
12/5/1943,56
12/6/1943,60
12/7/1943,66
12/8/1943,61
12/9/1943,55
12/10/1943,54
12/11/1943,54
12/12/1943,52
12/13/1943,50
12/14/1943,50
12/15/1943,49
12/16/1943,52
12/17/1943,50
12/18/1943,52
12/19/1943,61
12/20/1943,108
12/21/1943,211
12/22/1943,158
12/23/1943,108
12/24/1943,89
12/25/1943,83
12/26/1943,83
12/27/1943,81
12/28/1943,74
12/29/1943,71
12/30/1943,79
12/31/1943,106
1/1/1944,97
1/2/1944,210
1/3/1944,417
1/4/1944,226
1/5/1944,169
1/6/1944,471
1/7/1944,320
1/8/1944,214
1/9/1944,171
1/10/1944,182
1/11/1944,164
1/12/1944,143
1/13/1944,124
1/14/1944,115
1/15/1944,110
1/16/1944,106
1/17/1944,99
1/18/1944,93
1/19/1944,87
1/20/1944,87
1/21/1944,85
1/22/1944,87
1/23/1944,99
1/24/1944,207
1/25/1944,242
1/26/1944,177
1/27/1944,148
1/28/1944,138
1/29/1944,126
1/30/1944,179
1/31/1944,277
2/1/1944,259
2/2/1944,398
2/3/1944,999
2/4/1944,960
2/5/1944,456
2/6/1944,332
2/7/1944,281
2/8/1944,756
2/9/1944,1730
2/10/1944,730
2/11/1944,476
2/12/1944,380
2/13/1944,318
2/14/1944,289
2/15/1944,281
2/16/1944,246
2/17/1944,229
2/18/1944,217
2/19/1944,199
2/20/1944,202
2/21/1944,274
2/22/1944,739
2/23/1944,687
2/24/1944,380
2/25/1944,296
2/26/1944,259
2/27/1944,235
2/28/1944,700
2/29/1944,3870
3/1/1944,1770
3/2/1944,923
3/3/1944,618
3/4/1944,4660
3/5/1944,2530
3/6/1944,1210
3/7/1944,830
3/8/1944,654
3/9/1944,592
3/10/1944,577
3/11/1944,618
3/12/1944,636
3/13/1944,636
3/14/1944,577
3/15/1944,483
3/16/1944,439
3/17/1944,411
3/18/1944,417
3/19/1944,445
3/20/1944,470
3/21/1944,445
3/22/1944,417
3/23/1944,406
3/24/1944,411
3/25/1944,417
3/26/1944,417
3/27/1944,406
3/28/1944,384
3/29/1944,374
3/30/1944,374
3/31/1944,384
4/1/1944,406
4/2/1944,434
4/3/1944,476
4/4/1944,539
4/5/1944,539
4/6/1944,470
4/7/1944,445
4/8/1944,470
4/9/1944,510
4/10/1944,422
4/11/1944,532
4/12/1944,760
4/13/1944,570
4/14/1944,532
4/15/1944,517
4/16/1944,510
4/17/1944,490
4/18/1944,463
4/19/1944,504
4/20/1944,967
4/21/1944,710
4/22/1944,592
4/23/1944,577
4/24/1944,592
4/25/1944,600
4/26/1944,585
4/27/1944,585
4/28/1944,577
4/29/1944,570
4/30/1944,592
5/1/1944,645
5/2/1944,720
5/3/1944,770
5/4/1944,790
5/5/1944,840
5/6/1944,850
5/7/1944,830
5/8/1944,860
5/9/1944,850
5/10/1944,810
5/11/1944,730
5/12/1944,681
5/13/1944,654
5/14/1944,636
5/15/1944,860
5/16/1944,710
5/17/1944,600
5/18/1944,636
5/19/1944,570
5/20/1944,532
5/21/1944,510
5/22/1944,517
5/23/1944,539
5/24/1944,483
5/25/1944,456
5/26/1944,434
5/27/1944,411
5/28/1944,406
5/29/1944,400
5/30/1944,374
5/31/1944,353
6/1/1944,390
6/2/1944,411
6/3/1944,411
6/4/1944,364
6/5/1944,324
6/6/1944,305
6/7/1944,287
6/8/1944,265
6/9/1944,249
6/10/1944,234
6/11/1944,224
6/12/1944,220
6/13/1944,194
6/14/1944,179
6/15/1944,170
6/16/1944,164
6/17/1944,158
6/18/1944,148
6/19/1944,136
6/20/1944,127
6/21/1944,123
6/22/1944,119
6/23/1944,116
6/24/1944,127
6/25/1944,130
6/26/1944,116
6/27/1944,107
6/28/1944,99
6/29/1944,90
6/30/1944,83
7/1/1944,76
7/2/1944,71
7/3/1944,66
7/4/1944,63
7/5/1944,59
7/6/1944,56
7/7/1944,52
7/8/1944,47
7/9/1944,44
7/10/1944,43
7/11/1944,40
7/12/1944,38
7/13/1944,36
7/14/1944,34
7/15/1944,32
7/16/1944,30
7/17/1944,29
7/18/1944,29
7/19/1944,26
7/20/1944,24
7/21/1944,22
7/22/1944,21
7/23/1944,18
7/24/1944,18
7/25/1944,17
7/26/1944,18
7/27/1944,17
7/28/1944,16
7/29/1944,15
7/30/1944,15
7/31/1944,14
8/1/1944,14
8/2/1944,12
8/3/1944,11
8/4/1944,10
8/5/1944,10
8/6/1944,9
8/7/1944,8
8/8/1944,7
8/9/1944,6
8/10/1944,6
8/11/1944,6
8/12/1944,5
8/13/1944,5
8/14/1944,5
8/15/1944,4
8/16/1944,4
8/17/1944,4
8/18/1944,4
8/19/1944,4
8/20/1944,3
8/21/1944,3
8/22/1944,4
8/23/1944,3
8/24/1944,3
8/25/1944,3
8/26/1944,2
8/27/1944,2
8/28/1944,2
8/29/1944,2
8/30/1944,2
8/31/1944,2
9/1/1944,2
9/2/1944,2
9/3/1944,2
9/4/1944,2
9/5/1944,2
9/6/1944,2
9/7/1944,2
9/8/1944,2
9/9/1944,1
9/10/1944,1
9/11/1944,1
9/12/1944,1
9/13/1944,1
9/14/1944,1
9/15/1944,1
9/16/1944,1
9/17/1944,1
9/18/1944,1
9/19/1944,1
9/20/1944,1
9/21/1944,1
9/22/1944,2
9/23/1944,2
9/24/1944,2
9/25/1944,3
9/26/1944,3
9/27/1944,3
9/28/1944,2
9/29/1944,3
9/30/1944,3
10/1/1944,3
10/2/1944,2
10/3/1944,2
10/4/1944,2
10/5/1944,2
10/6/1944,2
10/7/1944,3
10/8/1944,4
10/9/1944,5
10/10/1944,5
10/11/1944,5
10/12/1944,6
10/13/1944,7
10/14/1944,10
10/15/1944,9
10/16/1944,8
10/17/1944,8
10/18/1944,7
10/19/1944,7
10/20/1944,7
10/21/1944,7
10/22/1944,7
10/23/1944,7
10/24/1944,7
10/25/1944,7
10/26/1944,8
10/27/1944,9
10/28/1944,8
10/29/1944,7
10/30/1944,8
10/31/1944,18
11/1/1944,176
11/2/1944,144
11/3/1944,80
11/4/1944,74
11/5/1944,234
11/6/1944,141
11/7/1944,99
11/8/1944,105
11/9/1944,133
11/10/1944,3280
11/11/1944,1630
11/12/1944,1260
11/13/1944,1020
11/14/1944,513
11/15/1944,345
11/16/1944,268
11/17/1944,220
11/18/1944,194
11/19/1944,173
11/20/1944,158
11/21/1944,146
11/22/1944,136
11/23/1944,132
11/24/1944,130
11/25/1944,127
11/26/1944,125
11/27/1944,121
11/28/1944,121
11/29/1944,121
11/30/1944,141
12/1/1944,254
12/2/1944,698
12/3/1944,375
12/4/1944,284
12/5/1944,249
12/6/1944,227
12/7/1944,210
12/8/1944,198
12/9/1944,191
12/10/1944,179
12/11/1944,170
12/12/1944,161
12/13/1944,153
12/14/1944,144
12/15/1944,141
12/16/1944,136
12/17/1944,130
12/18/1944,127
12/19/1944,134
12/20/1944,223
12/21/1944,309
12/22/1944,309
12/23/1944,656
12/24/1944,568
12/25/1944,444
12/26/1944,385
12/27/1944,350
12/28/1944,392
12/29/1944,520
12/30/1944,584
12/31/1944,420
1/1/1945,355
1/2/1945,331
1/3/1945,305
1/4/1945,284
1/5/1945,268
1/6/1945,276
1/7/1945,276
1/8/1945,272
1/9/1945,272
1/10/1945,268
1/11/1945,268
1/12/1945,264
1/13/1945,252
1/14/1945,245
1/15/1945,252
1/16/1945,296
1/17/1945,264
1/18/1945,268
1/19/1945,252
1/20/1945,234
1/21/1945,214
1/22/1945,201
1/23/1945,204
1/24/1945,198
1/25/1945,194
1/26/1945,201
1/27/1945,194
1/28/1945,185
1/29/1945,173
1/30/1945,173
1/31/1945,204
2/1/1945,2400
2/2/1945,13100
2/3/1945,9680
2/4/1945,4260
2/5/1945,3010
2/6/1945,2480
2/7/1945,1880
2/8/1945,1650
2/9/1945,1910
2/10/1945,1580
2/11/1945,1400
2/12/1945,1270
2/13/1945,1150
2/14/1945,1510
2/15/1945,1610
2/16/1945,1290
2/17/1945,1200
2/18/1945,1250
2/19/1945,1150
2/20/1945,1010
2/21/1945,910
2/22/1945,842
2/23/1945,788
2/24/1945,743
2/25/1945,680
2/26/1945,632
2/27/1945,608
2/28/1945,616
3/1/1945,576
3/2/1945,544
3/3/1945,536
3/4/1945,664
3/5/1945,536
3/6/1945,544
3/7/1945,520
3/8/1945,478
3/9/1945,457
3/10/1945,444
3/11/1945,432
3/12/1945,426
3/13/1945,426
3/14/1945,457
3/15/1945,770
3/16/1945,743
3/17/1945,910
3/18/1945,1160
3/19/1945,920
3/20/1945,806
3/21/1945,770
3/22/1945,788
3/23/1945,1150
3/24/1945,950
3/25/1945,1130
3/26/1945,3560
3/27/1945,2290
3/28/1945,1620
3/29/1945,1360
3/30/1945,1180
3/31/1945,1100
4/1/1945,1130
4/2/1945,1080
4/3/1945,1020
4/4/1945,970
4/5/1945,930
4/6/1945,900
4/7/1945,890
4/8/1945,1080
4/9/1945,1180
4/10/1945,980
4/11/1945,900
4/12/1945,880
4/13/1945,815
4/14/1945,761
4/15/1945,743
4/16/1945,761
4/17/1945,842
4/18/1945,940
4/19/1945,1050
4/20/1945,1170
4/21/1945,1270
4/22/1945,1260
4/23/1945,1180
4/24/1945,1100
4/25/1945,1090
4/26/1945,1060
4/27/1945,990
4/28/1945,960
4/29/1945,950
4/30/1945,970
5/1/1945,970
5/2/1945,980
5/3/1945,960
5/4/1945,940
5/5/1945,910
5/6/1945,870
5/7/1945,842
5/8/1945,880
5/9/1945,797
5/10/1945,752
5/11/1945,752
5/12/1945,680
5/13/1945,788
5/14/1945,815
5/15/1945,788
5/16/1945,672
5/17/1945,640
5/18/1945,584
5/19/1945,608
5/20/1945,544
5/21/1945,499
5/22/1945,457
5/23/1945,438
5/24/1945,408
5/25/1945,390
5/26/1945,375
5/27/1945,360
5/28/1945,350
5/29/1945,340
5/30/1945,414
5/31/1945,380
6/1/1945,370
6/2/1945,355
6/3/1945,365
6/4/1945,797
6/5/1945,743
6/6/1945,592
6/7/1945,560
6/8/1945,592
6/9/1945,544
6/10/1945,499
6/11/1945,444
6/12/1945,414
6/13/1945,385
6/14/1945,365
6/15/1945,340
6/16/1945,309
6/17/1945,280
6/18/1945,260
6/19/1945,245
6/20/1945,224
6/21/1945,207
6/22/1945,194
6/23/1945,182
6/24/1945,176
6/25/1945,167
6/26/1945,153
6/27/1945,141
6/28/1945,132
6/29/1945,123
6/30/1945,116
7/1/1945,108
7/2/1945,101
7/3/1945,96
7/4/1945,85
7/5/1945,78
7/6/1945,74
7/7/1945,70
7/8/1945,65
7/9/1945,63
7/10/1945,62
7/11/1945,63
7/12/1945,59
7/13/1945,53
7/14/1945,49
7/15/1945,46
7/16/1945,45
7/17/1945,45
7/18/1945,39
7/19/1945,37
7/20/1945,35
7/21/1945,33
7/22/1945,31
7/23/1945,30
7/24/1945,28
7/25/1945,27
7/26/1945,25
7/27/1945,25
7/28/1945,22
7/29/1945,21
7/30/1945,20
7/31/1945,20
8/1/1945,18
8/2/1945,18
8/3/1945,17
8/4/1945,15
8/5/1945,15
8/6/1945,13
8/7/1945,12
8/8/1945,12
8/9/1945,12
8/10/1945,12
8/11/1945,12
8/12/1945,12
8/13/1945,11
8/14/1945,9
8/15/1945,8
8/16/1945,8
8/17/1945,7
8/18/1945,6
8/19/1945,7
8/20/1945,7
8/21/1945,6
8/22/1945,6
8/23/1945,6
8/24/1945,5
8/25/1945,5
8/26/1945,5
8/27/1945,5
8/28/1945,5
8/29/1945,4
8/30/1945,5
8/31/1945,4
9/1/1945,4
9/2/1945,4
9/3/1945,4
9/4/1945,4
9/5/1945,4
9/6/1945,4
9/7/1945,3
9/8/1945,4
9/9/1945,4
9/10/1945,3
9/11/1945,3
9/12/1945,2
9/13/1945,2
9/14/1945,2
9/15/1945,2
9/16/1945,2
9/17/1945,2
9/18/1945,2
9/19/1945,2
9/20/1945,2
9/21/1945,2
9/22/1945,2
9/23/1945,2
9/24/1945,2
9/25/1945,2
9/26/1945,3
9/27/1945,3
9/28/1945,3
9/29/1945,3
9/30/1945,3
10/1/1945,3
10/2/1945,3
10/3/1945,3
10/4/1945,3
10/5/1945,3
10/6/1945,3
10/7/1945,3
10/8/1945,13
10/9/1945,20
10/10/1945,15
10/11/1945,23
10/12/1945,21
10/13/1945,22
10/14/1945,25
10/15/1945,23
10/16/1945,21
10/17/1945,29
10/18/1945,33
10/19/1945,29
10/20/1945,25
10/21/1945,23
10/22/1945,22
10/23/1945,20
10/24/1945,20
10/25/1945,19
10/26/1945,19
10/27/1945,19
10/28/1945,19
10/29/1945,20
10/30/1945,199
10/31/1945,576
11/1/1945,422
11/2/1945,191
11/3/1945,123
11/4/1945,103
11/5/1945,87
11/6/1945,74
11/7/1945,80
11/8/1945,85
11/9/1945,74
11/10/1945,76
11/11/1945,184
11/12/1945,194
11/13/1945,161
11/14/1945,153
11/15/1945,139
11/16/1945,256
11/17/1945,388
11/18/1945,450
11/19/1945,268
11/20/1945,231
11/21/1945,207
11/22/1945,179
11/23/1945,161
11/24/1945,151
11/25/1945,641
11/26/1945,432
11/27/1945,305
11/28/1945,264
11/29/1945,753
11/30/1945,478
12/1/1945,331
12/2/1945,272
12/3/1945,238
12/4/1945,264
12/5/1945,910
12/6/1945,672
12/7/1945,402
12/8/1945,331
12/9/1945,280
12/10/1945,242
12/11/1945,227
12/12/1945,224
12/13/1945,204
12/14/1945,182
12/15/1945,173
12/16/1945,191
12/17/1945,182
12/18/1945,170
12/19/1945,161
12/20/1945,153
12/21/1945,916
12/22/1945,7780
12/23/1945,8510
12/24/1945,3980
12/25/1945,5850
12/26/1945,5300
12/27/1945,3720
12/28/1945,3770
12/29/1945,3740
12/30/1945,2950
12/31/1945,2260
1/1/1946,1800
1/2/1946,1530
1/3/1946,1610
1/4/1946,1760
1/5/1946,2340
1/6/1946,1830
1/7/1946,1560
1/8/1946,1410
1/9/1946,1220
1/10/1946,1100
1/11/1946,1010
1/12/1946,910
1/13/1946,833
1/14/1946,779
1/15/1946,725
1/16/1946,680
1/17/1946,632
1/18/1946,600
1/19/1946,568
1/20/1946,552
1/21/1946,520
1/22/1946,499
1/23/1946,471
1/24/1946,457
1/25/1946,444
1/26/1946,432
1/27/1946,420
1/28/1946,408
1/29/1946,402
1/30/1946,380
1/31/1946,370
2/1/1946,365
2/2/1946,370
2/3/1946,608
2/4/1946,584
2/5/1946,457
2/6/1946,432
2/7/1946,536
2/8/1946,544
2/9/1946,457
2/10/1946,432
2/11/1946,506
2/12/1946,457
2/13/1946,420
2/14/1946,396
2/15/1946,396
2/16/1946,450
2/17/1946,414
2/18/1946,402
2/19/1946,402
2/20/1946,471
2/21/1946,568
2/22/1946,716
2/23/1946,608
2/24/1946,576
2/25/1946,616
2/26/1946,576
2/27/1946,568
2/28/1946,860
3/1/1946,815
3/2/1946,770
3/3/1946,752
3/4/1946,725
3/5/1946,672
3/6/1946,640
3/7/1946,624
3/8/1946,616
3/9/1946,624
3/10/1946,640
3/11/1946,664
3/12/1946,648
3/13/1946,1340
3/14/1946,1260
3/15/1946,1050
3/16/1946,980
3/17/1946,930
3/18/1946,910
3/19/1946,960
3/20/1946,1150
3/21/1946,1220
3/22/1946,1060
3/23/1946,970
3/24/1946,890
3/25/1946,842
3/26/1946,806
3/27/1946,797
3/28/1946,860
3/29/1946,2900
3/30/1946,3640
3/31/1946,2010
4/1/1946,1610
4/2/1946,1380
4/3/1946,1210
4/4/1946,1150
4/5/1946,1100
4/6/1946,1080
4/7/1946,1040
4/8/1946,1000
4/9/1946,990
4/10/1946,960
4/11/1946,950
4/12/1946,970
4/13/1946,1010
4/14/1946,1020
4/15/1946,1040
4/16/1946,1090
4/17/1946,1150
4/18/1946,1200
4/19/1946,1200
4/20/1946,1170
4/21/1946,1090
4/22/1946,1030
4/23/1946,1010
4/24/1946,1040
4/25/1946,1090
4/26/1946,1120
4/27/1946,1070
4/28/1946,1020
4/29/1946,990
4/30/1946,960
5/1/1946,900
5/2/1946,880
5/3/1946,870
5/4/1946,870
5/5/1946,860
5/6/1946,851
5/7/1946,824
5/8/1946,761
5/9/1946,725
5/10/1946,680
5/11/1946,640
5/12/1946,600
5/13/1946,576
5/14/1946,544
5/15/1946,520
5/16/1946,513
5/17/1946,499
5/18/1946,499
5/19/1946,506
5/20/1946,506
5/21/1946,492
5/22/1946,471
5/23/1946,444
5/24/1946,408
5/25/1946,380
5/26/1946,555
5/27/1946,648
5/28/1946,464
5/29/1946,408
5/30/1946,375
5/31/1946,355
6/1/1946,340
6/2/1946,328
6/3/1946,315
6/4/1946,299
6/5/1946,284
6/6/1946,269
6/7/1946,247
6/8/1946,234
6/9/1946,218
6/10/1946,212
6/11/1946,209
6/12/1946,197
6/13/1946,184
6/14/1946,173
6/15/1946,165
6/16/1946,160
6/17/1946,152
6/18/1946,143
6/19/1946,134
6/20/1946,121
6/21/1946,117
6/22/1946,113
6/23/1946,109
6/24/1946,107
6/25/1946,103
6/26/1946,97
6/27/1946,92
6/28/1946,88
6/29/1946,86
6/30/1946,82
7/1/1946,81
7/2/1946,77
7/3/1946,70
7/4/1946,67
7/5/1946,63
7/6/1946,60
7/7/1946,57
7/8/1946,54
7/9/1946,53
7/10/1946,52
7/11/1946,48
7/12/1946,45
7/13/1946,41
7/14/1946,38
7/15/1946,36
7/16/1946,35
7/17/1946,35
7/18/1946,34
7/19/1946,31
7/20/1946,28
7/21/1946,26
7/22/1946,26
7/23/1946,25
7/24/1946,24
7/25/1946,23
7/26/1946,24
7/27/1946,24
7/28/1946,24
7/29/1946,23
7/30/1946,22
7/31/1946,20
8/1/1946,19
8/2/1946,17
8/3/1946,16
8/4/1946,14
8/5/1946,12
8/6/1946,11
8/7/1946,11
8/8/1946,9
8/9/1946,9
8/10/1946,8
8/11/1946,8
8/12/1946,8
8/13/1946,8
8/14/1946,8
8/15/1946,14
8/16/1946,12
8/17/1946,6
8/18/1946,5
8/19/1946,6
8/20/1946,6
8/21/1946,6
8/22/1946,5
8/23/1946,5
8/24/1946,4
8/25/1946,4
8/26/1946,4
8/27/1946,4
8/28/1946,4
8/29/1946,4
8/30/1946,4
8/31/1946,4
9/1/1946,3
9/2/1946,3
9/3/1946,8
9/4/1946,5
9/5/1946,4
9/6/1946,4
9/7/1946,4
9/8/1946,4
9/9/1946,4
9/10/1946,4
9/11/1946,3
9/12/1946,3
9/13/1946,3
9/14/1946,3
9/15/1946,2
9/16/1946,3
9/17/1946,3
9/18/1946,4
9/19/1946,4
9/20/1946,4
9/21/1946,5
9/22/1946,6
9/23/1946,6
9/24/1946,6
9/25/1946,5
9/26/1946,4
9/27/1946,4
9/28/1946,4
9/29/1946,3
9/30/1946,3
10/1/1946,4
10/2/1946,4
10/3/1946,14
10/4/1946,41
10/5/1946,29
10/6/1946,29
10/7/1946,25
10/8/1946,22
10/9/1946,22
10/10/1946,22
10/11/1946,22
10/12/1946,22
10/13/1946,20
10/14/1946,20
10/15/1946,20
10/16/1946,25
10/17/1946,47
10/18/1946,48
10/19/1946,38
10/20/1946,31
10/21/1946,26
10/22/1946,28
10/23/1946,29
10/24/1946,30
10/25/1946,35
10/26/1946,33
10/27/1946,30
10/28/1946,29
10/29/1946,28
10/30/1946,27
10/31/1946,28
11/1/1946,28
11/2/1946,28
11/3/1946,30
11/4/1946,33
11/5/1946,33
11/6/1946,35
11/7/1946,31
11/8/1946,30
11/9/1946,32
11/10/1946,37
11/11/1946,31
11/12/1946,31
11/13/1946,35
11/14/1946,36
11/15/1946,37
11/16/1946,39
11/17/1946,41
11/18/1946,43
11/19/1946,132
11/20/1946,1100
11/21/1946,394
11/22/1946,220
11/23/1946,839
11/24/1946,698
11/25/1946,326
11/26/1946,237
11/27/1946,189
11/28/1946,166
11/29/1946,148
11/30/1946,136
12/1/1946,125
12/2/1946,116
12/3/1946,110
12/4/1946,119
12/5/1946,198
12/6/1946,376
12/7/1946,509
12/8/1946,326
12/9/1946,264
12/10/1946,227
12/11/1946,201
12/12/1946,186
12/13/1946,172
12/14/1946,158
12/15/1946,150
12/16/1946,143
12/17/1946,136
12/18/1946,132
12/19/1946,123
12/20/1946,119
12/21/1946,116
12/22/1946,112
12/23/1946,110
12/24/1946,123
12/25/1946,198
12/26/1946,227
12/27/1946,254
12/28/1946,346
12/29/1946,268
12/30/1946,240
12/31/1946,210
1/1/1947,192
1/2/1947,186
1/3/1947,164
1/4/1947,143
1/5/1947,145
1/6/1947,153
1/7/1947,145
1/8/1947,136
1/9/1947,134
1/10/1947,129
1/11/1947,127
1/12/1947,123
1/13/1947,121
1/14/1947,125
1/15/1947,123
1/16/1947,98
1/17/1947,93
1/18/1947,106
1/19/1947,106
1/20/1947,110
1/21/1947,108
1/22/1947,104
1/23/1947,102
1/24/1947,100
1/25/1947,100
1/26/1947,102
1/27/1947,116
1/28/1947,166
1/29/1947,183
1/30/1947,161
1/31/1947,174
2/1/1947,174
2/2/1947,155
2/3/1947,153
2/4/1947,150
2/5/1947,150
2/6/1947,153
2/7/1947,158
2/8/1947,166
2/9/1947,174
2/10/1947,216
2/11/1947,237
2/12/1947,1300
2/13/1947,1860
2/14/1947,990
2/15/1947,734
2/16/1947,600
2/17/1947,544
2/18/1947,467
2/19/1947,412
2/20/1947,380
2/21/1947,346
2/22/1947,326
2/23/1947,303
2/24/1947,286
2/25/1947,275
2/26/1947,268
2/27/1947,254
2/28/1947,258
3/1/1947,250
3/2/1947,383
3/3/1947,516
3/4/1947,752
3/5/1947,579
3/6/1947,474
3/7/1947,418
3/8/1947,454
3/9/1947,481
3/10/1947,2610
3/11/1947,1980
3/12/1947,1340
3/13/1947,1030
3/14/1947,860
3/15/1947,752
3/16/1947,664
3/17/1947,593
3/18/1947,558
3/19/1947,516
3/20/1947,488
3/21/1947,448
3/22/1947,418
3/23/1947,460
3/24/1947,430
3/25/1947,385
3/26/1947,360
3/27/1947,338
3/28/1947,617
3/29/1947,733
3/30/1947,1060
3/31/1947,833
4/1/1947,664
4/2/1947,624
4/3/1947,1340
4/4/1947,1270
4/5/1947,880
4/6/1947,761
4/7/1947,698
4/8/1947,648
4/9/1947,716
4/10/1947,672
4/11/1947,608
4/12/1947,579
4/13/1947,537
4/14/1947,509
4/15/1947,488
4/16/1947,460
4/17/1947,448
4/18/1947,430
4/19/1947,406
4/20/1947,390
4/21/1947,375
4/22/1947,360
4/23/1947,334
4/24/1947,318
4/25/1947,306
4/26/1947,289
4/27/1947,286
4/28/1947,278
4/29/1947,275
4/30/1947,268
5/1/1947,268
5/2/1947,282
5/3/1947,289
5/4/1947,296
5/5/1947,292
5/6/1947,286
5/7/1947,282
5/8/1947,268
5/9/1947,244
5/10/1947,220
5/11/1947,204
5/12/1947,189
5/13/1947,180
5/14/1947,172
5/15/1947,166
5/16/1947,155
5/17/1947,153
5/18/1947,145
5/19/1947,129
5/20/1947,132
5/21/1947,127
5/22/1947,119
5/23/1947,110
5/24/1947,102
5/25/1947,96
5/26/1947,85
5/27/1947,85
5/28/1947,93
5/29/1947,93
5/30/1947,80
5/31/1947,84
6/1/1947,93
6/2/1947,112
6/3/1947,102
6/4/1947,91
6/5/1947,85
6/6/1947,80
6/7/1947,87
6/8/1947,112
6/9/1947,119
6/10/1947,104
6/11/1947,84
6/12/1947,70
6/13/1947,59
6/14/1947,53
6/15/1947,51
6/16/1947,46
6/17/1947,43
6/18/1947,32
6/19/1947,30
6/20/1947,28
6/21/1947,27
6/22/1947,23
6/23/1947,22
6/24/1947,21
6/25/1947,20
6/26/1947,18
6/27/1947,18
6/28/1947,17
6/29/1947,16
6/30/1947,15
7/1/1947,15
7/2/1947,14
7/3/1947,13
7/4/1947,12
7/5/1947,11
7/6/1947,10
7/7/1947,9
7/8/1947,9
7/9/1947,8
7/10/1947,8
7/11/1947,8
7/12/1947,7
7/13/1947,6
7/14/1947,5
7/15/1947,5
7/16/1947,5
7/17/1947,5
7/18/1947,5
7/19/1947,4
7/20/1947,4
7/21/1947,4
7/22/1947,4
7/23/1947,4
7/24/1947,3
7/25/1947,4
7/26/1947,3
7/27/1947,3
7/28/1947,2
7/29/1947,1
7/30/1947,2
7/31/1947,2
8/1/1947,2
8/2/1947,2
8/3/1947,2
8/4/1947,2
8/5/1947,2
8/6/1947,2
8/7/1947,1
8/8/1947,1
8/9/1947,1
8/10/1947,2
8/11/1947,1
8/12/1947,2
8/13/1947,1
8/14/1947,2
8/15/1947,2
8/16/1947,1
8/17/1947,1
8/18/1947,1
8/19/1947,1
8/20/1947,1
8/21/1947,0
8/22/1947,1
8/23/1947,0
8/24/1947,1
8/25/1947,1
8/26/1947,0
8/27/1947,1
8/28/1947,1
8/29/1947,1
8/30/1947,0
8/31/1947,0
9/1/1947,0
9/2/1947,0
9/3/1947,0
9/4/1947,0
9/5/1947,0
9/6/1947,0
9/7/1947,0
9/8/1947,0
9/9/1947,0
9/10/1947,0
9/11/1947,0
9/12/1947,0
9/13/1947,0
9/14/1947,0
9/15/1947,0
9/16/1947,0
9/17/1947,0
9/18/1947,0
9/19/1947,0
9/20/1947,0
9/21/1947,0
9/22/1947,0
9/23/1947,0
9/24/1947,0
9/25/1947,0
9/26/1947,0
9/27/1947,0
9/28/1947,0
9/29/1947,1
9/30/1947,1
10/1/1947,1
10/2/1947,1
10/3/1947,1
10/4/1947,1
10/5/1947,1
10/6/1947,2
10/7/1947,2
10/8/1947,4
10/9/1947,3
10/10/1947,6
10/11/1947,22
10/12/1947,83
10/13/1947,61
10/14/1947,41
10/15/1947,31
10/16/1947,30
10/17/1947,101
10/18/1947,228
10/19/1947,97
10/20/1947,66
10/21/1947,55
10/22/1947,61
10/23/1947,54
10/24/1947,45
10/25/1947,39
10/26/1947,33
10/27/1947,31
10/28/1947,31
10/29/1947,34
10/30/1947,41
10/31/1947,86
11/1/1947,90
11/2/1947,120
11/3/1947,122
11/4/1947,86
11/5/1947,75
11/6/1947,73
11/7/1947,72
11/8/1947,61
11/9/1947,55
11/10/1947,52
11/11/1947,48
11/12/1947,46
11/13/1947,45
11/14/1947,43
11/15/1947,45
11/16/1947,54
11/17/1947,83
11/18/1947,72
11/19/1947,61
11/20/1947,54
11/21/1947,51
11/22/1947,48
11/23/1947,45
11/24/1947,44
11/25/1947,44
11/26/1947,46
11/27/1947,45
11/28/1947,45
11/29/1947,43
11/30/1947,43
12/1/1947,43
12/2/1947,43
12/3/1947,43
12/4/1947,43
12/5/1947,48
12/6/1947,55
12/7/1947,48
12/8/1947,45
12/9/1947,43
12/10/1947,43
12/11/1947,41
12/12/1947,41
12/13/1947,41
12/14/1947,41
12/15/1947,41
12/16/1947,42
12/17/1947,50
12/18/1947,68
12/19/1947,80
12/20/1947,64
12/21/1947,58
12/22/1947,56
12/23/1947,55
12/24/1947,52
12/25/1947,50
12/26/1947,48
12/27/1947,48
12/28/1947,48
12/29/1947,46
12/30/1947,47
12/31/1947,46
1/1/1948,39
1/2/1948,45
1/3/1948,215
1/4/1948,330
1/5/1948,260
1/6/1948,240
1/7/1948,210
1/8/1948,310
1/9/1948,360
1/10/1948,265
1/11/1948,219
1/12/1948,185
1/13/1948,166
1/14/1948,145
1/15/1948,133
1/16/1948,122
1/17/1948,116
1/18/1948,107
1/19/1948,97
1/20/1948,92
1/21/1948,86
1/22/1948,84
1/23/1948,83
1/24/1948,81
1/25/1948,80
1/26/1948,75
1/27/1948,72
1/28/1948,61
1/29/1948,55
1/30/1948,66
1/31/1948,66
2/1/1948,67
2/2/1948,68
2/3/1948,64
2/4/1948,54
2/5/1948,72
2/6/1948,111
2/7/1948,140
2/8/1948,107
2/9/1948,145
2/10/1948,301
2/11/1948,265
2/12/1948,179
2/13/1948,145
2/14/1948,140
2/15/1948,138
2/16/1948,160
2/17/1948,200
2/18/1948,203
2/19/1948,206
2/20/1948,200
2/21/1948,179
2/22/1948,173
2/23/1948,235
2/24/1948,228
2/25/1948,191
2/26/1948,173
2/27/1948,166
2/28/1948,188
2/29/1948,225
3/1/1948,179
3/2/1948,173
3/3/1948,163
3/4/1948,158
3/5/1948,145
3/6/1948,143
3/7/1948,138
3/8/1948,136
3/9/1948,166
3/10/1948,179
3/11/1948,158
3/12/1948,148
3/13/1948,171
3/14/1948,458
3/15/1948,598
3/16/1948,431
3/17/1948,617
3/18/1948,494
3/19/1948,821
3/20/1948,620
3/21/1948,419
3/22/1948,345
3/23/1948,414
3/24/1948,3140
3/25/1948,1970
3/26/1948,1090
3/27/1948,813
3/28/1948,690
3/29/1948,605
3/30/1948,590
3/31/1948,562
4/1/1948,548
4/2/1948,612
4/3/1948,1480
4/4/1948,1330
4/5/1948,2120
4/6/1948,2750
4/7/1948,1610
4/8/1948,1150
4/9/1948,1040
4/10/1948,2330
4/11/1948,1940
4/12/1948,1480
4/13/1948,1220
4/14/1948,1080
4/15/1948,1140
4/16/1948,1320
4/17/1948,1710
4/18/1948,1970
4/19/1948,1740
4/20/1948,1620
4/21/1948,1630
4/22/1948,2360
4/23/1948,2160
4/24/1948,1870
4/25/1948,1660
4/26/1948,1590
4/27/1948,1560
4/28/1948,1650
4/29/1948,1860
4/30/1948,1900
5/1/1948,1630
5/2/1948,1420
5/3/1948,1310
5/4/1948,1260
5/5/1948,1330
5/6/1948,1490
5/7/1948,1720
5/8/1948,1580
5/9/1948,1370
5/10/1948,1230
5/11/1948,1160
5/12/1948,1140
5/13/1948,1150
5/14/1948,1200
5/15/1948,1190
5/16/1948,1260
5/17/1948,1330
5/18/1948,1270
5/19/1948,1250
5/20/1948,1290
5/21/1948,1200
5/22/1948,1030
5/23/1948,984
5/24/1948,1040
5/25/1948,1080
5/26/1948,1140
5/27/1948,1180
5/28/1948,1070
5/29/1948,951
5/30/1948,930
5/31/1948,1010
6/1/1948,840
6/2/1948,831
6/3/1948,831
6/4/1948,822
6/5/1948,777
6/6/1948,716
6/7/1948,733
6/8/1948,724
6/9/1948,759
6/10/1948,750
6/11/1948,682
6/12/1948,628
6/13/1948,576
6/14/1948,541
6/15/1948,494
6/16/1948,455
6/17/1948,419
6/18/1948,390
6/19/1948,365
6/20/1948,345
6/21/1948,326
6/22/1948,312
6/23/1948,290
6/24/1948,276
6/25/1948,265
6/26/1948,252
6/27/1948,238
6/28/1948,228
6/29/1948,212
6/30/1948,200
7/1/1948,182
7/2/1948,168
7/3/1948,155
7/4/1948,145
7/5/1948,136
7/6/1948,131
7/7/1948,124
7/8/1948,118
7/9/1948,111
7/10/1948,96
7/11/1948,96
7/12/1948,90
7/13/1948,86
7/14/1948,81
7/15/1948,78
7/16/1948,73
7/17/1948,67
7/18/1948,54
7/19/1948,67
7/20/1948,51
7/21/1948,52
7/22/1948,48
7/23/1948,43
7/24/1948,46
7/25/1948,43
7/26/1948,41
7/27/1948,39
7/28/1948,36
7/29/1948,34
7/30/1948,29
7/31/1948,30
8/1/1948,32
8/2/1948,29
8/3/1948,27
8/4/1948,24
8/5/1948,22
8/6/1948,24
8/7/1948,25
8/8/1948,22
8/9/1948,19
8/10/1948,18
8/11/1948,14
8/12/1948,8
8/13/1948,10
8/14/1948,13
8/15/1948,12
8/16/1948,11
8/17/1948,13
8/18/1948,13
8/19/1948,12
8/20/1948,9
8/21/1948,9
8/22/1948,10
8/23/1948,10
8/24/1948,10
8/25/1948,9
8/26/1948,10
8/27/1948,10
8/28/1948,12
8/29/1948,11
8/30/1948,9
8/31/1948,8
9/1/1948,6
9/2/1948,6
9/3/1948,6
9/4/1948,6
9/5/1948,6
9/6/1948,5
9/7/1948,5
9/8/1948,5
9/9/1948,5
9/10/1948,4
9/11/1948,4
9/12/1948,4
9/13/1948,4
9/14/1948,4
9/15/1948,4
9/16/1948,4
9/17/1948,4
9/18/1948,4
9/19/1948,4
9/20/1948,4
9/21/1948,5
9/22/1948,5
9/23/1948,5
9/24/1948,5
9/25/1948,5
9/26/1948,6
9/27/1948,6
9/28/1948,6
9/29/1948,8
9/30/1948,10
10/1/1948,10
10/2/1948,10
10/3/1948,10
10/4/1948,9
10/5/1948,9
10/6/1948,8
10/7/1948,8
10/8/1948,8
10/9/1948,7
10/10/1948,8
10/11/1948,9
10/12/1948,10
10/13/1948,10
10/14/1948,10
10/15/1948,10
10/16/1948,21
10/17/1948,22
10/18/1948,18
10/19/1948,17
10/20/1948,17
10/21/1948,15
10/22/1948,15
10/23/1948,13
10/24/1948,11
10/25/1948,10
10/26/1948,10
10/27/1948,11
10/28/1948,11
10/29/1948,12
10/30/1948,11
10/31/1948,11
11/1/1948,14
11/2/1948,23
11/3/1948,62
11/4/1948,101
11/5/1948,90
11/6/1948,61
11/7/1948,45
11/8/1948,39
11/9/1948,35
11/10/1948,33
11/11/1948,32
11/12/1948,32
11/13/1948,31
11/14/1948,31
11/15/1948,32
11/16/1948,38
11/17/1948,43
11/18/1948,47
11/19/1948,51
11/20/1948,45
11/21/1948,40
11/22/1948,39
11/23/1948,38
11/24/1948,38
11/25/1948,36
11/26/1948,35
11/27/1948,35
11/28/1948,35
11/29/1948,34
11/30/1948,33
12/1/1948,34
12/2/1948,32
12/3/1948,39
12/4/1948,46
12/5/1948,55
12/6/1948,67
12/7/1948,116
12/8/1948,81
12/9/1948,92
12/10/1948,80
12/11/1948,68
12/12/1948,61
12/13/1948,68
12/14/1948,211
12/15/1948,188
12/16/1948,118
12/17/1948,109
12/18/1948,126
12/19/1948,113
12/20/1948,90
12/21/1948,83
12/22/1948,83
12/23/1948,78
12/24/1948,67
12/25/1948,60
12/26/1948,60
12/27/1948,215
12/28/1948,238
12/29/1948,163
12/30/1948,124
12/31/1948,126
1/1/1949,225
1/2/1949,330
1/3/1949,212
1/4/1949,118
1/5/1949,90
1/6/1949,103
1/7/1949,113
1/8/1949,105
1/9/1949,94
1/10/1949,73
1/11/1949,54
1/12/1949,62
1/13/1949,68
1/14/1949,76
1/15/1949,72
1/16/1949,68
1/17/1949,64
1/18/1949,66
1/19/1949,85
1/20/1949,153
1/21/1949,150
1/22/1949,331
1/23/1949,315
1/24/1949,219
1/25/1949,148
1/26/1949,133
1/27/1949,131
1/28/1949,120
1/29/1949,113
1/30/1949,116
1/31/1949,111
2/1/1949,109
2/2/1949,105
2/3/1949,116
2/4/1949,145
2/5/1949,360
2/6/1949,290
2/7/1949,407
2/8/1949,323
2/9/1949,238
2/10/1949,219
2/11/1949,671
2/12/1949,496
2/13/1949,304
2/14/1949,248
2/15/1949,219
2/16/1949,203
2/17/1949,209
2/18/1949,238
2/19/1949,255
2/20/1949,269
2/21/1949,262
2/22/1949,258
2/23/1949,400
2/24/1949,380
2/25/1949,380
2/26/1949,420
2/27/1949,527
2/28/1949,413
3/1/1949,355
3/2/1949,1250
3/3/1949,9010
3/4/1949,3310
3/5/1949,1510
3/6/1949,1020
3/7/1949,759
3/8/1949,690
3/9/1949,590
3/10/1949,674
3/11/1949,1310
3/12/1949,2230
3/13/1949,1420
3/14/1949,995
3/15/1949,804
3/16/1949,1390
3/17/1949,1190
3/18/1949,962
3/19/1949,1260
3/20/1949,1400
3/21/1949,1070
3/22/1949,1160
3/23/1949,1660
3/24/1949,1260
3/25/1949,973
3/26/1949,813
3/27/1949,733
3/28/1949,750
3/29/1949,699
3/30/1949,642
3/31/1949,620
4/1/1949,555
4/2/1949,548
4/3/1949,583
4/4/1949,590
4/5/1949,642
4/6/1949,733
4/7/1949,768
4/8/1949,777
4/9/1949,813
4/10/1949,900
4/11/1949,1050
4/12/1949,1160
4/13/1949,1180
4/14/1949,1190
4/15/1949,1260
4/16/1949,1310
4/17/1949,1370
4/18/1949,1330
4/19/1949,1290
4/20/1949,1240
4/21/1949,1250
4/22/1949,1340
4/23/1949,1420
4/24/1949,1440
4/25/1949,1400
4/26/1949,1270
4/27/1949,1200
4/28/1949,1130
4/29/1949,1080
4/30/1949,995
5/1/1949,910
5/2/1949,920
5/3/1949,880
5/4/1949,840
5/5/1949,804
5/6/1949,759
5/7/1949,750
5/8/1949,733
5/9/1949,699
5/10/1949,642
5/11/1949,650
5/12/1949,699
5/13/1949,759
5/14/1949,900
5/15/1949,973
5/16/1949,822
5/17/1949,777
5/18/1949,716
5/19/1949,674
5/20/1949,690
5/21/1949,620
5/22/1949,569
5/23/1949,548
5/24/1949,548
5/25/1949,555
5/26/1949,555
5/27/1949,548
5/28/1949,507
5/29/1949,468
5/30/1949,437
5/31/1949,443
6/1/1949,390
6/2/1949,355
6/3/1949,334
6/4/1949,312
6/5/1949,301
6/6/1949,294
6/7/1949,286
6/8/1949,276
6/9/1949,262
6/10/1949,245
6/11/1949,228
6/12/1949,212
6/13/1949,197
6/14/1949,182
6/15/1949,168
6/16/1949,153
6/17/1949,138
6/18/1949,128
6/19/1949,126
6/20/1949,122
6/21/1949,105
6/22/1949,101
6/23/1949,94
6/24/1949,88
6/25/1949,83
6/26/1949,78
6/27/1949,73
6/28/1949,68
6/29/1949,64
6/30/1949,61
7/1/1949,58
7/2/1949,54
7/3/1949,51
7/4/1949,50
7/5/1949,46
7/6/1949,45
7/7/1949,42
7/8/1949,39
7/9/1949,39
7/10/1949,36
7/11/1949,34
7/12/1949,31
7/13/1949,30
7/14/1949,28
7/15/1949,25
7/16/1949,23
7/17/1949,22
7/18/1949,20
7/19/1949,19
7/20/1949,18
7/21/1949,17
7/22/1949,15
7/23/1949,15
7/24/1949,15
7/25/1949,13
7/26/1949,12
7/27/1949,12
7/28/1949,11
7/29/1949,11
7/30/1949,11
7/31/1949,10
8/1/1949,9
8/2/1949,9
8/3/1949,10
8/4/1949,8
8/5/1949,8
8/6/1949,7
8/7/1949,7
8/8/1949,6
8/9/1949,6
8/10/1949,6
8/11/1949,6
8/12/1949,5
8/13/1949,6
8/14/1949,6
8/15/1949,6
8/16/1949,5
8/17/1949,6
8/18/1949,6
8/19/1949,6
8/20/1949,5
8/21/1949,5
8/22/1949,5
8/23/1949,5
8/24/1949,5
8/25/1949,5
8/26/1949,4
8/27/1949,5
8/28/1949,5
8/29/1949,5
8/30/1949,6
8/31/1949,7
9/1/1949,9
9/2/1949,8
9/3/1949,7
9/4/1949,7
9/5/1949,6
9/6/1949,5
9/7/1949,5
9/8/1949,4
9/9/1949,4
9/10/1949,4
9/11/1949,3
9/12/1949,3
9/13/1949,4
9/14/1949,4
9/15/1949,4
9/16/1949,4
9/17/1949,4
9/18/1949,4
9/19/1949,4
9/20/1949,4
9/21/1949,4
9/22/1949,3
9/23/1949,3
9/24/1949,3
9/25/1949,3
9/26/1949,4
9/27/1949,3
9/28/1949,4
9/29/1949,4
9/30/1949,4
10/1/1949,4
10/2/1949,6
10/3/1949,8
10/4/1949,8
10/5/1949,7
10/6/1949,7
10/7/1949,7
10/8/1949,7
10/9/1949,7
10/10/1949,7
10/11/1949,8
10/12/1949,10
10/13/1949,10
10/14/1949,11
10/15/1949,12
10/16/1949,11
10/17/1949,10
10/18/1949,10
10/19/1949,10
10/20/1949,10
10/21/1949,13
10/22/1949,13
10/23/1949,14
10/24/1949,12
10/25/1949,13
10/26/1949,14
10/27/1949,14
10/28/1949,14
10/29/1949,13
10/30/1949,12
10/31/1949,11
11/1/1949,12
11/2/1949,13
11/3/1949,12
11/4/1949,13
11/5/1949,13
11/6/1949,12
11/7/1949,11
11/8/1949,12
11/9/1949,22
11/10/1949,190
11/11/1949,254
11/12/1949,120
11/13/1949,75
11/14/1949,62
11/15/1949,54
11/16/1949,48
11/17/1949,43
11/18/1949,42
11/19/1949,40
11/20/1949,38
11/21/1949,39
11/22/1949,38
11/23/1949,38
11/24/1949,36
11/25/1949,34
11/26/1949,35
11/27/1949,38
11/28/1949,36
11/29/1949,38
11/30/1949,38
12/1/1949,35
12/2/1949,35
12/3/1949,36
12/4/1949,35
12/5/1949,33
12/6/1949,33
12/7/1949,35
12/8/1949,38
12/9/1949,39
12/10/1949,40
12/11/1949,38
12/12/1949,34
12/13/1949,31
12/14/1949,28
12/15/1949,40
12/16/1949,41
12/17/1949,47
12/18/1949,70
12/19/1949,105
12/20/1949,120
12/21/1949,75
12/22/1949,54
12/23/1949,54
12/24/1949,52
12/25/1949,51
12/26/1949,47
12/27/1949,43
12/28/1949,42
12/29/1949,43
12/30/1949,42
12/31/1949,41
1/1/1950,41
1/2/1950,42
1/3/1950,47
1/4/1950,41
1/5/1950,29
1/6/1950,39
1/7/1950,41
1/8/1950,55
1/9/1950,76
1/10/1950,70
1/11/1950,107
1/12/1950,105
1/13/1950,86
1/14/1950,154
1/15/1950,126
1/16/1950,282
1/17/1950,2740
1/18/1950,1940
1/19/1950,1100
1/20/1950,650
1/21/1950,534
1/22/1950,1610
1/23/1950,2020
1/24/1950,2140
1/25/1950,1080
1/26/1950,674
1/27/1950,632
1/28/1950,1650
1/29/1950,1080
1/30/1950,674
1/31/1950,527
2/1/1950,419
2/2/1950,350
2/3/1950,330
2/4/1950,3790
2/5/1950,4160
2/6/1950,5410
2/7/1950,2980
2/8/1950,1840
2/9/1950,1370
2/10/1950,1180
2/11/1950,1190
2/12/1950,962
2/13/1950,831
2/14/1950,759
2/15/1950,724
2/16/1950,716
2/17/1950,699
2/18/1950,674
2/19/1950,665
2/20/1950,674
2/21/1950,658
2/22/1950,642
2/23/1950,628
2/24/1950,620
2/25/1950,620
2/26/1950,642
2/27/1950,674
2/28/1950,682
3/1/1950,665
3/2/1950,635
3/3/1950,612
3/4/1950,605
3/5/1950,635
3/6/1950,716
3/7/1950,642
3/8/1950,605
3/9/1950,569
3/10/1950,527
3/11/1950,555
3/12/1950,514
3/13/1950,462
3/14/1950,431
3/15/1950,413
3/16/1950,401
3/17/1950,475
3/18/1950,658
3/19/1950,782
3/20/1950,1690
3/21/1950,1260
3/22/1950,1280
3/23/1950,1350
3/24/1950,2260
3/25/1950,2330
3/26/1950,1770
3/27/1950,1420
3/28/1950,1230
3/29/1950,1090
3/30/1950,1030
3/31/1950,1050
4/1/1950,1070
4/2/1950,1130
4/3/1950,1170
4/4/1950,1170
4/5/1950,1190
4/6/1950,1330
4/7/1950,1740
4/8/1950,3090
4/9/1950,2600
4/10/1950,2040
4/11/1950,1770
4/12/1950,1630
4/13/1950,1730
4/14/1950,1690
4/15/1950,1560
4/16/1950,1510
4/17/1950,1550
4/18/1950,1580
4/19/1950,1630
4/20/1950,1670
4/21/1950,1720
4/22/1950,1720
4/23/1950,1550
4/24/1950,1420
4/25/1950,1330
4/26/1950,1280
4/27/1950,1250
4/28/1950,1190
4/29/1950,1080
4/30/1950,995
5/1/1950,1010
5/2/1950,1130
5/3/1950,1060
5/4/1950,890
5/5/1950,822
5/6/1950,786
5/7/1950,759
5/8/1950,716
5/9/1950,682
5/10/1950,658
5/11/1950,658
5/12/1950,682
5/13/1950,724
5/14/1950,742
5/15/1950,813
5/16/1950,860
5/17/1950,860
5/18/1950,831
5/19/1950,795
5/20/1950,777
5/21/1950,768
5/22/1950,777
5/23/1950,768
5/24/1950,759
5/25/1950,742
5/26/1950,724
5/27/1950,699
5/28/1950,665
5/29/1950,605
5/30/1950,583
5/31/1950,569
6/1/1950,548
6/2/1950,520
6/3/1950,474
6/4/1950,431
6/5/1950,395
6/6/1950,375
6/7/1950,345
6/8/1950,312
6/9/1950,286
6/10/1950,272
6/11/1950,265
6/12/1950,276
6/13/1950,252
6/14/1950,238
6/15/1950,222
6/16/1950,216
6/17/1950,212
6/18/1950,200
6/19/1950,191
6/20/1950,179
6/21/1950,171
6/22/1950,168
6/23/1950,158
6/24/1950,148
6/25/1950,140
6/26/1950,131
6/27/1950,122
6/28/1950,116
6/29/1950,107
6/30/1950,103
7/1/1950,96
7/2/1950,86
7/3/1950,78
7/4/1950,73
7/5/1950,67
7/6/1950,66
7/7/1950,61
7/8/1950,56
7/9/1950,55
7/10/1950,52
7/11/1950,52
7/12/1950,55
7/13/1950,54
7/14/1950,48
7/15/1950,45
7/16/1950,42
7/17/1950,39
7/18/1950,38
7/19/1950,35
7/20/1950,34
7/21/1950,33
7/22/1950,31
7/23/1950,30
7/24/1950,28
7/25/1950,28
7/26/1950,25
7/27/1950,24
7/28/1950,23
7/29/1950,22
7/30/1950,21
7/31/1950,19
8/1/1950,19
8/2/1950,19
8/3/1950,18
8/4/1950,17
8/5/1950,16
8/6/1950,16
8/7/1950,15
8/8/1950,14
8/9/1950,13
8/10/1950,11
8/11/1950,6
8/12/1950,11
8/13/1950,12
8/14/1950,12
8/15/1950,13
8/16/1950,13
8/17/1950,11
8/18/1950,10
8/19/1950,9
8/20/1950,8
8/21/1950,8
8/22/1950,6
8/23/1950,6
8/24/1950,5
8/25/1950,6
8/26/1950,6
8/27/1950,7
8/28/1950,6
8/29/1950,6
8/30/1950,6
8/31/1950,5
9/1/1950,6
9/2/1950,4
9/3/1950,4
9/4/1950,4
9/5/1950,4
9/6/1950,4
9/7/1950,4
9/8/1950,6
9/9/1950,6
9/10/1950,6
9/11/1950,7
9/12/1950,8
9/13/1950,8
9/14/1950,7
9/15/1950,9
9/16/1950,9
9/17/1950,10
9/18/1950,10
9/19/1950,11
9/20/1950,16
9/21/1950,17
9/22/1950,18
9/23/1950,17
9/24/1950,14
9/25/1950,13
9/26/1950,12
9/27/1950,12
9/28/1950,11
9/29/1950,11
9/30/1950,11
10/1/1950,11
10/2/1950,12
10/3/1950,12
10/4/1950,11
10/5/1950,12
10/6/1950,13
10/7/1950,19
10/8/1950,15
10/9/1950,15
10/10/1950,16
10/11/1950,15
10/12/1950,13
10/13/1950,13
10/14/1950,12
10/15/1950,12
10/16/1950,12
10/17/1950,11
10/18/1950,11
10/19/1950,11
10/20/1950,11
10/21/1950,12
10/22/1950,13
10/23/1950,14
10/24/1950,17
10/25/1950,21
10/26/1950,48
10/27/1950,399
10/28/1950,320
10/29/1950,155
10/30/1950,172
10/31/1950,365
11/1/1950,206
11/2/1950,133
11/3/1950,103
11/4/1950,86
11/5/1950,81
11/6/1950,75
11/7/1950,70
11/8/1950,64
11/9/1950,58
11/10/1950,55
11/11/1950,51
11/12/1950,50
11/13/1950,51
11/14/1950,99
11/15/1950,203
11/16/1950,145
11/17/1950,293
11/18/1950,8410
11/19/1950,15900
11/20/1950,14800
11/21/1950,16700
11/22/1950,5750
11/23/1950,3100
11/24/1950,2080
11/25/1950,1590
11/26/1950,1260
11/27/1950,1030
11/28/1950,870
11/29/1950,762
11/30/1950,725
12/1/1950,736
12/2/1950,644
12/3/1950,6850
12/4/1950,10800
12/5/1950,4600
12/6/1950,4180
12/7/1950,7440
12/8/1950,11400
12/9/1950,7020
12/10/1950,4240
12/11/1950,3090
12/12/1950,2460
12/13/1950,2040
12/14/1950,3750
12/15/1950,3130
12/16/1950,2440
12/17/1950,2070
12/18/1950,1810
12/19/1950,1590
12/20/1950,1400
12/21/1950,1260
12/22/1950,1140
12/23/1950,1030
12/24/1950,951
12/25/1950,870
12/26/1950,804
12/27/1950,750
12/28/1950,699
12/29/1950,665
12/30/1950,674
12/31/1950,795
1/1/1951,635
1/2/1951,590
1/3/1951,682
1/4/1951,880
1/5/1951,716
1/6/1951,650
1/7/1951,612
1/8/1951,583
1/9/1951,569
1/10/1951,1190
1/11/1951,2460
1/12/1951,1830
1/13/1951,1180
1/14/1951,951
1/15/1951,973
1/16/1951,1310
1/17/1951,1060
1/18/1951,6800
1/19/1951,4960
1/20/1951,2630
1/21/1951,2070
1/22/1951,8640
1/23/1951,7300
1/24/1951,3700
1/25/1951,2870
1/26/1951,2540
1/27/1951,2230
1/28/1951,2020
1/29/1951,1880
1/30/1951,1740
1/31/1951,1530
2/1/1951,1390
2/2/1951,1270
2/3/1951,1190
2/4/1951,1200
2/5/1951,2420
2/6/1951,2170
2/7/1951,1880
2/8/1951,1830
2/9/1951,1720
2/10/1951,1660
2/11/1951,2080
2/12/1951,3150
2/13/1951,2340
2/14/1951,1970
2/15/1951,1760
2/16/1951,1550
2/17/1951,1420
2/18/1951,1420
2/19/1951,1290
2/20/1951,1180
2/21/1951,1200
2/22/1951,1200
2/23/1951,1120
2/24/1951,1030
2/25/1951,973
2/26/1951,962
2/27/1951,1090
2/28/1951,1100
3/1/1951,1070
3/2/1951,1140
3/3/1951,1020
3/4/1951,1090
3/5/1951,3350
3/6/1951,2930
3/7/1951,3260
3/8/1951,2510
3/9/1951,2260
3/10/1951,2010
3/11/1951,1650
3/12/1951,1470
3/13/1951,1380
3/14/1951,1350
3/15/1951,1340
3/16/1951,1370
3/17/1951,1400
3/18/1951,1370
3/19/1951,1330
3/20/1951,1310
3/21/1951,1290
3/22/1951,1320
3/23/1951,1310
3/24/1951,1270
3/25/1951,1260
3/26/1951,1240
3/27/1951,1200
3/28/1951,1150
3/29/1951,1130
3/30/1951,1150
3/31/1951,1080
4/1/1951,1020
4/2/1951,962
4/3/1951,930
4/4/1951,900
4/5/1951,900
4/6/1951,890
4/7/1951,880
4/8/1951,890
4/9/1951,850
4/10/1951,880
4/11/1951,890
4/12/1951,890
4/13/1951,870
4/14/1951,860
4/15/1951,850
4/16/1951,822
4/17/1951,804
4/18/1951,759
4/19/1951,716
4/20/1951,674
4/21/1951,650
4/22/1951,620
4/23/1951,590
4/24/1951,569
4/25/1951,555
4/26/1951,548
4/27/1951,520
4/28/1951,628
4/29/1951,1040
4/30/1951,795
5/1/1951,650
5/2/1951,605
5/3/1951,612
5/4/1951,1490
5/5/1951,1520
5/6/1951,1230
5/7/1951,1150
5/8/1951,1070
5/9/1951,1030
5/10/1951,1020
5/11/1951,1080
5/12/1951,1070
5/13/1951,973
5/14/1951,890
5/15/1951,813
5/16/1951,750
5/17/1951,716
5/18/1951,682
5/19/1951,665
5/20/1951,635
5/21/1951,605
5/22/1951,576
5/23/1951,555
5/24/1951,514
5/25/1951,481
5/26/1951,455
5/27/1951,437
5/28/1951,413
5/29/1951,395
5/30/1951,365
5/31/1951,345
6/1/1951,326
6/2/1951,308
6/3/1951,290
6/4/1951,283
6/5/1951,272
6/6/1951,262
6/7/1951,255
6/8/1951,248
6/9/1951,241
6/10/1951,232
6/11/1951,222
6/12/1951,212
6/13/1951,203
6/14/1951,197
6/15/1951,188
6/16/1951,176
6/17/1951,171
6/18/1951,168
6/19/1951,160
6/20/1951,155
6/21/1951,153
6/22/1951,153
6/23/1951,148
6/24/1951,143
6/25/1951,136
6/26/1951,131
6/27/1951,126
6/28/1951,122
6/29/1951,116
6/30/1951,109
7/1/1951,103
7/2/1951,99
7/3/1951,96
7/4/1951,94
7/5/1951,96
7/6/1951,94
7/7/1951,92
7/8/1951,86
7/9/1951,86
7/10/1951,83
7/11/1951,80
7/12/1951,78
7/13/1951,78
7/14/1951,75
7/15/1951,72
7/16/1951,70
7/17/1951,68
7/18/1951,64
7/19/1951,60
7/20/1951,56
7/21/1951,54
7/22/1951,52
7/23/1951,52
7/24/1951,51
7/25/1951,51
7/26/1951,50
7/27/1951,47
7/28/1951,46
7/29/1951,45
7/30/1951,43
7/31/1951,47
8/1/1951,40
8/2/1951,39
8/3/1951,38
8/4/1951,34
8/5/1951,35
8/6/1951,36
8/7/1951,35
8/8/1951,34
8/9/1951,34
8/10/1951,33
8/11/1951,32
8/12/1951,32
8/13/1951,30
8/14/1951,29
8/15/1951,27
8/16/1951,27
8/17/1951,26
8/18/1951,25
8/19/1951,25
8/20/1951,24
8/21/1951,23
8/22/1951,23
8/23/1951,25
8/24/1951,24
8/25/1951,24
8/26/1951,24
8/27/1951,24
8/28/1951,23
8/29/1951,22
8/30/1951,22
8/31/1951,22
9/1/1951,24
9/2/1951,24
9/3/1951,24
9/4/1951,25
9/5/1951,24
9/6/1951,23
9/7/1951,22
9/8/1951,22
9/9/1951,21
9/10/1951,21
9/11/1951,20
9/12/1951,19
9/13/1951,18
9/14/1951,18
9/15/1951,18
9/16/1951,17
9/17/1951,17
9/18/1951,17
9/19/1951,19
9/20/1951,18
9/21/1951,18
9/22/1951,19
9/23/1951,17
9/24/1951,19
9/25/1951,20
9/26/1951,22
9/27/1951,22
9/28/1951,20
9/29/1951,20
9/30/1951,22
10/1/1951,23
10/2/1951,27
10/3/1951,55
10/4/1951,68
10/5/1951,52
10/6/1951,45
10/7/1951,39
10/8/1951,36
10/9/1951,35
10/10/1951,33
10/11/1951,34
10/12/1951,33
10/13/1951,34
10/14/1951,33
10/15/1951,33
10/16/1951,33
10/17/1951,33
10/18/1951,33
10/19/1951,33
10/20/1951,33
10/21/1951,33
10/22/1951,33
10/23/1951,40
10/24/1951,150
10/25/1951,443
10/26/1951,209
10/27/1951,124
10/28/1951,96
10/29/1951,72
10/30/1951,68
10/31/1951,73
11/1/1951,62
11/2/1951,62
11/3/1951,60
11/4/1951,56
11/5/1951,55
11/6/1951,55
11/7/1951,55
11/8/1951,55
11/9/1951,54
11/10/1951,55
11/11/1951,75
11/12/1951,163
11/13/1951,197
11/14/1951,168
11/15/1951,126
11/16/1951,109
11/17/1951,97
11/18/1951,88
11/19/1951,94
11/20/1951,294
11/21/1951,795
11/22/1951,555
11/23/1951,290
11/24/1951,216
11/25/1951,173
11/26/1951,155
11/27/1951,158
11/28/1951,203
11/29/1951,206
11/30/1951,188
12/1/1951,2010
12/2/1951,2180
12/3/1951,1150
12/4/1951,1400
12/5/1951,1340
12/6/1951,813
12/7/1951,561
12/8/1951,436
12/9/1951,375
12/10/1951,321
12/11/1951,309
12/12/1951,297
12/13/1951,285
12/14/1951,267
12/15/1951,249
12/16/1951,242
12/17/1951,232
12/18/1951,229
12/19/1951,253
12/20/1951,267
12/21/1951,223
12/22/1951,219
12/23/1951,216
12/24/1951,219
12/25/1951,229
12/26/1951,239
12/27/1951,281
12/28/1951,3170
12/29/1951,4580
12/30/1951,4820
12/31/1951,2310
1/1/1952,1390
1/2/1952,1020
1/3/1952,831
1/4/1952,702
1/5/1952,628
1/6/1952,757
1/7/1952,890
1/8/1952,750
1/9/1952,628
1/10/1952,580
1/11/1952,1230
1/12/1952,8300
1/13/1952,3320
1/14/1952,3000
1/15/1952,7170
1/16/1952,5400
1/17/1952,2500
1/18/1952,1720
1/19/1952,1270
1/20/1952,1330
1/21/1952,1240
1/22/1952,1050
1/23/1952,920
1/24/1952,1800
1/25/1952,6150
1/26/1952,5910
1/27/1952,3080
1/28/1952,2180
1/29/1952,1830
1/30/1952,1560
1/31/1952,1910
2/1/1952,2640
2/2/1952,6600
2/3/1952,3960
2/4/1952,2850
2/5/1952,2340
2/6/1952,1980
2/7/1952,1800
2/8/1952,1650
2/9/1952,1510
2/10/1952,1390
2/11/1952,1760
2/12/1952,1760
2/13/1952,1430
2/14/1952,1290
2/15/1952,1220
2/16/1952,1460
2/17/1952,2880
2/18/1952,2080
2/19/1952,1880
2/20/1952,2180
2/21/1952,2220
2/22/1952,1860
2/23/1952,1800
2/24/1952,1700
2/25/1952,1510
2/26/1952,1400
2/27/1952,1330
2/28/1952,1290
2/29/1952,1320
3/1/1952,1310
3/2/1952,1290
3/3/1952,1220
3/4/1952,1250
3/5/1952,1160
3/6/1952,1250
3/7/1952,2520
3/8/1952,2020
3/9/1952,1670
3/10/1952,1800
3/11/1952,1730
3/12/1952,1660
3/13/1952,1580
3/14/1952,1430
3/15/1952,3710
3/16/1952,4340
3/17/1952,2730
3/18/1952,3720
3/19/1952,4830
3/20/1952,3320
3/21/1952,2370
3/22/1952,1950
3/23/1952,1730
3/24/1952,1590
3/25/1952,1700
3/26/1952,1870
3/27/1952,1940
3/28/1952,1980
3/29/1952,2050
3/30/1952,2140
3/31/1952,2250
4/1/1952,2180
4/2/1952,2100
4/3/1952,2080
4/4/1952,2140
4/5/1952,2330
4/6/1952,2440
4/7/1952,2540
4/8/1952,2580
4/9/1952,2560
4/10/1952,2530
4/11/1952,2420
4/12/1952,2290
4/13/1952,2330
4/14/1952,2480
4/15/1952,2170
4/16/1952,2050
4/17/1952,2080
4/18/1952,2220
4/19/1952,2390
4/20/1952,2360
4/21/1952,2280
4/22/1952,2260
4/23/1952,2360
4/24/1952,2480
4/25/1952,2690
4/26/1952,2760
4/27/1952,2560
4/28/1952,2600
4/29/1952,2410
4/30/1952,2280
5/1/1952,2100
5/2/1952,2220
5/3/1952,2250
5/4/1952,2220
5/5/1952,2100
5/6/1952,2050
5/7/1952,2070
5/8/1952,2290
5/9/1952,2040
5/10/1952,2000
5/11/1952,2070
5/12/1952,2140
5/13/1952,2100
5/14/1952,2080
5/15/1952,1980
5/16/1952,1870
5/17/1952,1830
5/18/1952,1830
5/19/1952,1860
5/20/1952,1860
5/21/1952,1840
5/22/1952,1720
5/23/1952,1660
5/24/1952,1650
5/25/1952,1700
5/26/1952,1630
5/27/1952,1620
5/28/1952,1620
5/29/1952,1530
5/30/1952,1440
5/31/1952,1390
6/1/1952,1340
6/2/1952,1270
6/3/1952,1200
6/4/1952,1130
6/5/1952,1150
6/6/1952,1140
6/7/1952,1030
6/8/1952,984
6/9/1952,962
6/10/1952,880
6/11/1952,822
6/12/1952,718
6/13/1952,663
6/14/1952,628
6/15/1952,594
6/16/1952,561
6/17/1952,554
6/18/1952,568
6/19/1952,561
6/20/1952,542
6/21/1952,529
6/22/1952,505
6/23/1952,511
6/24/1952,542
6/25/1952,475
6/26/1952,442
6/27/1952,415
6/28/1952,400
6/29/1952,400
6/30/1952,400
7/1/1952,361
7/2/1952,348
7/3/1952,334
7/4/1952,325
7/5/1952,313
7/6/1952,305
7/7/1952,289
7/8/1952,274
7/9/1952,267
7/10/1952,267
7/11/1952,260
7/12/1952,239
7/13/1952,226
7/14/1952,213
7/15/1952,207
7/16/1952,195
7/17/1952,178
7/18/1952,167
7/19/1952,156
7/20/1952,154
7/21/1952,144
7/22/1952,136
7/23/1952,130
7/24/1952,125
7/25/1952,116
7/26/1952,114
7/27/1952,112
7/28/1952,106
7/29/1952,101
7/30/1952,97
7/31/1952,102
8/1/1952,108
8/2/1952,101
8/3/1952,91
8/4/1952,88
8/5/1952,84
8/6/1952,81
8/7/1952,79
8/8/1952,76
8/9/1952,73
8/10/1952,68
8/11/1952,68
8/12/1952,67
8/13/1952,67
8/14/1952,64
8/15/1952,62
8/16/1952,60
8/17/1952,57
8/18/1952,57
8/19/1952,54
8/20/1952,53
8/21/1952,51
8/22/1952,51
8/23/1952,49
8/24/1952,47
8/25/1952,47
8/26/1952,45
8/27/1952,44
8/28/1952,44
8/29/1952,42
8/30/1952,41
8/31/1952,40
9/1/1952,39
9/2/1952,39
9/3/1952,38
9/4/1952,38
9/5/1952,40
9/6/1952,38
9/7/1952,39
9/8/1952,40
9/9/1952,40
9/10/1952,47
9/11/1952,45
9/12/1952,52
9/13/1952,67
9/14/1952,61
9/15/1952,53
9/16/1952,48
9/17/1952,45
9/18/1952,46
9/19/1952,44
9/20/1952,42
9/21/1952,41
9/22/1952,40
9/23/1952,40
9/24/1952,40
9/25/1952,39
9/26/1952,39
9/27/1952,37
9/28/1952,35
9/29/1952,37
9/30/1952,36
10/1/1952,38
10/2/1952,38
10/3/1952,39
10/4/1952,36
10/5/1952,35
10/6/1952,34
10/7/1952,35
10/8/1952,34
10/9/1952,35
10/10/1952,38
10/11/1952,39
10/12/1952,39
10/13/1952,39
10/14/1952,39
10/15/1952,39
10/16/1952,38
10/17/1952,38
10/18/1952,38
10/19/1952,38
10/20/1952,39
10/21/1952,41
10/22/1952,42
10/23/1952,42
10/24/1952,42
10/25/1952,40
10/26/1952,40
10/27/1952,40
10/28/1952,40
10/29/1952,40
10/30/1952,40
10/31/1952,39
11/1/1952,40
11/2/1952,41
11/3/1952,41
11/4/1952,44
11/5/1952,46
11/6/1952,45
11/7/1952,46
11/8/1952,46
11/9/1952,46
11/10/1952,45
11/11/1952,45
11/12/1952,46
11/13/1952,54
11/14/1952,123
11/15/1952,256
11/16/1952,154
11/17/1952,108
11/18/1952,90
11/19/1952,79
11/20/1952,74
11/21/1952,73
11/22/1952,70
11/23/1952,67
11/24/1952,64
11/25/1952,62
11/26/1952,67
11/27/1952,67
11/28/1952,67
11/29/1952,66
11/30/1952,67
12/1/1952,78
12/2/1952,161
12/3/1952,172
12/4/1952,134
12/5/1952,119
12/6/1952,159
12/7/1952,307
12/8/1952,574
12/9/1952,415
12/10/1952,301
12/11/1952,256
12/12/1952,213
12/13/1952,175
12/14/1952,156
12/15/1952,144
12/16/1952,136
12/17/1952,134
12/18/1952,130
12/19/1952,198
12/20/1952,400
12/21/1952,297
12/22/1952,216
12/23/1952,186
12/24/1952,162
12/25/1952,154
12/26/1952,164
12/27/1952,195
12/28/1952,181
12/29/1952,162
12/30/1952,593
12/31/1952,734
1/1/1953,410
1/2/1953,375
1/3/1953,317
1/4/1953,274
1/5/1953,249
1/6/1953,341
1/7/1953,838
1/8/1953,759
1/9/1953,930
1/10/1953,1100
1/11/1953,710
1/12/1953,621
1/13/1953,1070
1/14/1953,2490
1/15/1953,1500
1/16/1953,962
1/17/1953,804
1/18/1953,2100
1/19/1953,1740
1/20/1953,1740
1/21/1953,2150
1/22/1953,1470
1/23/1953,1160
1/24/1953,962
1/25/1953,822
1/26/1953,734
1/27/1953,656
1/28/1953,600
1/29/1953,554
1/30/1953,523
1/31/1953,493
2/1/1953,475
2/2/1953,464
2/3/1953,453
2/4/1953,436
2/5/1953,426
2/6/1953,426
2/7/1953,426
2/8/1953,436
2/9/1953,431
2/10/1953,410
2/11/1953,390
2/12/1953,375
2/13/1953,356
2/14/1953,343
2/15/1953,330
2/16/1953,321
2/17/1953,313
2/18/1953,309
2/19/1953,301
2/20/1953,289
2/21/1953,281
2/22/1953,278
2/23/1953,271
2/24/1953,267
2/25/1953,256
2/26/1953,249
2/27/1953,249
2/28/1953,253
3/1/1953,305
3/2/1953,289
3/3/1953,263
3/4/1953,256
3/5/1953,253
3/6/1953,253
3/7/1953,256
3/8/1953,260
3/9/1953,267
3/10/1953,313
3/11/1953,542
3/12/1953,410
3/13/1953,481
3/14/1953,385
3/15/1953,356
3/16/1953,343
3/17/1953,356
3/18/1953,361
3/19/1953,577
3/20/1953,1400
3/21/1953,940
3/22/1953,804
3/23/1953,726
3/24/1953,718
3/25/1953,742
3/26/1953,768
3/27/1953,768
3/28/1953,777
3/29/1953,759
3/30/1953,718
3/31/1953,678
4/1/1953,663
4/2/1953,656
4/3/1953,670
4/4/1953,702
4/5/1953,726
4/6/1953,759
4/7/1953,718
4/8/1953,694
4/9/1953,642
4/10/1953,635
4/11/1953,587
4/12/1953,529
4/13/1953,499
4/14/1953,475
4/15/1953,464
4/16/1953,487
4/17/1953,635
4/18/1953,594
4/19/1953,574
4/20/1953,628
4/21/1953,678
4/22/1953,726
4/23/1953,822
4/24/1953,822
4/25/1953,813
4/26/1953,840
4/27/1953,2000
4/28/1953,2630
4/29/1953,1740
4/30/1953,1510
5/1/1953,1310
5/2/1953,1160
5/3/1953,1040
5/4/1953,984
5/5/1953,951
5/6/1953,900
5/7/1953,880
5/8/1953,822
5/9/1953,786
5/10/1953,710
5/11/1953,656
5/12/1953,621
5/13/1953,594
5/14/1953,594
5/15/1953,621
5/16/1953,587
5/17/1953,568
5/18/1953,568
5/19/1953,580
5/20/1953,759
5/21/1953,710
5/22/1953,670
5/23/1953,600
5/24/1953,607
5/25/1953,554
5/26/1953,574
5/27/1953,554
5/28/1953,535
5/29/1953,574
5/30/1953,561
5/31/1953,568
6/1/1953,607
6/2/1953,710
6/3/1953,642
6/4/1953,614
6/5/1953,594
6/6/1953,702
6/7/1953,850
6/8/1953,742
6/9/1953,686
6/10/1953,642
6/11/1953,594
6/12/1953,574
6/13/1953,568
6/14/1953,535
6/15/1953,517
6/16/1953,505
6/17/1953,511
6/18/1953,511
6/19/1953,505
6/20/1953,487
6/21/1953,436
6/22/1953,400
6/23/1953,370
6/24/1953,343
6/25/1953,317
6/26/1953,305
6/27/1953,281
6/28/1953,263
6/29/1953,249
6/30/1953,236
7/1/1953,223
7/2/1953,210
7/3/1953,195
7/4/1953,183
7/5/1953,172
7/6/1953,162
7/7/1953,149
7/8/1953,142
7/9/1953,136
7/10/1953,123
7/11/1953,119
7/12/1953,114
7/13/1953,110
7/14/1953,102
7/15/1953,97
7/16/1953,91
7/17/1953,90
7/18/1953,84
7/19/1953,88
7/20/1953,83
7/21/1953,74
7/22/1953,68
7/23/1953,64
7/24/1953,60
7/25/1953,58
7/26/1953,54
7/27/1953,54
7/28/1953,52
7/29/1953,51
7/30/1953,49
7/31/1953,47
8/1/1953,45
8/2/1953,42
8/3/1953,41
8/4/1953,42
8/5/1953,42
8/6/1953,40
8/7/1953,38
8/8/1953,36
8/9/1953,34
8/10/1953,33
8/11/1953,31
8/12/1953,29
8/13/1953,27
8/14/1953,25
8/15/1953,25
8/16/1953,25
8/17/1953,23
8/18/1953,22
8/19/1953,22
8/20/1953,21
8/21/1953,20
8/22/1953,19
8/23/1953,21
8/24/1953,17
8/25/1953,18
8/26/1953,18
8/27/1953,18
8/28/1953,18
8/29/1953,18
8/30/1953,18
8/31/1953,20
9/1/1953,21
9/2/1953,21
9/3/1953,19
9/4/1953,19
9/5/1953,18
9/6/1953,17
9/7/1953,16
9/8/1953,15
9/9/1953,15
9/10/1953,15
9/11/1953,14
9/12/1953,13
9/13/1953,12
9/14/1953,12
9/15/1953,12
9/16/1953,11
9/17/1953,11
9/18/1953,11
9/19/1953,9
9/20/1953,10
9/21/1953,11
9/22/1953,10
9/23/1953,11
9/24/1953,13
9/25/1953,14
9/26/1953,14
9/27/1953,12
9/28/1953,14
9/29/1953,14
9/30/1953,14
10/1/1953,14
10/2/1953,14
10/3/1953,13
10/4/1953,13
10/5/1953,14
10/6/1953,14
10/7/1953,14
10/8/1953,13
10/9/1953,13
10/10/1953,14
10/11/1953,15
10/12/1953,17
10/13/1953,18
10/14/1953,20
10/15/1953,21
10/16/1953,22
10/17/1953,23
10/18/1953,25
10/19/1953,58
10/20/1953,95
10/21/1953,62
10/22/1953,46
10/23/1953,40
10/24/1953,37
10/25/1953,35
10/26/1953,34
10/27/1953,34
10/28/1953,34
10/29/1953,34
10/30/1953,33
10/31/1953,32
11/1/1953,33
11/2/1953,34
11/3/1953,37
11/4/1953,36
11/5/1953,36
11/6/1953,38
11/7/1953,42
11/8/1953,47
11/9/1953,46
11/10/1953,45
11/11/1953,47
11/12/1953,53
11/13/1953,58
11/14/1953,156
11/15/1953,260
11/16/1953,134
11/17/1953,101
11/18/1953,102
11/19/1953,88
11/20/1953,84
11/21/1953,91
11/22/1953,83
11/23/1953,79
11/24/1953,84
11/25/1953,79
11/26/1953,76
11/27/1953,70
11/28/1953,66
11/29/1953,64
11/30/1953,61
12/1/1953,60
12/2/1953,57
12/3/1953,64
12/4/1953,333
12/5/1953,257
12/6/1953,139
12/7/1953,125
12/8/1953,164
12/9/1953,127
12/10/1953,106
12/11/1953,95
12/12/1953,90
12/13/1953,84
12/14/1953,81
12/15/1953,79
12/16/1953,76
12/17/1953,79
12/18/1953,81
12/19/1953,79
12/20/1953,79
12/21/1953,81
12/22/1953,83
12/23/1953,79
12/24/1953,70
12/25/1953,72
12/26/1953,73
12/27/1953,70
12/28/1953,70
12/29/1953,68
12/30/1953,67
12/31/1953,62
1/1/1954,61
1/2/1954,61
1/3/1954,64
1/4/1954,74
1/5/1954,78
1/6/1954,70
1/7/1954,83
1/8/1954,146
1/9/1954,116
1/10/1954,91
1/11/1954,90
1/12/1954,90
1/13/1954,86
1/14/1954,79
1/15/1954,74
1/16/1954,84
1/17/1954,677
1/18/1954,513
1/19/1954,281
1/20/1954,210
1/21/1954,172
1/22/1954,146
1/23/1954,279
1/24/1954,1560
1/25/1954,786
1/26/1954,487
1/27/1954,356
1/28/1954,301
1/29/1954,267
1/30/1954,242
1/31/1954,223
2/1/1954,210
2/2/1954,201
2/3/1954,195
2/4/1954,195
2/5/1954,189
2/6/1954,183
2/7/1954,178
2/8/1954,175
2/9/1954,175
2/10/1954,172
2/11/1954,167
2/12/1954,207
2/13/1954,1490
2/14/1954,2880
2/15/1954,1280
2/16/1954,750
2/17/1954,1110
2/18/1954,1820
2/19/1954,1020
2/20/1954,786
2/21/1954,663
2/22/1954,574
2/23/1954,523
2/24/1954,505
2/25/1954,499
2/26/1954,487
2/27/1954,475
2/28/1954,453
3/1/1954,431
3/2/1954,415
3/3/1954,395
3/4/1954,375
3/5/1954,356
3/6/1954,343
3/7/1954,330
3/8/1954,334
3/9/1954,1630
3/10/1954,3020
3/11/1954,2110
3/12/1954,1460
3/13/1954,1160
3/14/1954,962
3/15/1954,840
3/16/1954,1120
3/17/1954,1200
3/18/1954,1040
3/19/1954,920
3/20/1954,951
3/21/1954,1150
3/22/1954,1030
3/23/1954,920
3/24/1954,1190
3/25/1954,1540
3/26/1954,1070
3/27/1954,890
3/28/1954,822
3/29/1954,920
3/30/1954,2770
3/31/1954,1490
4/1/1954,1180
4/2/1954,1030
4/3/1954,973
4/4/1954,940
4/5/1954,1310
4/6/1954,1940
4/7/1954,1840
4/8/1954,1580
4/9/1954,1400
4/10/1954,1270
4/11/1954,1200
4/12/1954,1160
4/13/1954,1100
4/14/1954,1100
4/15/1954,1070
4/16/1954,1060
4/17/1954,1070
4/18/1954,1060
4/19/1954,995
4/20/1954,910
4/21/1954,840
4/22/1954,831
4/23/1954,822
4/24/1954,786
4/25/1954,734
4/26/1954,678
4/27/1954,805
4/28/1954,1370
4/29/1954,962
4/30/1954,795
5/1/1954,726
5/2/1954,642
5/3/1954,607
5/4/1954,594
5/5/1954,587
5/6/1954,568
5/7/1954,568
5/8/1954,568
5/9/1954,587
5/10/1954,600
5/11/1954,517
5/12/1954,493
5/13/1954,458
5/14/1954,436
5/15/1954,426
5/16/1954,410
5/17/1954,405
5/18/1954,395
5/19/1954,385
5/20/1954,361
5/21/1954,334
5/22/1954,297
5/23/1954,271
5/24/1954,249
5/25/1954,232
5/26/1954,216
5/27/1954,207
5/28/1954,195
5/29/1954,178
5/30/1954,172
5/31/1954,164
6/1/1954,154
6/2/1954,146
6/3/1954,139
6/4/1954,132
6/5/1954,139
6/6/1954,146
6/7/1954,139
6/8/1954,130
6/9/1954,181
6/10/1954,216
6/11/1954,164
6/12/1954,152
6/13/1954,175
6/14/1954,172
6/15/1954,142
6/16/1954,127
6/17/1954,116
6/18/1954,108
6/19/1954,102
6/20/1954,95
6/21/1954,90
6/22/1954,86
6/23/1954,81
6/24/1954,79
6/25/1954,68
6/26/1954,67
6/27/1954,67
6/28/1954,66
6/29/1954,62
6/30/1954,60
7/1/1954,54
7/2/1954,54
7/3/1954,53
7/4/1954,49
7/5/1954,46
7/6/1954,44
7/7/1954,42
7/8/1954,41
7/9/1954,39
7/10/1954,38
7/11/1954,37
7/12/1954,36
7/13/1954,33
7/14/1954,32
7/15/1954,30
7/16/1954,28
7/17/1954,27
7/18/1954,29
7/19/1954,28
7/20/1954,24
7/21/1954,21
7/22/1954,20
7/23/1954,19
7/24/1954,19
7/25/1954,18
7/26/1954,18
7/27/1954,17
7/28/1954,14
7/29/1954,13
7/30/1954,13
7/31/1954,15
8/1/1954,13
8/2/1954,8
8/3/1954,12
8/4/1954,11
8/5/1954,11
8/6/1954,10
8/7/1954,7
8/8/1954,12
8/9/1954,11
8/10/1954,10
8/11/1954,9
8/12/1954,9
8/13/1954,8
8/14/1954,9
8/15/1954,10
8/16/1954,9
8/17/1954,8
8/18/1954,8
8/19/1954,8
8/20/1954,14
8/21/1954,10
8/22/1954,8
8/23/1954,8
8/24/1954,8
8/25/1954,9
8/26/1954,9
8/27/1954,10
8/28/1954,9
8/29/1954,9
8/30/1954,9
8/31/1954,10
9/1/1954,9
9/2/1954,8
9/3/1954,8
9/4/1954,7
9/5/1954,7
9/6/1954,7
9/7/1954,7
9/8/1954,7
9/9/1954,7
9/10/1954,8
9/11/1954,7
9/12/1954,7
9/13/1954,7
9/14/1954,8
9/15/1954,8
9/16/1954,7
9/17/1954,8
9/18/1954,8
9/19/1954,7
9/20/1954,8
9/21/1954,8
9/22/1954,8
9/23/1954,8
9/24/1954,7
9/25/1954,7
9/26/1954,8
9/27/1954,7
9/28/1954,8
9/29/1954,8
9/30/1954,7
10/1/1954,7
10/2/1954,8
10/3/1954,8
10/4/1954,8
10/5/1954,9
10/6/1954,9
10/7/1954,10
10/8/1954,10
10/9/1954,10
10/10/1954,11
10/11/1954,11
10/12/1954,10
10/13/1954,11
10/14/1954,12
10/15/1954,11
10/16/1954,11
10/17/1954,11
10/18/1954,10
10/19/1954,11
10/20/1954,11
10/21/1954,15
10/22/1954,16
10/23/1954,15
10/24/1954,15
10/25/1954,15
10/26/1954,15
10/27/1954,16
10/28/1954,15
10/29/1954,14
10/30/1954,15
10/31/1954,15
11/1/1954,16
11/2/1954,16
11/3/1954,17
11/4/1954,19
11/5/1954,19
11/6/1954,21
11/7/1954,21
11/8/1954,22
11/9/1954,24
11/10/1954,25
11/11/1954,32
11/12/1954,40
11/13/1954,49
11/14/1954,54
11/15/1954,68
11/16/1954,202
11/17/1954,154
11/18/1954,86
11/19/1954,62
11/20/1954,52
11/21/1954,47
11/22/1954,44
11/23/1954,41
11/24/1954,38
11/25/1954,37
11/26/1954,36
11/27/1954,34
11/28/1954,34
11/29/1954,33
11/30/1954,33
12/1/1954,34
12/2/1954,70
12/3/1954,445
12/4/1954,1130
12/5/1954,350
12/6/1954,320
12/7/1954,499
12/8/1954,317
12/9/1954,1240
12/10/1954,1970
12/11/1954,538
12/12/1954,309
12/13/1954,236
12/14/1954,195
12/15/1954,172
12/16/1954,152
12/17/1954,139
12/18/1954,127
12/19/1954,123
12/20/1954,116
12/21/1954,112
12/22/1954,108
12/23/1954,104
12/24/1954,102
12/25/1954,99
12/26/1954,97
12/27/1954,88
12/28/1954,73
12/29/1954,91
12/30/1954,101
12/31/1954,438
1/1/1955,3160
1/2/1955,2120
1/3/1955,840
1/4/1955,529
1/5/1955,410
1/6/1955,348
1/7/1955,293
1/8/1955,256
1/9/1955,263
1/10/1955,348
1/11/1955,274
1/12/1955,226
1/13/1955,216
1/14/1955,210
1/15/1955,302
1/16/1955,1060
1/17/1955,587
1/18/1955,1370
1/19/1955,1720
1/20/1955,1040
1/21/1955,614
1/22/1955,493
1/23/1955,426
1/24/1955,385
1/25/1955,361
1/26/1955,338
1/27/1955,317
1/28/1955,297
1/29/1955,289
1/30/1955,293
1/31/1955,321
2/1/1955,464
2/2/1955,458
2/3/1955,343
2/4/1955,297
2/5/1955,285
2/6/1955,274
2/7/1955,246
2/8/1955,232
2/9/1955,229
2/10/1955,223
2/11/1955,219
2/12/1955,219
2/13/1955,216
2/14/1955,216
2/15/1955,223
2/16/1955,249
2/17/1955,565
2/18/1955,777
2/19/1955,568
2/20/1955,481
2/21/1955,420
2/22/1955,385
2/23/1955,348
2/24/1955,321
2/25/1955,305
2/26/1955,305
2/27/1955,964
2/28/1955,720
3/1/1955,517
3/2/1955,448
3/3/1955,410
3/4/1955,385
3/5/1955,361
3/6/1955,338
3/7/1955,325
3/8/1955,330
3/9/1955,356
3/10/1955,481
3/11/1955,481
3/12/1955,481
3/13/1955,464
3/14/1955,442
3/15/1955,415
3/16/1955,385
3/17/1955,356
3/18/1955,343
3/19/1955,325
3/20/1955,317
3/21/1955,301
3/22/1955,289
3/23/1955,281
3/24/1955,278
3/25/1955,281
3/26/1955,289
3/27/1955,301
3/28/1955,343
3/29/1955,431
3/30/1955,470
3/31/1955,415
4/1/1955,400
4/2/1955,395
4/3/1955,370
4/4/1955,343
4/5/1955,321
4/6/1955,309
4/7/1955,305
4/8/1955,305
4/9/1955,301
4/10/1955,313
4/11/1955,321
4/12/1955,309
4/13/1955,305
4/14/1955,301
4/15/1955,297
4/16/1955,293
4/17/1955,364
4/18/1955,649
4/19/1955,561
4/20/1955,420
4/21/1955,572
4/22/1955,1260
4/23/1955,777
4/24/1955,628
4/25/1955,621
4/26/1955,786
4/27/1955,702
4/28/1955,649
4/29/1955,621
4/30/1955,656
5/1/1955,702
5/2/1955,694
5/3/1955,628
5/4/1955,594
5/5/1955,587
5/6/1955,614
5/7/1955,649
5/8/1955,750
5/9/1955,734
5/10/1955,694
5/11/1955,663
5/12/1955,649
5/13/1955,628
5/14/1955,587
5/15/1955,535
5/16/1955,481
5/17/1955,436
5/18/1955,426
5/19/1955,420
5/20/1955,431
5/21/1955,453
5/22/1955,470
5/23/1955,458
5/24/1955,448
5/25/1955,415
5/26/1955,375
5/27/1955,352
5/28/1955,330
5/29/1955,325
5/30/1955,343
5/31/1955,338
6/1/1955,309
6/2/1955,267
6/3/1955,246
6/4/1955,239
6/5/1955,232
6/6/1955,229
6/7/1955,223
6/8/1955,216
6/9/1955,204
6/10/1955,192
6/11/1955,183
6/12/1955,164
6/13/1955,154
6/14/1955,146
6/15/1955,139
6/16/1955,136
6/17/1955,125
6/18/1955,116
6/19/1955,104
6/20/1955,101
6/21/1955,102
6/22/1955,97
6/23/1955,88
6/24/1955,81
6/25/1955,79
6/26/1955,78
6/27/1955,74
6/28/1955,70
6/29/1955,66
6/30/1955,64
7/1/1955,61
7/2/1955,56
7/3/1955,49
7/4/1955,48
7/5/1955,48
7/6/1955,47
7/7/1955,46
7/8/1955,42
7/9/1955,41
7/10/1955,40
7/11/1955,39
7/12/1955,36
7/13/1955,34
7/14/1955,32
7/15/1955,28
7/16/1955,26
7/17/1955,25
7/18/1955,25
7/19/1955,23
7/20/1955,25
7/21/1955,22
7/22/1955,20
7/23/1955,18
7/24/1955,16
7/25/1955,16
7/26/1955,15
7/27/1955,15
7/28/1955,14
7/29/1955,13
7/30/1955,13
7/31/1955,11
8/1/1955,8
8/2/1955,9
8/3/1955,9
8/4/1955,8
8/5/1955,8
8/6/1955,7
8/7/1955,7
8/8/1955,7
8/9/1955,7
8/10/1955,8
8/11/1955,7
8/12/1955,6
8/13/1955,6
8/14/1955,5
8/15/1955,3
8/16/1955,5
8/17/1955,5
8/18/1955,5
8/19/1955,5
8/20/1955,5
8/21/1955,8
8/22/1955,6
8/23/1955,4
8/24/1955,3
8/25/1955,4
8/26/1955,3
8/27/1955,4
8/28/1955,5
8/29/1955,4
8/30/1955,5
8/31/1955,6
9/1/1955,5
9/2/1955,4
9/3/1955,4
9/4/1955,3
9/5/1955,3
9/6/1955,3
9/7/1955,3
9/8/1955,2
9/9/1955,3
9/10/1955,3
9/11/1955,2
9/12/1955,3
9/13/1955,3
9/14/1955,3
9/15/1955,5
9/16/1955,5
9/17/1955,8
9/18/1955,10
9/19/1955,10
9/20/1955,9
9/21/1955,10
9/22/1955,10
9/23/1955,9
9/24/1955,8
9/25/1955,4
9/26/1955,6
9/27/1955,6
9/28/1955,6
9/29/1955,7
9/30/1955,7
10/1/1955,7
10/2/1955,6
10/3/1955,7
10/4/1955,6
10/5/1955,6
10/6/1955,6
10/7/1955,7
10/8/1955,7
10/9/1955,8
10/10/1955,10
10/11/1955,7
10/12/1955,8
10/13/1955,10
10/14/1955,10
10/15/1955,10
10/16/1955,10
10/17/1955,10
10/18/1955,9
10/19/1955,9
10/20/1955,8
10/21/1955,10
10/22/1955,9
10/23/1955,12
10/24/1955,14
10/25/1955,13
10/26/1955,13
10/27/1955,13
10/28/1955,14
10/29/1955,10
10/30/1955,10
10/31/1955,10
11/1/1955,10
11/2/1955,10
11/3/1955,10
11/4/1955,10
11/5/1955,11
11/6/1955,10
11/7/1955,10
11/8/1955,12
11/9/1955,12
11/10/1955,13
11/11/1955,13
11/12/1955,15
11/13/1955,20
11/14/1955,35
11/15/1955,45
11/16/1955,40
11/17/1955,44
11/18/1955,56
11/19/1955,53
11/20/1955,49
11/21/1955,67
11/22/1955,156
11/23/1955,90
11/24/1955,66
11/25/1955,57
11/26/1955,49
11/27/1955,44
11/28/1955,42
11/29/1955,41
11/30/1955,40
12/1/1955,46
12/2/1955,91
12/3/1955,104
12/4/1955,78
12/5/1955,67
12/6/1955,153
12/7/1955,513
12/8/1955,216
12/9/1955,162
12/10/1955,213
12/11/1955,159
12/12/1955,125
12/13/1955,110
12/14/1955,99
12/15/1955,91
12/16/1955,88
12/17/1955,101
12/18/1955,156
12/19/1955,1200
12/20/1955,2530
12/21/1955,1470
12/22/1955,13200
12/23/1955,31700
12/24/1955,16900
12/25/1955,5800
12/26/1955,7530
12/27/1955,6500
12/28/1955,3360
12/29/1955,2390
12/30/1955,1900
12/31/1955,1820
1/1/1956,1680
1/2/1956,1850
1/3/1956,1430
1/4/1956,1330
1/5/1956,4810
1/6/1956,3040
1/7/1956,2120
1/8/1956,2240
1/9/1956,1680
1/10/1956,1580
1/11/1956,1460
1/12/1956,1280
1/13/1956,1190
1/14/1956,3140
1/15/1956,7560
1/16/1956,8590
1/17/1956,4700
1/18/1956,3280
1/19/1956,2670
1/20/1956,2520
1/21/1956,2420
1/22/1956,2770
1/23/1956,5580
1/24/1956,3730
1/25/1956,4130
1/26/1956,5130
1/27/1956,5300
1/28/1956,3710
1/29/1956,2960
1/30/1956,2500
1/31/1956,2200
2/1/1956,1930
2/2/1956,1720
2/3/1956,1590
2/4/1956,1460
2/5/1956,1340
2/6/1956,1260
2/7/1956,1160
2/8/1956,1080
2/9/1956,996
2/10/1956,930
2/11/1956,900
2/12/1956,830
2/13/1956,840
2/14/1956,812
2/15/1956,776
2/16/1956,740
2/17/1956,704
2/18/1956,731
2/19/1956,704
2/20/1956,1020
2/21/1956,860
2/22/1956,945
2/23/1956,2750
2/24/1956,1540
2/25/1956,1250
2/26/1956,1370
2/27/1956,1140
2/28/1956,1020
2/29/1956,1250
3/1/1956,1050
3/2/1956,963
3/3/1956,920
3/4/1956,910
3/5/1956,1020
3/6/1956,996
3/7/1956,890
3/8/1956,850
3/9/1956,821
3/10/1956,803
3/11/1956,794
3/12/1956,776
3/13/1956,758
3/14/1956,740
3/15/1956,722
3/16/1956,713
3/17/1956,722
3/18/1956,740
3/19/1956,776
3/20/1956,812
3/21/1956,812
3/22/1956,830
3/23/1956,870
3/24/1956,900
3/25/1956,952
3/26/1956,996
3/27/1956,974
3/28/1956,941
3/29/1956,920
3/30/1956,910
3/31/1956,920
4/1/1956,963
4/2/1956,870
4/3/1956,785
4/4/1956,740
4/5/1956,713
4/6/1956,695
4/7/1956,704
4/8/1956,713
4/9/1956,722
4/10/1956,776
4/11/1956,890
4/12/1956,920
4/13/1956,794
4/14/1956,803
4/15/1956,776
4/16/1956,722
4/17/1956,704
4/18/1956,686
4/19/1956,686
4/20/1956,704
4/21/1956,740
4/22/1956,767
4/23/1956,812
4/24/1956,830
4/25/1956,860
4/26/1956,1170
4/27/1956,1110
4/28/1956,941
4/29/1956,860
4/30/1956,812
5/1/1956,785
5/2/1956,776
5/3/1956,794
5/4/1956,1710
5/5/1956,2070
5/6/1956,1930
5/7/1956,1900
5/8/1956,1900
5/9/1956,1860
5/10/1956,1790
5/11/1956,1710
5/12/1956,1650
5/13/1956,1520
5/14/1956,1340
5/15/1956,1220
5/16/1956,1150
5/17/1956,1100
5/18/1956,1080
5/19/1956,1060
5/20/1956,1040
5/21/1956,1060
5/22/1956,1080
5/23/1956,1100
5/24/1956,1080
5/25/1956,974
5/26/1956,890
5/27/1956,860
5/28/1956,776
5/29/1956,731
5/30/1956,695
5/31/1956,686
6/1/1956,659
6/2/1956,618
6/3/1956,602
6/4/1956,570
6/5/1956,521
6/6/1956,476
6/7/1956,452
6/8/1956,429
6/9/1956,418
6/10/1956,412
6/11/1956,407
6/12/1956,380
6/13/1956,360
6/14/1956,335
6/15/1956,350
6/16/1956,317
6/17/1956,286
6/18/1956,266
6/19/1956,254
6/20/1956,246
6/21/1956,236
6/22/1956,222
6/23/1956,212
6/24/1956,200
6/25/1956,209
6/26/1956,182
6/27/1956,173
6/28/1956,167
6/29/1956,150
6/30/1956,138
7/1/1956,126
7/2/1956,119
7/3/1956,117
7/4/1956,110
7/5/1956,108
7/6/1956,103
7/7/1956,99
7/8/1956,95
7/9/1956,90
7/10/1956,87
7/11/1956,87
7/12/1956,88
7/13/1956,90
7/14/1956,90
7/15/1956,88
7/16/1956,87
7/17/1956,84
7/18/1956,80
7/19/1956,77
7/20/1956,72
7/21/1956,70
7/22/1956,68
7/23/1956,65
7/24/1956,64
7/25/1956,49
7/26/1956,46
7/27/1956,52
7/28/1956,53
7/29/1956,53
7/30/1956,51
7/31/1956,48
8/1/1956,48
8/2/1956,45
8/3/1956,45
8/4/1956,45
8/5/1956,44
8/6/1956,43
8/7/1956,42
8/8/1956,42
8/9/1956,40
8/10/1956,38
8/11/1956,37
8/12/1956,35
8/13/1956,35
8/14/1956,34
8/15/1956,34
8/16/1956,33
8/17/1956,32
8/18/1956,31
8/19/1956,30
8/20/1956,32
8/21/1956,31
8/22/1956,30
8/23/1956,30
8/24/1956,29
8/25/1956,28
8/26/1956,27
8/27/1956,25
8/28/1956,25
8/29/1956,25
8/30/1956,26
8/31/1956,26
9/1/1956,25
9/2/1956,24
9/3/1956,23
9/4/1956,22
9/5/1956,21
9/6/1956,19
9/7/1956,20
9/8/1956,19
9/9/1956,20
9/10/1956,22
9/11/1956,21
9/12/1956,20
9/13/1956,22
9/14/1956,23
9/15/1956,23
9/16/1956,23
9/17/1956,23
9/18/1956,22
9/19/1956,23
9/20/1956,25
9/21/1956,33
9/22/1956,40
9/23/1956,34
9/24/1956,31
9/25/1956,31
9/26/1956,30
9/27/1956,28
9/28/1956,26
9/29/1956,26
9/30/1956,25
10/1/1956,25
10/2/1956,24
10/3/1956,23
10/4/1956,24
10/5/1956,23
10/6/1956,24
10/7/1956,27
10/8/1956,28
10/9/1956,27
10/10/1956,31
10/11/1956,33
10/12/1956,34
10/13/1956,45
10/14/1956,41
10/15/1956,35
10/16/1956,34
10/17/1956,31
10/18/1956,31
10/19/1956,32
10/20/1956,35
10/21/1956,38
10/22/1956,37
10/23/1956,40
10/24/1956,55
10/25/1956,85
10/26/1956,65
10/27/1956,70
10/28/1956,103
10/29/1956,88
10/30/1956,80
10/31/1956,170
11/1/1956,158
11/2/1956,101
11/3/1956,84
11/4/1956,76
11/5/1956,68
11/6/1956,62
11/7/1956,60
11/8/1956,60
11/9/1956,59
11/10/1956,58
11/11/1956,56
11/12/1956,56
11/13/1956,56
11/14/1956,55
11/15/1956,55
11/16/1956,52
11/17/1956,52
11/18/1956,52
11/19/1956,52
11/20/1956,51
11/21/1956,49
11/22/1956,48
11/23/1956,51
11/24/1956,51
11/25/1956,49
11/26/1956,49
11/27/1956,49
11/28/1956,49
11/29/1956,49
11/30/1956,49
12/1/1956,48
12/2/1956,48
12/3/1956,48
12/4/1956,49
12/5/1956,90
12/6/1956,179
12/7/1956,110
12/8/1956,82
12/9/1956,65
12/10/1956,65
12/11/1956,68
12/12/1956,74
12/13/1956,79
12/14/1956,79
12/15/1956,77
12/16/1956,72
12/17/1956,68
12/18/1956,65
12/19/1956,64
12/20/1956,60
12/21/1956,59
12/22/1956,56
12/23/1956,55
12/24/1956,55
12/25/1956,59
12/26/1956,55
12/27/1956,53
12/28/1956,52
12/29/1956,52
12/30/1956,56
12/31/1956,55
1/1/1957,55
1/2/1957,53
1/3/1957,53
1/4/1957,55
1/5/1957,55
1/6/1957,55
1/7/1957,58
1/8/1957,59
1/9/1957,71
1/10/1957,68
1/11/1957,55
1/12/1957,68
1/13/1957,146
1/14/1957,345
1/15/1957,185
1/16/1957,132
1/17/1957,108
1/18/1957,95
1/19/1957,88
1/20/1957,221
1/21/1957,335
1/22/1957,182
1/23/1957,138
1/24/1957,119
1/25/1957,110
1/26/1957,135
1/27/1957,126
1/28/1957,99
1/29/1957,101
1/30/1957,94
1/31/1957,92
2/1/1957,92
2/2/1957,101
2/3/1957,117
2/4/1957,101
2/5/1957,94
2/6/1957,92
2/7/1957,92
2/8/1957,121
2/9/1957,274
2/10/1957,203
2/11/1957,206
2/12/1957,294
2/13/1957,262
2/14/1957,274
2/15/1957,262
2/16/1957,236
2/17/1957,246
2/18/1957,250
2/19/1957,218
2/20/1957,206
2/21/1957,243
2/22/1957,434
2/23/1957,813
2/24/1957,1810
2/25/1957,4670
2/26/1957,2210
2/27/1957,2060
2/28/1957,1450
3/1/1957,1150
3/2/1957,920
3/3/1957,951
3/4/1957,1690
3/5/1957,6190
3/6/1957,4180
3/7/1957,2560
3/8/1957,1990
3/9/1957,2100
3/10/1957,1790
3/11/1957,1460
3/12/1957,1640
3/13/1957,1540
3/14/1957,1290
3/15/1957,1200
3/16/1957,1390
3/17/1957,1110
3/18/1957,985
3/19/1957,900
3/20/1957,812
3/21/1957,749
3/22/1957,695
3/23/1957,634
3/24/1957,586
3/25/1957,556
3/26/1957,535
3/27/1957,514
3/28/1957,500
3/29/1957,535
3/30/1957,713
3/31/1957,650
4/1/1957,722
4/2/1957,634
4/3/1957,570
4/4/1957,556
4/5/1957,542
4/6/1957,570
4/7/1957,549
4/8/1957,507
4/9/1957,482
4/10/1957,470
4/11/1957,458
4/12/1957,440
4/13/1957,424
4/14/1957,710
4/15/1957,758
4/16/1957,586
4/17/1957,578
4/18/1957,930
4/19/1957,803
4/20/1957,650
4/21/1957,578
4/22/1957,542
4/23/1957,514
4/24/1957,476
4/25/1957,458
4/26/1957,434
4/27/1957,424
4/28/1957,418
4/29/1957,418
4/30/1957,412
5/1/1957,412
5/2/1957,458
5/3/1957,514
5/4/1957,434
5/5/1957,418
5/6/1957,429
5/7/1957,434
5/8/1957,440
5/9/1957,446
5/10/1957,464
5/11/1957,418
5/12/1957,407
5/13/1957,375
5/14/1957,385
5/15/1957,385
5/16/1957,350
5/17/1957,335
5/18/1957,610
5/19/1957,2750
5/20/1957,2200
5/21/1957,2020
5/22/1957,1720
5/23/1957,1480
5/24/1957,1290
5/25/1957,1090
5/26/1957,963
5/27/1957,900
5/28/1957,812
5/29/1957,740
5/30/1957,668
5/31/1957,626
6/1/1957,602
6/2/1957,521
6/3/1957,494
6/4/1957,470
6/5/1957,434
6/6/1957,402
6/7/1957,365
6/8/1957,345
6/9/1957,312
6/10/1957,330
6/11/1957,290
6/12/1957,258
6/13/1957,232
6/14/1957,215
6/15/1957,197
6/16/1957,185
6/17/1957,170
6/18/1957,152
6/19/1957,140
6/20/1957,130
6/21/1957,123
6/22/1957,117
6/23/1957,112
6/24/1957,104
6/25/1957,99
6/26/1957,92
6/27/1957,87
6/28/1957,82
6/29/1957,79
6/30/1957,77
7/1/1957,77
7/2/1957,76
7/3/1957,74
7/4/1957,72
7/5/1957,66
7/6/1957,65
7/7/1957,65
7/8/1957,66
7/9/1957,65
7/10/1957,60
7/11/1957,53
7/12/1957,52
7/13/1957,49
7/14/1957,46
7/15/1957,48
7/16/1957,46
7/17/1957,43
7/18/1957,41
7/19/1957,41
7/20/1957,38
7/21/1957,38
7/22/1957,36
7/23/1957,38
7/24/1957,36
7/25/1957,31
7/26/1957,31
7/27/1957,30
7/28/1957,29
7/29/1957,28
7/30/1957,28
7/31/1957,28
8/1/1957,26
8/2/1957,23
8/3/1957,26
8/4/1957,26
8/5/1957,21
8/6/1957,17
8/7/1957,19
8/8/1957,22
8/9/1957,19
8/10/1957,22
8/11/1957,22
8/12/1957,21
8/13/1957,19
8/14/1957,19
8/15/1957,18
8/16/1957,18
8/17/1957,16
8/18/1957,16
8/19/1957,16
8/20/1957,15
8/21/1957,15
8/22/1957,15
8/23/1957,14
8/24/1957,14
8/25/1957,13
8/26/1957,14
8/27/1957,13
8/28/1957,12
8/29/1957,13
8/30/1957,12
8/31/1957,13
9/1/1957,13
9/2/1957,12
9/3/1957,13
9/4/1957,12
9/5/1957,11
9/6/1957,11
9/7/1957,10
9/8/1957,12
9/9/1957,12
9/10/1957,12
9/11/1957,10
9/12/1957,9
9/13/1957,13
9/14/1957,11
9/15/1957,12
9/16/1957,12
9/17/1957,12
9/18/1957,14
9/19/1957,15
9/20/1957,16
9/21/1957,16
9/22/1957,15
9/23/1957,15
9/24/1957,14
9/25/1957,13
9/26/1957,13
9/27/1957,14
9/28/1957,15
9/29/1957,16
9/30/1957,18
10/1/1957,25
10/2/1957,25
10/3/1957,27
10/4/1957,23
10/5/1957,23
10/6/1957,30
10/7/1957,30
10/8/1957,26
10/9/1957,26
10/10/1957,23
10/11/1957,18
10/12/1957,21
10/13/1957,27
10/14/1957,40
10/15/1957,71
10/16/1957,53
10/17/1957,43
10/18/1957,35
10/19/1957,31
10/20/1957,30
10/21/1957,29
10/22/1957,30
10/23/1957,31
10/24/1957,32
10/25/1957,34
10/26/1957,36
10/27/1957,34
10/28/1957,33
10/29/1957,32
10/30/1957,30
10/31/1957,30
11/1/1957,30
11/2/1957,30
11/3/1957,30
11/4/1957,29
11/5/1957,30
11/6/1957,31
11/7/1957,35
11/8/1957,37
11/9/1957,37
11/10/1957,38
11/11/1957,38
11/12/1957,41
11/13/1957,43
11/14/1957,91
11/15/1957,222
11/16/1957,117
11/17/1957,82
11/18/1957,68
11/19/1957,62
11/20/1957,71
11/21/1957,70
11/22/1957,62
11/23/1957,56
11/24/1957,51
11/25/1957,48
11/26/1957,45
11/27/1957,45
11/28/1957,44
11/29/1957,44
11/30/1957,44
12/1/1957,42
12/2/1957,42
12/3/1957,42
12/4/1957,41
12/5/1957,41
12/6/1957,42
12/7/1957,44
12/8/1957,44
12/9/1957,44
12/10/1957,44
12/11/1957,44
12/12/1957,44
12/13/1957,43
12/14/1957,43
12/15/1957,52
12/16/1957,134
12/17/1957,459
12/18/1957,506
12/19/1957,312
12/20/1957,170
12/21/1957,148
12/22/1957,215
12/23/1957,185
12/24/1957,132
12/25/1957,117
12/26/1957,104
12/27/1957,99
12/28/1957,95
12/29/1957,99
12/30/1957,106
12/31/1957,99
1/1/1958,90
1/2/1958,130
1/3/1958,155
1/4/1958,126
1/5/1958,101
1/6/1958,92
1/7/1958,90
1/8/1958,87
1/9/1958,84
1/10/1958,252
1/11/1958,390
1/12/1958,243
1/13/1958,197
1/14/1958,182
1/15/1958,148
1/16/1958,132
1/17/1958,123
1/18/1958,117
1/19/1958,110
1/20/1958,103
1/21/1958,101
1/22/1958,94
1/23/1958,92
1/24/1958,257
1/25/1958,535
1/26/1958,2360
1/27/1958,1680
1/28/1958,704
1/29/1958,593
1/30/1958,1740
1/31/1958,880
2/1/1958,578
2/2/1958,767
2/3/1958,2650
2/4/1958,1890
2/5/1958,2850
2/6/1958,1740
2/7/1958,1460
2/8/1958,1420
2/9/1958,1250
2/10/1958,1450
2/11/1958,1160
2/12/1958,3650
2/13/1958,2610
2/14/1958,1690
2/15/1958,1390
2/16/1958,1140
2/17/1958,985
2/18/1958,991
2/19/1958,2260
2/20/1958,1790
2/21/1958,1430
2/22/1958,1250
2/23/1958,1100
2/24/1958,1850
2/25/1958,5610
2/26/1958,3640
2/27/1958,2390
2/28/1958,1930
3/1/1958,1590
3/2/1958,1360
3/3/1958,1170
3/4/1958,1030
3/5/1958,910
3/6/1958,850
3/7/1958,794
3/8/1958,776
3/9/1958,704
3/10/1958,634
3/11/1958,618
3/12/1958,610
3/13/1958,722
3/14/1958,1050
3/15/1958,2020
3/16/1958,5530
3/17/1958,2850
3/18/1958,1930
3/19/1958,1590
3/20/1958,1750
3/21/1958,5640
3/22/1958,8180
3/23/1958,4740
3/24/1958,5380
3/25/1958,3520
3/26/1958,2650
3/27/1958,2270
3/28/1958,2040
3/29/1958,1920
3/30/1958,7640
3/31/1958,4040
4/1/1958,9330
4/2/1958,10100
4/3/1958,20100
4/4/1958,9390
4/5/1958,5420
4/6/1958,7230
4/7/1958,4050
4/8/1958,2900
4/9/1958,2480
4/10/1958,2280
4/11/1958,2220
4/12/1958,2190
4/13/1958,2180
4/14/1958,2200
4/15/1958,2250
4/16/1958,2260
4/17/1958,2250
4/18/1958,2260
4/19/1958,2250
4/20/1958,2220
4/21/1958,2250
4/22/1958,2260
4/23/1958,2130
4/24/1958,1930
4/25/1958,1780
4/26/1958,1650
4/27/1958,1570
4/28/1958,1520
4/29/1958,1480
4/30/1958,1400
5/1/1958,1400
5/2/1958,1450
5/3/1958,1520
5/4/1958,1630
5/5/1958,1790
5/6/1958,1860
5/7/1958,1820
5/8/1958,1700
5/9/1958,1730
5/10/1958,1820
5/11/1958,1800
5/12/1958,1760
5/13/1958,1560
5/14/1958,1420
5/15/1958,1360
5/16/1958,1410
5/17/1958,1490
5/18/1958,1560
5/19/1958,1540
5/20/1958,1500
5/21/1958,1480
5/22/1958,1450
5/23/1958,1650
5/24/1958,1520
5/25/1958,1370
5/26/1958,1240
5/27/1958,1160
5/28/1958,1070
5/29/1958,990
5/30/1958,940
5/31/1958,890
6/1/1958,860
6/2/1958,802
6/3/1958,1020
6/4/1958,850
6/5/1958,762
6/6/1958,722
6/7/1958,674
6/8/1958,666
6/9/1958,650
6/10/1958,622
6/11/1958,622
6/12/1958,706
6/13/1958,690
6/14/1958,615
6/15/1958,580
6/16/1958,580
6/17/1958,580
6/18/1958,580
6/19/1958,559
6/20/1958,510
6/21/1958,468
6/22/1958,435
6/23/1958,410
6/24/1958,380
6/25/1958,338
6/26/1958,310
6/27/1958,290
6/28/1958,266
6/29/1958,246
6/30/1958,228
7/1/1958,218
7/2/1958,207
7/3/1958,218
7/4/1958,207
7/5/1958,197
7/6/1958,184
7/7/1958,174
7/8/1958,161
7/9/1958,150
7/10/1958,142
7/11/1958,134
7/12/1958,127
7/13/1958,116
7/14/1958,110
7/15/1958,108
7/16/1958,106
7/17/1958,106
7/18/1958,106
7/19/1958,106
7/20/1958,99
7/21/1958,95
7/22/1958,94
7/23/1958,88
7/24/1958,85
7/25/1958,88
7/26/1958,86
7/27/1958,88
7/28/1958,85
7/29/1958,82
7/30/1958,80
7/31/1958,76
8/1/1958,74
8/2/1958,68
8/3/1958,64
8/4/1958,60
8/5/1958,58
8/6/1958,56
8/7/1958,53
8/8/1958,53
8/9/1958,51
8/10/1958,50
8/11/1958,49
8/12/1958,46
8/13/1958,46
8/14/1958,44
8/15/1958,43
8/16/1958,42
8/17/1958,43
8/18/1958,43
8/19/1958,44
8/20/1958,42
8/21/1958,40
8/22/1958,38
8/23/1958,36
8/24/1958,36
8/25/1958,33
8/26/1958,31
8/27/1958,31
8/28/1958,33
8/29/1958,33
8/30/1958,30
8/31/1958,30
9/1/1958,29
9/2/1958,29
9/3/1958,27
9/4/1958,26
9/5/1958,26
9/6/1958,26
9/7/1958,26
9/8/1958,26
9/9/1958,26
9/10/1958,28
9/11/1958,28
9/12/1958,28
9/13/1958,29
9/14/1958,31
9/15/1958,31
9/16/1958,30
9/17/1958,27
9/18/1958,26
9/19/1958,25
9/20/1958,22
9/21/1958,23
9/22/1958,24
9/23/1958,26
9/24/1958,26
9/25/1958,35
9/26/1958,35
9/27/1958,31
9/28/1958,31
9/29/1958,28
9/30/1958,27
10/1/1958,26
10/2/1958,26
10/3/1958,24
10/4/1958,25
10/5/1958,25
10/6/1958,25
10/7/1958,25
10/8/1958,27
10/9/1958,29
10/10/1958,29
10/11/1958,30
10/12/1958,31
10/13/1958,30
10/14/1958,30
10/15/1958,29
10/16/1958,29
10/17/1958,29
10/18/1958,30
10/19/1958,31
10/20/1958,33
10/21/1958,35
10/22/1958,36
10/23/1958,36
10/24/1958,36
10/25/1958,36
10/26/1958,36
10/27/1958,36
10/28/1958,36
10/29/1958,37
10/30/1958,36
10/31/1958,36
11/1/1958,34
11/2/1958,33
11/3/1958,33
11/4/1958,33
11/5/1958,33
11/6/1958,33
11/7/1958,34
11/8/1958,33
11/9/1958,34
11/10/1958,36
11/11/1958,39
11/12/1958,44
11/13/1958,44
11/14/1958,44
11/15/1958,64
11/16/1958,85
11/17/1958,62
11/18/1958,53
11/19/1958,49
11/20/1958,53
11/21/1958,53
11/22/1958,49
11/23/1958,47
11/24/1958,47
11/25/1958,44
11/26/1958,44
11/27/1958,44
11/28/1958,43
11/29/1958,43
11/30/1958,43
12/1/1958,42
12/2/1958,42
12/3/1958,42
12/4/1958,42
12/5/1958,43
12/6/1958,43
12/7/1958,43
12/8/1958,43
12/9/1958,44
12/10/1958,43
12/11/1958,43
12/12/1958,43
12/13/1958,43
12/14/1958,43
12/15/1958,43
12/16/1958,42
12/17/1958,42
12/18/1958,40
12/19/1958,41
12/20/1958,42
12/21/1958,44
12/22/1958,47
12/23/1958,48
12/24/1958,54
12/25/1958,53
12/26/1958,54
12/27/1958,77
12/28/1958,121
12/29/1958,87
12/30/1958,66
12/31/1958,59
1/1/1959,55
1/2/1959,54
1/3/1959,51
1/4/1959,49
1/5/1959,49
1/6/1959,123
1/7/1959,176
1/8/1959,109
1/9/1959,157
1/10/1959,1100
1/11/1959,676
1/12/1959,610
1/13/1959,550
1/14/1959,320
1/15/1959,231
1/16/1959,189
1/17/1959,160
1/18/1959,141
1/19/1959,129
1/20/1959,121
1/21/1959,113
1/22/1959,107
1/23/1959,103
1/24/1959,237
1/25/1959,347
1/26/1959,387
1/27/1959,257
1/28/1959,234
1/29/1959,208
1/30/1959,176
1/31/1959,160
2/1/1959,144
2/2/1959,131
2/3/1959,123
2/4/1959,121
2/5/1959,117
2/6/1959,113
2/7/1959,109
2/8/1959,107
2/9/1959,109
2/10/1959,264
2/11/1959,1200
2/12/1959,613
2/13/1959,364
2/14/1959,280
2/15/1959,260
2/16/1959,1960
2/17/1959,2590
2/18/1959,2320
2/19/1959,2210
2/20/1959,1200
2/21/1959,1010
2/22/1959,753
2/23/1959,613
2/24/1959,508
2/25/1959,445
2/26/1959,409
2/27/1959,396
2/28/1959,391
3/1/1959,387
3/2/1959,409
3/3/1959,427
3/4/1959,440
3/5/1959,445
3/6/1959,431
3/7/1959,427
3/8/1959,418
3/9/1959,405
3/10/1959,382
3/11/1959,369
3/12/1959,360
3/13/1959,356
3/14/1959,360
3/15/1959,342
3/16/1959,329
3/17/1959,315
3/18/1959,307
3/19/1959,302
3/20/1959,293
3/21/1959,284
3/22/1959,284
3/23/1959,293
3/24/1959,369
3/25/1959,320
3/26/1959,320
3/27/1959,369
3/28/1959,338
3/29/1959,320
3/30/1959,329
3/31/1959,445
4/1/1959,413
4/2/1959,445
4/3/1959,466
4/4/1959,466
4/5/1959,480
4/6/1959,466
4/7/1959,466
4/8/1959,418
4/9/1959,382
4/10/1959,360
4/11/1959,342
4/12/1959,342
4/13/1959,329
4/14/1959,315
4/15/1959,293
4/16/1959,275
4/17/1959,263
4/18/1959,254
4/19/1959,237
4/20/1959,225
4/21/1959,225
4/22/1959,215
4/23/1959,205
4/24/1959,208
4/25/1959,208
4/26/1959,457
4/27/1959,445
4/28/1959,307
4/29/1959,260
4/30/1959,244
5/1/1959,241
5/2/1959,263
5/3/1959,250
5/4/1959,234
5/5/1959,218
5/6/1959,202
5/7/1959,192
5/8/1959,170
5/9/1959,164
5/10/1959,167
5/11/1959,160
5/12/1959,154
5/13/1959,144
5/14/1959,141
5/15/1959,133
5/16/1959,121
5/17/1959,115
5/18/1959,115
5/19/1959,113
5/20/1959,109
5/21/1959,105
5/22/1959,98
5/23/1959,98
5/24/1959,98
5/25/1959,103
5/26/1959,109
5/27/1959,100
5/28/1959,88
5/29/1959,82
5/30/1959,77
5/31/1959,72
6/1/1959,66
6/2/1959,63
6/3/1959,61
6/4/1959,59
6/5/1959,57
6/6/1959,54
6/7/1959,53
6/8/1959,56
6/9/1959,54
6/10/1959,51
6/11/1959,49
6/12/1959,47
6/13/1959,42
6/14/1959,36
6/15/1959,33
6/16/1959,32
6/17/1959,31
6/18/1959,30
6/19/1959,30
6/20/1959,29
6/21/1959,28
6/22/1959,26
6/23/1959,24
6/24/1959,22
6/25/1959,20
6/26/1959,19
6/27/1959,19
6/28/1959,20
6/29/1959,20
6/30/1959,19
7/1/1959,18
7/2/1959,18
7/3/1959,17
7/4/1959,15
7/5/1959,13
7/6/1959,15
7/7/1959,35
7/8/1959,36
7/9/1959,38
7/10/1959,38
7/11/1959,36
7/12/1959,35
7/13/1959,34
7/14/1959,35
7/15/1959,35
7/16/1959,34
7/17/1959,33
7/18/1959,32
7/19/1959,31
7/20/1959,29
7/21/1959,29
7/22/1959,29
7/23/1959,29
7/24/1959,29
7/25/1959,27
7/26/1959,26
7/27/1959,22
7/28/1959,21
7/29/1959,20
7/30/1959,20
7/31/1959,23
8/1/1959,26
8/2/1959,25
8/3/1959,26
8/4/1959,26
8/5/1959,25
8/6/1959,25
8/7/1959,24
8/8/1959,20
8/9/1959,19
8/10/1959,19
8/11/1959,33
8/12/1959,33
8/13/1959,34
8/14/1959,34
8/15/1959,33
8/16/1959,33
8/17/1959,35
8/18/1959,35
8/19/1959,26
8/20/1959,25
8/21/1959,20
8/22/1959,19
8/23/1959,19
8/24/1959,22
8/25/1959,19
8/26/1959,11
8/27/1959,7
8/28/1959,6
8/29/1959,4
8/30/1959,4
8/31/1959,4
9/1/1959,4
9/2/1959,3
9/3/1959,3
9/4/1959,3
9/5/1959,2
9/6/1959,2
9/7/1959,2
9/8/1959,2
9/9/1959,2
9/10/1959,2
9/11/1959,2
9/12/1959,2
9/13/1959,2
9/14/1959,2
9/15/1959,2
9/16/1959,2
9/17/1959,3
9/18/1959,12
9/19/1959,43
9/20/1959,100
9/21/1959,62
9/22/1959,40
9/23/1959,29
9/24/1959,24
9/25/1959,22
9/26/1959,18
9/27/1959,17
9/28/1959,17
9/29/1959,16
9/30/1959,15
10/1/1959,14
10/2/1959,13
10/3/1959,13
10/4/1959,13
10/5/1959,14
10/6/1959,14
10/7/1959,15
10/8/1959,13
10/9/1959,14
10/10/1959,12
10/11/1959,12
10/12/1959,13
10/13/1959,11
10/14/1959,10
10/15/1959,10
10/16/1959,10
10/17/1959,9
10/18/1959,9
10/19/1959,9
10/20/1959,9
10/21/1959,10
10/22/1959,10
10/23/1959,10
10/24/1959,10
10/25/1959,11
10/26/1959,11
10/27/1959,11
10/28/1959,9
10/29/1959,9
10/30/1959,9
10/31/1959,8
11/1/1959,8
11/2/1959,10
11/3/1959,13
11/4/1959,16
11/5/1959,17
11/6/1959,19
11/7/1959,18
11/8/1959,15
11/9/1959,14
11/10/1959,14
11/11/1959,13
11/12/1959,13
11/13/1959,12
11/14/1959,13
11/15/1959,13
11/16/1959,11
11/17/1959,11
11/18/1959,11
11/19/1959,13
11/20/1959,13
11/21/1959,14
11/22/1959,14
11/23/1959,14
11/24/1959,14
11/25/1959,14
11/26/1959,15
11/27/1959,15
11/28/1959,15
11/29/1959,14
11/30/1959,14
12/1/1959,15
12/2/1959,15
12/3/1959,15
12/4/1959,16
12/5/1959,16
12/6/1959,16
12/7/1959,15
12/8/1959,15
12/9/1959,15
12/10/1959,15
12/11/1959,15
12/12/1959,18
12/13/1959,19
12/14/1959,19
12/15/1959,20
12/16/1959,21
12/17/1959,20
12/18/1959,22
12/19/1959,21
12/20/1959,24
12/21/1959,21
12/22/1959,21
12/23/1959,22
12/24/1959,30
12/25/1959,50
12/26/1959,83
12/27/1959,62
12/28/1959,45
12/29/1959,37
12/30/1959,35
12/31/1959,33
1/1/1960,31
1/2/1960,30
1/3/1960,25
1/4/1960,25
1/5/1960,37
1/6/1960,35
1/7/1960,36
1/8/1960,40
1/9/1960,65
1/10/1960,142
1/11/1960,167
1/12/1960,170
1/13/1960,123
1/14/1960,83
1/15/1960,71
1/16/1960,68
1/17/1960,59
1/18/1960,50
1/19/1960,55
1/20/1960,52
1/21/1960,53
1/22/1960,59
1/23/1960,79
1/24/1960,94
1/25/1960,171
1/26/1960,531
1/27/1960,380
1/28/1960,218
1/29/1960,142
1/30/1960,110
1/31/1960,94
2/1/1960,140
2/2/1960,322
2/3/1960,274
2/4/1960,197
2/5/1960,283
2/6/1960,232
2/7/1960,310
2/8/1960,6300
2/9/1960,3800
2/10/1960,2250
2/11/1960,1210
2/12/1960,770
2/13/1960,587
2/14/1960,474
2/15/1960,400
2/16/1960,350
2/17/1960,318
2/18/1960,310
2/19/1960,360
2/20/1960,290
2/21/1960,282
2/22/1960,246
2/23/1960,232
2/24/1960,218
2/25/1960,207
2/26/1960,200
2/27/1960,193
2/28/1960,184
2/29/1960,180
3/1/1960,170
3/2/1960,167
3/3/1960,159
3/4/1960,159
3/5/1960,164
3/6/1960,184
3/7/1960,305
3/8/1960,1340
3/9/1960,1520
3/10/1960,714
3/11/1960,587
3/12/1960,629
3/13/1960,2070
3/14/1960,1220
3/15/1960,940
3/16/1960,770
3/17/1960,666
3/18/1960,622
3/19/1960,594
3/20/1960,587
3/21/1960,580
3/22/1960,587
3/23/1960,580
3/24/1960,587
3/25/1960,587
3/26/1960,587
3/27/1960,690
3/28/1960,1190
3/29/1960,830
3/30/1960,722
3/31/1960,910
4/1/1960,830
4/2/1960,840
4/3/1960,770
4/4/1960,746
4/5/1960,722
4/6/1960,690
4/7/1960,698
4/8/1960,674
4/9/1960,622
4/10/1960,594
4/11/1960,573
4/12/1960,531
4/13/1960,468
4/14/1960,435
4/15/1960,415
4/16/1960,385
4/17/1960,365
4/18/1960,346
4/19/1960,338
4/20/1960,330
4/21/1960,322
4/22/1960,322
4/23/1960,342
4/24/1960,375
4/25/1960,346
4/26/1960,310
4/27/1960,509
4/28/1960,629
4/29/1960,445
4/30/1960,395
5/1/1960,395
5/2/1960,410
5/3/1960,430
5/4/1960,435
5/5/1960,456
5/6/1960,420
5/7/1960,410
5/8/1960,405
5/9/1960,400
5/10/1960,395
5/11/1960,380
5/12/1960,375
5/13/1960,334
5/14/1960,318
5/15/1960,310
5/16/1960,290
5/17/1960,270
5/18/1960,256
5/19/1960,238
5/20/1960,221
5/21/1960,204
5/22/1960,197
5/23/1960,187
5/24/1960,221
5/25/1960,238
5/26/1960,210
5/27/1960,190
5/28/1960,174
5/29/1960,156
5/30/1960,139
5/31/1960,132
6/1/1960,118
6/2/1960,108
6/3/1960,103
6/4/1960,95
6/5/1960,90
6/6/1960,82
6/7/1960,80
6/8/1960,77
6/9/1960,77
6/10/1960,76
6/11/1960,72
6/12/1960,68
6/13/1960,62
6/14/1960,57
6/15/1960,55
6/16/1960,51
6/17/1960,46
6/18/1960,45
6/19/1960,42
6/20/1960,37
6/21/1960,37
6/22/1960,35
6/23/1960,32
6/24/1960,31
6/25/1960,30
6/26/1960,29
6/27/1960,24
6/28/1960,26
6/29/1960,26
6/30/1960,41
7/1/1960,46
7/2/1960,46
7/3/1960,46
7/4/1960,46
7/5/1960,46
7/6/1960,45
7/7/1960,42
7/8/1960,38
7/9/1960,37
7/10/1960,36
7/11/1960,28
7/12/1960,28
7/13/1960,26
7/14/1960,26
7/15/1960,31
7/16/1960,29
7/17/1960,29
7/18/1960,29
7/19/1960,27
7/20/1960,32
7/21/1960,44
7/22/1960,43
7/23/1960,43
7/24/1960,43
7/25/1960,43
7/26/1960,41
7/27/1960,35
7/28/1960,35
7/29/1960,35
7/30/1960,35
7/31/1960,31
8/1/1960,25
8/2/1960,26
8/3/1960,26
8/4/1960,25
8/5/1960,22
8/6/1960,19
8/7/1960,17
8/8/1960,16
8/9/1960,21
8/10/1960,22
8/11/1960,22
8/12/1960,20
8/13/1960,23
8/14/1960,26
8/15/1960,26
8/16/1960,27
8/17/1960,25
8/18/1960,25
8/19/1960,26
8/20/1960,28
8/21/1960,29
8/22/1960,29
8/23/1960,30
8/24/1960,30
8/25/1960,29
8/26/1960,18
8/27/1960,15
8/28/1960,13
8/29/1960,13
8/30/1960,13
8/31/1960,14
9/1/1960,14
9/2/1960,14
9/3/1960,14
9/4/1960,11
9/5/1960,6
9/6/1960,4
9/7/1960,4
9/8/1960,4
9/9/1960,4
9/10/1960,4
9/11/1960,4
9/12/1960,3
9/13/1960,2
9/14/1960,4
9/15/1960,14
9/16/1960,16
9/17/1960,16
9/18/1960,13
9/19/1960,8
9/20/1960,6
9/21/1960,5
9/22/1960,5
9/23/1960,4
9/24/1960,5
9/25/1960,4
9/26/1960,4
9/27/1960,4
9/28/1960,5
9/29/1960,4
9/30/1960,4
10/1/1960,4
10/2/1960,4
10/3/1960,4
10/4/1960,3
10/5/1960,4
10/6/1960,4
10/7/1960,4
10/8/1960,5
10/9/1960,15
10/10/1960,16
10/11/1960,15
10/12/1960,15
10/13/1960,14
10/14/1960,14
10/15/1960,13
10/16/1960,14
10/17/1960,13
10/18/1960,13
10/19/1960,13
10/20/1960,12
10/21/1960,12
10/22/1960,12
10/23/1960,12
10/24/1960,11
10/25/1960,11
10/26/1960,11
10/27/1960,11
10/28/1960,12
10/29/1960,13
10/30/1960,13
10/31/1960,13
11/1/1960,13
11/2/1960,13
11/3/1960,14
11/4/1960,14
11/5/1960,14
11/6/1960,15
11/7/1960,16
11/8/1960,15
11/9/1960,19
11/10/1960,22
11/11/1960,21
11/12/1960,21
11/13/1960,36
11/14/1960,103
11/15/1960,87
11/16/1960,58
11/17/1960,43
11/18/1960,39
11/19/1960,45
11/20/1960,58
11/21/1960,45
11/22/1960,37
11/23/1960,32
11/24/1960,29
11/25/1960,29
11/26/1960,72
11/27/1960,161
11/28/1960,88
11/29/1960,61
11/30/1960,48
12/1/1960,50
12/2/1960,230
12/3/1960,252
12/4/1960,134
12/5/1960,94
12/6/1960,76
12/7/1960,62
12/8/1960,56
12/9/1960,52
12/10/1960,52
12/11/1960,53
12/12/1960,51
12/13/1960,48
12/14/1960,45
12/15/1960,46
12/16/1960,45
12/17/1960,45
12/18/1960,44
12/19/1960,46
12/20/1960,46
12/21/1960,45
12/22/1960,43
12/23/1960,43
12/24/1960,43
12/25/1960,42
12/26/1960,42
12/27/1960,42
12/28/1960,42
12/29/1960,39
12/30/1960,37
12/31/1960,37
1/1/1961,40
1/2/1961,38
1/3/1961,34
1/4/1961,32
1/5/1961,37
1/6/1961,38
1/7/1961,37
1/8/1961,39
1/9/1961,39
1/10/1961,38
1/11/1961,37
1/12/1961,37
1/13/1961,37
1/14/1961,37
1/15/1961,36
1/16/1961,37
1/17/1961,36
1/18/1961,36
1/19/1961,36
1/20/1961,35
1/21/1961,35
1/22/1961,35
1/23/1961,35
1/24/1961,36
1/25/1961,36
1/26/1961,46
1/27/1961,60
1/28/1961,74
1/29/1961,71
1/30/1961,62
1/31/1961,106
2/1/1961,94
2/2/1961,149
2/3/1961,153
2/4/1961,142
2/5/1961,106
2/6/1961,88
2/7/1961,80
2/8/1961,76
2/9/1961,80
2/10/1961,88
2/11/1961,123
2/12/1961,260
2/13/1961,174
2/14/1961,130
2/15/1961,125
2/16/1961,150
2/17/1961,132
2/18/1961,114
2/19/1961,103
2/20/1961,94
2/21/1961,90
2/22/1961,85
2/23/1961,83
2/24/1961,78
2/25/1961,76
2/26/1961,72
2/27/1961,71
2/28/1961,68
3/1/1961,65
3/2/1961,65
3/3/1961,66
3/4/1961,70
3/5/1961,71
3/6/1961,74
3/7/1961,83
3/8/1961,82
3/9/1961,80
3/10/1961,103
3/11/1961,94
3/12/1961,88
3/13/1961,87
3/14/1961,82
3/15/1961,231
3/16/1961,274
3/17/1961,322
3/18/1961,294
3/19/1961,221
3/20/1961,221
3/21/1961,238
3/22/1961,221
3/23/1961,242
3/24/1961,286
3/25/1961,405
3/26/1961,338
3/27/1961,306
3/28/1961,330
3/29/1961,270
3/30/1961,238
3/31/1961,228
4/1/1961,228
4/2/1961,232
4/3/1961,242
4/4/1961,242
4/5/1961,256
4/6/1961,242
4/7/1961,221
4/8/1961,204
4/9/1961,180
4/10/1961,170
4/11/1961,161
4/12/1961,156
4/13/1961,187
4/14/1961,156
4/15/1961,153
4/16/1961,139
4/17/1961,139
4/18/1961,137
4/19/1961,137
4/20/1961,128
4/21/1961,121
4/22/1961,150
4/23/1961,228
4/24/1961,228
4/25/1961,164
4/26/1961,159
4/27/1961,153
4/28/1961,156
4/29/1961,167
4/30/1961,177
5/1/1961,187
5/2/1961,204
5/3/1961,180
5/4/1961,170
5/5/1961,164
5/6/1961,161
5/7/1961,197
5/8/1961,184
5/9/1961,174
5/10/1961,174
5/11/1961,246
5/12/1961,249
5/13/1961,232
5/14/1961,218
5/15/1961,210
5/16/1961,197
5/17/1961,190
5/18/1961,180
5/19/1961,177
5/20/1961,174
5/21/1961,174
5/22/1961,164
5/23/1961,156
5/24/1961,145
5/25/1961,134
5/26/1961,130
5/27/1961,121
5/28/1961,112
5/29/1961,106
5/30/1961,101
5/31/1961,95
6/1/1961,103
6/2/1961,99
6/3/1961,97
6/4/1961,92
6/5/1961,82
6/6/1961,76
6/7/1961,70
6/8/1961,65
6/9/1961,64
6/10/1961,60
6/11/1961,52
6/12/1961,52
6/13/1961,49
6/14/1961,41
6/15/1961,37
6/16/1961,34
6/17/1961,27
6/18/1961,38
6/19/1961,45
6/20/1961,45
6/21/1961,42
6/22/1961,41
6/23/1961,50
6/24/1961,46
6/25/1961,40
6/26/1961,37
6/27/1961,34
6/28/1961,25
6/29/1961,19
6/30/1961,19
7/1/1961,17
7/2/1961,16
7/3/1961,29
7/4/1961,37
7/5/1961,36
7/6/1961,37
7/7/1961,37
7/8/1961,35
7/9/1961,35
7/10/1961,37
7/11/1961,39
7/12/1961,41
7/13/1961,44
7/14/1961,43
7/15/1961,42
7/16/1961,37
7/17/1961,41
7/18/1961,38
7/19/1961,35
7/20/1961,31
7/21/1961,30
7/22/1961,29
7/23/1961,23
7/24/1961,21
7/25/1961,26
7/26/1961,25
7/27/1961,26
7/28/1961,26
7/29/1961,24
7/30/1961,19
7/31/1961,23
8/1/1961,27
8/2/1961,27
8/3/1961,21
8/4/1961,14
8/5/1961,13
8/6/1961,11
8/7/1961,10
8/8/1961,11
8/9/1961,14
8/10/1961,16
8/11/1961,17
8/12/1961,16
8/13/1961,11
8/14/1961,9
8/15/1961,9
8/16/1961,9
8/17/1961,12
8/18/1961,13
8/19/1961,11
8/20/1961,11
8/21/1961,13
8/22/1961,13
8/23/1961,11
8/24/1961,11
8/25/1961,11
8/26/1961,11
8/27/1961,11
8/28/1961,11
8/29/1961,14
8/30/1961,18
8/31/1961,19
9/1/1961,20
9/2/1961,18
9/3/1961,17
9/4/1961,17
9/5/1961,12
9/6/1961,10
9/7/1961,11
9/8/1961,11
9/9/1961,9
9/10/1961,7
9/11/1961,6
9/12/1961,5
9/13/1961,4
9/14/1961,4
9/15/1961,4
9/16/1961,2
9/17/1961,2
9/18/1961,3
9/19/1961,3
9/20/1961,2
9/21/1961,2
9/22/1961,3
9/23/1961,4
9/24/1961,4
9/25/1961,5
9/26/1961,5
9/27/1961,4
9/28/1961,4
9/29/1961,4
9/30/1961,4
10/1/1961,4
10/2/1961,3
10/3/1961,2
10/4/1961,3
10/5/1961,2
10/6/1961,3
10/7/1961,3
10/8/1961,3
10/9/1961,1
10/10/1961,1
10/11/1961,2
10/12/1961,3
10/13/1961,3
10/14/1961,3
10/15/1961,3
10/16/1961,2
10/17/1961,3
10/18/1961,4
10/19/1961,4
10/20/1961,5
10/21/1961,5
10/22/1961,4
10/23/1961,5
10/24/1961,5
10/25/1961,7
10/26/1961,10
10/27/1961,10
10/28/1961,10
10/29/1961,11
10/30/1961,12
10/31/1961,18
11/1/1961,16
11/2/1961,14
11/3/1961,13
11/4/1961,12
11/5/1961,12
11/6/1961,14
11/7/1961,13
11/8/1961,12
11/9/1961,12
11/10/1961,12
11/11/1961,12
11/12/1961,10
11/13/1961,8
11/14/1961,9
11/15/1961,8
11/16/1961,8
11/17/1961,9
11/18/1961,10
11/19/1961,10
11/20/1961,12
11/21/1961,14
11/22/1961,18
11/23/1961,23
11/24/1961,20
11/25/1961,17
11/26/1961,18
11/27/1961,18
11/28/1961,19
11/29/1961,23
11/30/1961,34
12/1/1961,98
12/2/1961,109
12/3/1961,134
12/4/1961,92
12/5/1961,57
12/6/1961,43
12/7/1961,35
12/8/1961,30
12/9/1961,27
12/10/1961,25
12/11/1961,23
12/12/1961,22
12/13/1961,21
12/14/1961,21
12/15/1961,22
12/16/1961,22
12/17/1961,22
12/18/1961,22
12/19/1961,24
12/20/1961,32
12/21/1961,40
12/22/1961,54
12/23/1961,50
12/24/1961,43
12/25/1961,37
12/26/1961,34
12/27/1961,31
12/28/1961,30
12/29/1961,29
12/30/1961,28
12/31/1961,26
1/1/1962,25
1/2/1962,25
1/3/1962,26
1/4/1962,25
1/5/1962,25
1/6/1962,23
1/7/1962,23
1/8/1962,24
1/9/1962,24
1/10/1962,24
1/11/1962,24
1/12/1962,25
1/13/1962,25
1/14/1962,27
1/15/1962,27
1/16/1962,24
1/17/1962,18
1/18/1962,20
1/19/1962,25
1/20/1962,137
1/21/1962,170
1/22/1962,92
1/23/1962,65
1/24/1962,54
1/25/1962,50
1/26/1962,49
1/27/1962,44
1/28/1962,44
1/29/1962,42
1/30/1962,42
1/31/1962,42
2/1/1962,39
2/2/1962,38
2/3/1962,38
2/4/1962,38
2/5/1962,38
2/6/1962,39
2/7/1962,56
2/8/1962,100
2/9/1962,1030
2/10/1962,5000
2/11/1962,2580
2/12/1962,1370
2/13/1962,2450
2/14/1962,3670
2/15/1962,5760
2/16/1962,4670
2/17/1962,2070
2/18/1962,1330
2/19/1962,1160
2/20/1962,940
2/21/1962,730
2/22/1962,601
2/23/1962,507
2/24/1962,474
2/25/1962,445
2/26/1962,420
2/27/1962,370
2/28/1962,338
3/1/1962,330
3/2/1962,1250
3/3/1962,940
3/4/1962,629
3/5/1962,595
3/6/1962,3260
3/7/1962,2210
3/8/1962,1210
3/9/1962,890
3/10/1962,714
3/11/1962,629
3/12/1962,559
3/13/1962,480
3/14/1962,435
3/15/1962,410
3/16/1962,400
3/17/1962,390
3/18/1962,365
3/19/1962,350
3/20/1962,350
3/21/1962,375
3/22/1962,521
3/23/1962,706
3/24/1962,510
3/25/1962,462
3/26/1962,462
3/27/1962,468
3/28/1962,510
3/29/1962,573
3/30/1962,629
3/31/1962,643
4/1/1962,690
4/2/1962,714
4/3/1962,746
4/4/1962,786
4/5/1962,880
4/6/1962,940
4/7/1962,1010
4/8/1962,1040
4/9/1962,1050
4/10/1962,1050
4/11/1962,990
4/12/1962,980
4/13/1962,1030
4/14/1962,1080
4/15/1962,1110
4/16/1962,1080
4/17/1962,980
4/18/1962,940
4/19/1962,960
4/20/1962,890
4/21/1962,770
4/22/1962,730
4/23/1962,746
4/24/1962,746
4/25/1962,738
4/26/1962,666
4/27/1962,643
4/28/1962,910
4/29/1962,786
4/30/1962,666
5/1/1962,615
5/2/1962,601
5/3/1962,601
5/4/1962,601
5/5/1962,608
5/6/1962,608
5/7/1962,566
5/8/1962,559
5/9/1962,552
5/10/1962,531
5/11/1962,462
5/12/1962,405
5/13/1962,370
5/14/1962,334
5/15/1962,326
5/16/1962,298
5/17/1962,290
5/18/1962,278
5/19/1962,278
5/20/1962,278
5/21/1962,263
5/22/1962,256
5/23/1962,263
5/24/1962,266
5/25/1962,249
5/26/1962,232
5/27/1962,242
5/28/1962,242
5/29/1962,242
5/30/1962,238
5/31/1962,246
6/1/1962,256
6/2/1962,260
6/3/1962,263
6/4/1962,252
6/5/1962,232
6/6/1962,218
6/7/1962,214
6/8/1962,210
6/9/1962,204
6/10/1962,204
6/11/1962,197
6/12/1962,187
6/13/1962,177
6/14/1962,167
6/15/1962,159
6/16/1962,153
6/17/1962,142
6/18/1962,129
6/19/1962,122
6/20/1962,113
6/21/1962,107
6/22/1962,100
6/23/1962,92
6/24/1962,87
6/25/1962,80
6/26/1962,73
6/27/1962,70
6/28/1962,66
6/29/1962,62
6/30/1962,57
7/1/1962,54
7/2/1962,49
7/3/1962,45
7/4/1962,49
7/5/1962,47
7/6/1962,44
7/7/1962,40
7/8/1962,39
7/9/1962,37
7/10/1962,31
7/11/1962,30
7/12/1962,30
7/13/1962,30
7/14/1962,35
7/15/1962,35
7/16/1962,29
7/17/1962,25
7/18/1962,25
7/19/1962,22
7/20/1962,20
7/21/1962,19
7/22/1962,32
7/23/1962,36
7/24/1962,34
7/25/1962,40
7/26/1962,52
7/27/1962,37
7/28/1962,34
7/29/1962,34
7/30/1962,25
7/31/1962,17
8/1/1962,15
8/2/1962,14
8/3/1962,13
8/4/1962,13
8/5/1962,12
8/6/1962,10
8/7/1962,10
8/8/1962,12
8/9/1962,17
8/10/1962,16
8/11/1962,16
8/12/1962,17
8/13/1962,17
8/14/1962,16
8/15/1962,16
8/16/1962,15
8/17/1962,14
8/18/1962,13
8/19/1962,13
8/20/1962,12
8/21/1962,12
8/22/1962,14
8/23/1962,14
8/24/1962,12
8/25/1962,12
8/26/1962,10
8/27/1962,7
8/28/1962,6
8/29/1962,6
8/30/1962,6
8/31/1962,5
9/1/1962,6
9/2/1962,5
9/3/1962,6
9/4/1962,10
9/5/1962,12
9/6/1962,15
9/7/1962,16
9/8/1962,16
9/9/1962,16
9/10/1962,16
9/11/1962,15
9/12/1962,12
9/13/1962,9
9/14/1962,8
9/15/1962,7
9/16/1962,6
9/17/1962,5
9/18/1962,4
9/19/1962,5
9/20/1962,5
9/21/1962,4
9/22/1962,6
9/23/1962,6
9/24/1962,5
9/25/1962,4
9/26/1962,5
9/27/1962,4
9/28/1962,4
9/29/1962,5
9/30/1962,5
10/1/1962,4
10/2/1962,4
10/3/1962,6
10/4/1962,6
10/5/1962,6
10/6/1962,6
10/7/1962,7
10/8/1962,7
10/9/1962,7
10/10/1962,8
10/11/1962,12
10/12/1962,97
10/13/1962,1890
10/14/1962,5750
10/15/1962,787
10/16/1962,355
10/17/1962,228
10/18/1962,177
10/19/1962,145
10/20/1962,115
10/21/1962,102
10/22/1962,90
10/23/1962,81
10/24/1962,73
10/25/1962,70
10/26/1962,65
10/27/1962,62
10/28/1962,59
10/29/1962,57
10/30/1962,53
10/31/1962,50
11/1/1962,47
11/2/1962,46
11/3/1962,45
11/4/1962,45
11/5/1962,44
11/6/1962,43
11/7/1962,42
11/8/1962,42
11/9/1962,41
11/10/1962,41
11/11/1962,43
11/12/1962,46
11/13/1962,45
11/14/1962,43
11/15/1962,42
11/16/1962,45
11/17/1962,45
11/18/1962,43
11/19/1962,42
11/20/1962,41
11/21/1962,41
11/22/1962,41
11/23/1962,41
11/24/1962,39
11/25/1962,38
11/26/1962,39
11/27/1962,59
11/28/1962,139
11/29/1962,90
11/30/1962,71
12/1/1962,63
12/2/1962,59
12/3/1962,65
12/4/1962,152
12/5/1962,129
12/6/1962,98
12/7/1962,83
12/8/1962,76
12/9/1962,71
12/10/1962,68
12/11/1962,65
12/12/1962,62
12/13/1962,62
12/14/1962,62
12/15/1962,73
12/16/1962,834
12/17/1962,1010
12/18/1962,456
12/19/1962,310
12/20/1962,242
12/21/1962,200
12/22/1962,174
12/23/1962,159
12/24/1962,145
12/25/1962,129
12/26/1962,113
12/27/1962,100
12/28/1962,100
12/29/1962,102
12/30/1962,100
12/31/1962,98
1/1/1963,94
1/2/1963,89
1/3/1963,87
1/4/1963,87
1/5/1963,85
1/6/1963,80
1/7/1963,78
1/8/1963,78
1/9/1963,76
1/10/1963,73
1/11/1963,71
1/12/1963,68
1/13/1963,47
1/14/1963,45
1/15/1963,59
1/16/1963,70
1/17/1963,70
1/18/1963,66
1/19/1963,63
1/20/1963,62
1/21/1963,62
1/22/1963,62
1/23/1963,60
1/24/1963,59
1/25/1963,59
1/26/1963,59
1/27/1963,57
1/28/1963,57
1/29/1963,59
1/30/1963,187
1/31/1963,6540
2/1/1963,26700
2/2/1963,7380
2/3/1963,3140
2/4/1963,2140
2/5/1963,1710
2/6/1963,1360
2/7/1963,1120
2/8/1963,950
2/9/1963,820
2/10/1963,830
2/11/1963,746
2/12/1963,643
2/13/1963,1820
2/14/1963,1630
2/15/1963,1110
2/16/1963,940
2/17/1963,830
2/18/1963,714
2/19/1963,622
2/20/1963,573
2/21/1963,504
2/22/1963,468
2/23/1963,390
2/24/1963,390
2/25/1963,360
2/26/1963,338
2/27/1963,322
2/28/1963,302
3/1/1963,282
3/2/1963,270
3/3/1963,260
3/4/1963,246
3/5/1963,232
3/6/1963,228
3/7/1963,228
3/8/1963,224
3/9/1963,221
3/10/1963,221
3/11/1963,207
3/12/1963,200
3/13/1963,190
3/14/1963,187
3/15/1963,224
3/16/1963,232
3/17/1963,318
3/18/1963,330
3/19/1963,263
3/20/1963,246
3/21/1963,246
3/22/1963,249
3/23/1963,504
3/24/1963,714
3/25/1963,462
3/26/1963,400
3/27/1963,641
3/28/1963,7170
3/29/1963,2340
3/30/1963,1610
3/31/1963,1400
4/1/1963,1620
4/2/1963,1220
4/3/1963,1020
4/4/1963,930
4/5/1963,920
4/6/1963,4170
4/7/1963,7900
4/8/1963,6140
4/9/1963,3940
4/10/1963,2820
4/11/1963,2320
4/12/1963,1930
4/13/1963,1680
4/14/1963,3240
4/15/1963,3670
4/16/1963,2720
4/17/1963,2280
4/18/1963,1960
4/19/1963,1960
4/20/1963,1860
4/21/1963,1720
4/22/1963,1460
4/23/1963,1320
4/24/1963,1230
4/25/1963,1180
4/26/1963,1230
4/27/1963,1170
4/28/1963,1080
4/29/1963,1090
4/30/1963,1190
5/1/1963,1320
5/2/1963,1390
5/3/1963,1450
5/4/1963,1460
5/5/1963,1500
5/6/1963,1520
5/7/1963,1490
5/8/1963,1500
5/9/1963,2300
5/10/1963,1980
5/11/1963,2120
5/12/1963,1860
5/13/1963,1460
5/14/1963,1480
5/15/1963,1410
5/16/1963,1390
5/17/1963,1370
5/18/1963,1390
5/19/1963,1390
5/20/1963,1360
5/21/1963,1280
5/22/1963,1230
5/23/1963,1040
5/24/1963,1090
5/25/1963,1020
5/26/1963,950
5/27/1963,880
5/28/1963,860
5/29/1963,910
5/30/1963,810
5/31/1963,754
6/1/1963,722
6/2/1963,674
6/3/1963,629
6/4/1963,580
6/5/1963,531
6/6/1963,492
6/7/1963,468
6/8/1963,435
6/9/1963,405
6/10/1963,385
6/11/1963,435
6/12/1963,385
6/13/1963,346
6/14/1963,330
6/15/1963,306
6/16/1963,290
6/17/1963,274
6/18/1963,252
6/19/1963,238
6/20/1963,224
6/21/1963,210
6/22/1963,200
6/23/1963,197
6/24/1963,197
6/25/1963,200
6/26/1963,177
6/27/1963,164
6/28/1963,159
6/29/1963,150
6/30/1963,147
7/1/1963,147
7/2/1963,139
7/3/1963,137
7/4/1963,132
7/5/1963,129
7/6/1963,125
7/7/1963,120
7/8/1963,120
7/9/1963,113
7/10/1963,107
7/11/1963,102
7/12/1963,98
7/13/1963,92
7/14/1963,87
7/15/1963,83
7/16/1963,80
7/17/1963,76
7/18/1963,74
7/19/1963,70
7/20/1963,70
7/21/1963,70
7/22/1963,63
7/23/1963,62
7/24/1963,60
7/25/1963,59
7/26/1963,57
7/27/1963,56
7/28/1963,46
7/29/1963,42
7/30/1963,44
7/31/1963,47
8/1/1963,46
8/2/1963,42
8/3/1963,43
8/4/1963,44
8/5/1963,38
8/6/1963,36
8/7/1963,36
8/8/1963,36
8/9/1963,34
8/10/1963,33
8/11/1963,33
8/12/1963,33
8/13/1963,31
8/14/1963,30
8/15/1963,30
8/16/1963,29
8/17/1963,29
8/18/1963,26
8/19/1963,26
8/20/1963,25
8/21/1963,23
8/22/1963,25
8/23/1963,23
8/24/1963,23
8/25/1963,23
8/26/1963,24
8/27/1963,25
8/28/1963,24
8/29/1963,24
8/30/1963,21
8/31/1963,21
9/1/1963,22
9/2/1963,23
9/3/1963,23
9/4/1963,20
9/5/1963,20
9/6/1963,20
9/7/1963,19
9/8/1963,19
9/9/1963,19
9/10/1963,18
9/11/1963,17
9/12/1963,16
9/13/1963,18
9/14/1963,20
9/15/1963,23
9/16/1963,23
9/17/1963,21
9/18/1963,19
9/19/1963,20
9/20/1963,22
9/21/1963,23
9/22/1963,22
9/23/1963,21
9/24/1963,20
9/25/1963,22
9/26/1963,26
9/27/1963,25
9/28/1963,24
9/29/1963,24
9/30/1963,23
10/1/1963,22
10/2/1963,18
10/3/1963,14
10/4/1963,14
10/5/1963,13
10/6/1963,13
10/7/1963,13
10/8/1963,14
10/9/1963,16
10/10/1963,17
10/11/1963,40
10/12/1963,171
10/13/1963,104
10/14/1963,64
10/15/1963,52
10/16/1963,43
10/17/1963,40
10/18/1963,34
10/19/1963,31
10/20/1963,36
10/21/1963,32
10/22/1963,31
10/23/1963,33
10/24/1963,38
10/25/1963,48
10/26/1963,42
10/27/1963,38
10/28/1963,35
10/29/1963,34
10/30/1963,34
10/31/1963,34
11/1/1963,40
11/2/1963,40
11/3/1963,36
11/4/1963,41
11/5/1963,58
11/6/1963,276
11/7/1963,268
11/8/1963,142
11/9/1963,104
11/10/1963,100
11/11/1963,89
11/12/1963,75
11/13/1963,70
11/14/1963,77
11/15/1963,559
11/16/1963,420
11/17/1963,238
11/18/1963,181
11/19/1963,187
11/20/1963,682
11/21/1963,425
11/22/1963,261
11/23/1963,332
11/24/1963,724
11/25/1963,474
11/26/1963,330
11/27/1963,268
11/28/1963,231
11/29/1963,210
11/30/1963,193
12/1/1963,181
12/2/1963,171
12/3/1963,159
12/4/1963,151
12/5/1963,145
12/6/1963,137
12/7/1963,129
12/8/1963,124
12/9/1963,142
12/10/1963,168
12/11/1963,137
12/12/1963,124
12/13/1963,121
12/14/1963,121
12/15/1963,116
12/16/1963,114
12/17/1963,109
12/18/1963,109
12/19/1963,107
12/20/1963,111
12/21/1963,126
12/22/1963,126
12/23/1963,116
12/24/1963,114
12/25/1963,109
12/26/1963,107
12/27/1963,104
12/28/1963,102
12/29/1963,100
12/30/1963,100
12/31/1963,98
1/1/1964,98
1/2/1964,100
1/3/1964,100
1/4/1964,95
1/5/1964,93
1/6/1964,89
1/7/1964,93
1/8/1964,104
1/9/1964,98
1/10/1964,93
1/11/1964,98
1/12/1964,91
1/13/1964,85
1/14/1964,91
1/15/1964,95
1/16/1964,85
1/17/1964,93
1/18/1964,156
1/19/1964,413
1/20/1964,683
1/21/1964,2780
1/22/1964,2910
1/23/1964,1100
1/24/1964,700
1/25/1964,578
1/26/1964,508
1/27/1964,462
1/28/1964,400
1/29/1964,360
1/30/1964,335
1/31/1964,311
2/1/1964,294
2/2/1964,285
2/3/1964,276
2/4/1964,261
2/5/1964,249
2/6/1964,249
2/7/1964,238
2/8/1964,228
2/9/1964,224
2/10/1964,220
2/11/1964,214
2/12/1964,206
2/13/1964,200
2/14/1964,197
2/15/1964,193
2/16/1964,197
2/17/1964,187
2/18/1964,177
2/19/1964,174
2/20/1964,171
2/21/1964,171
2/22/1964,168
2/23/1964,171
2/24/1964,171
2/25/1964,171
2/26/1964,168
2/27/1964,162
2/28/1964,162
2/29/1964,190
3/1/1964,184
3/2/1964,220
3/3/1964,203
3/4/1964,174
3/5/1964,174
3/6/1964,171
3/7/1964,168
3/8/1964,159
3/9/1964,148
3/10/1964,156
3/11/1964,151
3/12/1964,200
3/13/1964,246
3/14/1964,224
3/15/1964,203
3/16/1964,197
3/17/1964,190
3/18/1964,197
3/19/1964,210
3/20/1964,206
3/21/1964,220
3/22/1964,276
3/23/1964,298
3/24/1964,316
3/25/1964,340
3/26/1964,280
3/27/1964,280
3/28/1964,268
3/29/1964,280
3/30/1964,294
3/31/1964,320
4/1/1964,432
4/2/1964,644
4/3/1964,564
4/4/1964,515
4/5/1964,494
4/6/1964,468
4/7/1964,420
4/8/1964,405
4/9/1964,410
4/10/1964,420
4/11/1964,432
4/12/1964,456
4/13/1964,468
4/14/1964,487
4/15/1964,522
4/16/1964,543
4/17/1964,536
4/18/1964,508
4/19/1964,480
4/20/1964,438
4/21/1964,410
4/22/1964,400
4/23/1964,390
4/24/1964,380
4/25/1964,350
4/26/1964,325
4/27/1964,320
4/28/1964,345
4/29/1964,360
4/30/1964,365
5/1/1964,370
5/2/1964,385
5/3/1964,395
5/4/1964,462
5/5/1964,375
5/6/1964,592
5/7/1964,522
5/8/1964,432
5/9/1964,415
5/10/1964,438
5/11/1964,522
5/12/1964,620
5/13/1964,684
5/14/1964,676
5/15/1964,652
5/16/1964,628
5/17/1964,620
5/18/1964,592
5/19/1964,557
5/20/1964,522
5/21/1964,480
5/22/1964,426
5/23/1964,400
5/24/1964,365
5/25/1964,340
5/26/1964,325
5/27/1964,350
5/28/1964,335
5/29/1964,276
5/30/1964,242
5/31/1964,220
6/1/1964,206
6/2/1964,193
6/3/1964,181
6/4/1964,168
6/5/1964,154
6/6/1964,151
6/7/1964,154
6/8/1964,193
6/9/1964,224
6/10/1964,224
6/11/1964,190
6/12/1964,174
6/13/1964,159
6/14/1964,142
6/15/1964,129
6/16/1964,124
6/17/1964,121
6/18/1964,116
6/19/1964,109
6/20/1964,98
6/21/1964,87
6/22/1964,85
6/23/1964,77
6/24/1964,70
6/25/1964,66
6/26/1964,63
6/27/1964,59
6/28/1964,58
6/29/1964,50
6/30/1964,53
7/1/1964,52
7/2/1964,53
7/3/1964,50
7/4/1964,53
7/5/1964,52
7/6/1964,53
7/7/1964,50
7/8/1964,46
7/9/1964,46
7/10/1964,39
7/11/1964,36
7/12/1964,35
7/13/1964,33
7/14/1964,33
7/15/1964,32
7/16/1964,30
7/17/1964,41
7/18/1964,45
7/19/1964,42
7/20/1964,42
7/21/1964,42
7/22/1964,40
7/23/1964,40
7/24/1964,40
7/25/1964,33
7/26/1964,35
7/27/1964,35
7/28/1964,31
7/29/1964,30
7/30/1964,31
7/31/1964,39
8/1/1964,39
8/2/1964,39
8/3/1964,40
8/4/1964,39
8/5/1964,36
8/6/1964,29
8/7/1964,27
8/8/1964,25
8/9/1964,24
8/10/1964,22
8/11/1964,21
8/12/1964,26
8/13/1964,25
8/14/1964,24
8/15/1964,21
8/16/1964,16
8/17/1964,20
8/18/1964,18
8/19/1964,20
8/20/1964,34
8/21/1964,39
8/22/1964,39
8/23/1964,39
8/24/1964,39
8/25/1964,26
8/26/1964,20
8/27/1964,20
8/28/1964,19
8/29/1964,13
8/30/1964,12
8/31/1964,12
9/1/1964,12
9/2/1964,14
9/3/1964,15
9/4/1964,20
9/5/1964,18
9/6/1964,17
9/7/1964,17
9/8/1964,15
9/9/1964,18
9/10/1964,18
9/11/1964,15
9/12/1964,14
9/13/1964,14
9/14/1964,14
9/15/1964,14
9/16/1964,12
9/17/1964,11
9/18/1964,9
9/19/1964,8
9/20/1964,5
9/21/1964,5
9/22/1964,4
9/23/1964,4
9/24/1964,5
9/25/1964,6
9/26/1964,6
9/27/1964,5
9/28/1964,6
9/29/1964,6
9/30/1964,6
10/1/1964,7
10/2/1964,7
10/3/1964,8
10/4/1964,10
10/5/1964,10
10/6/1964,8
10/7/1964,8
10/8/1964,8
10/9/1964,8
10/10/1964,8
10/11/1964,8
10/12/1964,8
10/13/1964,8
10/14/1964,8
10/15/1964,8
10/16/1964,8
10/17/1964,8
10/18/1964,8
10/19/1964,8
10/20/1964,7
10/21/1964,8
10/22/1964,7
10/23/1964,8
10/24/1964,8
10/25/1964,8
10/26/1964,8
10/27/1964,9
10/28/1964,10
10/29/1964,20
10/30/1964,53
10/31/1964,68
11/1/1964,48
11/2/1964,55
11/3/1964,100
11/4/1964,63
11/5/1964,45
11/6/1964,36
11/7/1964,31
11/8/1964,29
11/9/1964,48
11/10/1964,130
11/11/1964,231
11/12/1964,375
11/13/1964,395
11/14/1964,206
11/15/1964,124
11/16/1964,93
11/17/1964,79
11/18/1964,79
11/19/1964,61
11/20/1964,56
11/21/1964,56
11/22/1964,53
11/23/1964,50
11/24/1964,49
11/25/1964,52
11/26/1964,61
11/27/1964,116
11/28/1964,119
11/29/1964,93
11/30/1964,85
12/1/1964,93
12/2/1964,142
12/3/1964,224
12/4/1964,197
12/5/1964,154
12/6/1964,132
12/7/1964,114
12/8/1964,104
12/9/1964,98
12/10/1964,98
12/11/1964,238
12/12/1964,759
12/13/1964,380
12/14/1964,272
12/15/1964,231
12/16/1964,203
12/17/1964,177
12/18/1964,159
12/19/1964,210
12/20/1964,1530
12/21/1964,3500
12/22/1964,9990
12/23/1964,28500
12/24/1964,19300
12/25/1964,8050
12/26/1964,5790
12/27/1964,7280
12/28/1964,5660
12/29/1964,4100
12/30/1964,3590
12/31/1964,3520
1/1/1965,2220
1/2/1965,1720
1/3/1965,2260
1/4/1965,3760
1/5/1965,2980
1/6/1965,14600
1/7/1965,12000
1/8/1965,5260
1/9/1965,3640
1/10/1965,2860
1/11/1965,2380
1/12/1965,2110
1/13/1965,1860
1/14/1965,1650
1/15/1965,1540
1/16/1965,1480
1/17/1965,1420
1/18/1965,1410
1/19/1965,1540
1/20/1965,1720
1/21/1965,1590
1/22/1965,1480
1/23/1965,1510
1/24/1965,3430
1/25/1965,2420
1/26/1965,2060
1/27/1965,1810
1/28/1965,1620
1/29/1965,1480
1/30/1965,1370
1/31/1965,1300
2/1/1965,1280
2/2/1965,1240
2/3/1965,1200
2/4/1965,1150
2/5/1965,1300
2/6/1965,1760
2/7/1965,1480
2/8/1965,1380
2/9/1965,1230
2/10/1965,1120
2/11/1965,1020
2/12/1965,960
2/13/1965,910
2/14/1965,860
2/15/1965,820
2/16/1965,810
2/17/1965,740
2/18/1965,716
2/19/1965,700
2/20/1965,692
2/21/1965,692
2/22/1965,692
2/23/1965,684
2/24/1965,660
2/25/1965,644
2/26/1965,636
2/27/1965,756
2/28/1965,890
3/1/1965,756
3/2/1965,724
3/3/1965,684
3/4/1965,660
3/5/1965,636
3/6/1965,636
3/7/1965,636
3/8/1965,606
3/9/1965,578
3/10/1965,564
3/11/1965,557
3/12/1965,628
3/13/1965,756
3/14/1965,628
3/15/1965,592
3/16/1965,564
3/17/1965,550
3/18/1965,536
3/19/1965,529
3/20/1965,515
3/21/1965,515
3/22/1965,515
3/23/1965,529
3/24/1965,536
3/25/1965,536
3/26/1965,550
3/27/1965,1090
3/28/1965,970
3/29/1965,756
3/30/1965,692
3/31/1965,668
4/1/1965,732
4/2/1965,748
4/3/1965,764
4/4/1965,716
4/5/1965,692
4/6/1965,732
4/7/1965,764
4/8/1965,764
4/9/1965,1120
4/10/1965,3060
4/11/1965,2180
4/12/1965,1540
4/13/1965,1610
4/14/1965,1420
4/15/1965,1260
4/16/1965,2770
4/17/1965,2820
4/18/1965,2240
4/19/1965,2240
4/20/1965,2280
4/21/1965,2710
4/22/1965,2600
4/23/1965,2240
4/24/1965,2000
4/25/1965,1890
4/26/1965,1760
4/27/1965,1690
4/28/1965,1650
4/29/1965,1590
4/30/1965,1560
5/1/1965,1450
5/2/1965,1300
5/3/1965,1170
5/4/1965,1040
5/5/1965,970
5/6/1965,900
5/7/1965,830
5/8/1965,772
5/9/1965,732
5/10/1965,716
5/11/1965,700
5/12/1965,708
5/13/1965,708
5/14/1965,716
5/15/1965,724
5/16/1965,732
5/17/1965,764
5/18/1965,790
5/19/1965,790
5/20/1965,772
5/21/1965,756
5/22/1965,700
5/23/1965,668
5/24/1965,599
5/25/1965,557
5/26/1965,529
5/27/1965,515
5/28/1965,508
5/29/1965,515
5/30/1965,522
5/31/1965,522
6/1/1965,515
6/2/1965,487
6/3/1965,462
6/4/1965,450
6/5/1965,456
6/6/1965,444
6/7/1965,426
6/8/1965,400
6/9/1965,375
6/10/1965,360
6/11/1965,345
6/12/1965,335
6/13/1965,311
6/14/1965,289
6/15/1965,268
6/16/1965,257
6/17/1965,257
6/18/1965,261
6/19/1965,242
6/20/1965,231
6/21/1965,224
6/22/1965,214
6/23/1965,206
6/24/1965,197
6/25/1965,190
6/26/1965,174
6/27/1965,171
6/28/1965,162
6/29/1965,148
6/30/1965,139
7/1/1965,137
7/2/1965,137
7/3/1965,137
7/4/1965,132
7/5/1965,124
7/6/1965,111
7/7/1965,109
7/8/1965,114
7/9/1965,102
7/10/1965,85
7/11/1965,81
7/12/1965,81
7/13/1965,79
7/14/1965,79
7/15/1965,70
7/16/1965,73
7/17/1965,75
7/18/1965,70
7/19/1965,68
7/20/1965,55
7/21/1965,52
7/22/1965,52
7/23/1965,52
7/24/1965,49
7/25/1965,48
7/26/1965,46
7/27/1965,48
7/28/1965,48
7/29/1965,46
7/30/1965,42
7/31/1965,40
8/1/1965,39
8/2/1965,40
8/3/1965,38
8/4/1965,42
8/5/1965,41
8/6/1965,39
8/7/1965,35
8/8/1965,28
8/9/1965,28
8/10/1965,26
8/11/1965,28
8/12/1965,41
8/13/1965,107
8/14/1965,95
8/15/1965,64
8/16/1965,64
8/17/1965,56
8/18/1965,56
8/19/1965,53
8/20/1965,48
8/21/1965,42
8/22/1965,38
8/23/1965,36
8/24/1965,34
8/25/1965,32
8/26/1965,31
8/27/1965,30
8/28/1965,29
8/29/1965,28
8/30/1965,27
8/31/1965,25
9/1/1965,25
9/2/1965,26
9/3/1965,26
9/4/1965,25
9/5/1965,24
9/6/1965,24
9/7/1965,24
9/8/1965,26
9/9/1965,31
9/10/1965,36
9/11/1965,33
9/12/1965,29
9/13/1965,28
9/14/1965,26
9/15/1965,25
9/16/1965,24
9/17/1965,23
9/18/1965,22
9/19/1965,23
9/20/1965,23
9/21/1965,23
9/22/1965,23
9/23/1965,23
9/24/1965,24
9/25/1965,24
9/26/1965,23
9/27/1965,23
9/28/1965,24
9/29/1965,25
9/30/1965,26
10/1/1965,28
10/2/1965,26
10/3/1965,26
10/4/1965,23
10/5/1965,23
10/6/1965,22
10/7/1965,22
10/8/1965,21
10/9/1965,20
10/10/1965,20
10/11/1965,20
10/12/1965,21
10/13/1965,22
10/14/1965,24
10/15/1965,27
10/16/1965,39
10/17/1965,50
10/18/1965,43
10/19/1965,39
10/20/1965,35
10/21/1965,35
10/22/1965,34
10/23/1965,32
10/24/1965,29
10/25/1965,30
10/26/1965,34
10/27/1965,32
10/28/1965,32
10/29/1965,32
10/30/1965,32
10/31/1965,32
11/1/1965,32
11/2/1965,32
11/3/1965,31
11/4/1965,32
11/5/1965,32
11/6/1965,32
11/7/1965,32
11/8/1965,33
11/9/1965,33
11/10/1965,33
11/11/1965,34
11/12/1965,35
11/13/1965,40
11/14/1965,68
11/15/1965,184
11/16/1965,132
11/17/1965,145
11/18/1965,505
11/19/1965,660
11/20/1965,298
11/21/1965,187
11/22/1965,142
11/23/1965,154
11/24/1965,312
11/25/1965,474
11/26/1965,302
11/27/1965,224
11/28/1965,181
11/29/1965,159
11/30/1965,145
12/1/1965,134
12/2/1965,124
12/3/1965,119
12/4/1965,116
12/5/1965,116
12/6/1965,116
12/7/1965,114
12/8/1965,111
12/9/1965,111
12/10/1965,109
12/11/1965,109
12/12/1965,154
12/13/1965,165
12/14/1965,137
12/15/1965,121
12/16/1965,109
12/17/1965,100
12/18/1965,87
12/19/1965,89
12/20/1965,89
12/21/1965,95
12/22/1965,107
12/23/1965,98
12/24/1965,89
12/25/1965,731
12/26/1965,316
12/27/1965,200
12/28/1965,492
12/29/1965,1790
12/30/1965,1540
12/31/1965,1970
1/1/1966,890
1/2/1966,478
1/3/1966,345
1/4/1966,318
1/5/1966,896
1/6/1966,788
1/7/1966,550
1/8/1966,425
1/9/1966,365
1/10/1966,318
1/11/1966,282
1/12/1966,258
1/13/1966,240
1/14/1966,226
1/15/1966,218
1/16/1966,208
1/17/1966,201
1/18/1966,194
1/19/1966,187
1/20/1966,180
1/21/1966,168
1/22/1966,168
1/23/1966,174
1/24/1966,168
1/25/1966,161
1/26/1966,155
1/27/1966,155
1/28/1966,149
1/29/1966,210
1/30/1966,1520
1/31/1966,896
2/1/1966,620
2/2/1966,508
2/3/1966,395
2/4/1966,380
2/5/1966,468
2/6/1966,1820
2/7/1966,1090
2/8/1966,706
2/9/1966,538
2/10/1966,442
2/11/1966,375
2/12/1966,330
2/13/1966,306
2/14/1966,282
2/15/1966,270
2/16/1966,254
2/17/1966,243
2/18/1966,240
2/19/1966,240
2/20/1966,240
2/21/1966,236
2/22/1966,232
2/23/1966,246
2/24/1966,306
2/25/1966,410
2/26/1966,460
2/27/1966,365
2/28/1966,322
3/1/1966,306
3/2/1966,298
3/3/1966,278
3/4/1966,258
3/5/1966,250
3/6/1966,250
3/7/1966,258
3/8/1966,278
3/9/1966,302
3/10/1966,425
3/11/1966,620
3/12/1966,578
3/13/1966,606
3/14/1966,683
3/15/1966,655
3/16/1966,634
3/17/1966,571
3/18/1966,520
3/19/1966,508
3/20/1966,520
3/21/1966,472
3/22/1966,448
3/23/1966,448
3/24/1966,454
3/25/1966,484
3/26/1966,508
3/27/1966,557
3/28/1966,606
3/29/1966,714
3/30/1966,815
3/31/1966,860
4/1/1966,1000
4/2/1966,923
4/3/1966,869
4/4/1966,851
4/5/1966,833
4/6/1966,797
4/7/1966,754
4/8/1966,722
4/9/1966,683
4/10/1966,788
4/11/1966,905
4/12/1966,923
4/13/1966,833
4/14/1966,746
4/15/1966,690
4/16/1966,662
4/17/1966,641
4/18/1966,634
4/19/1966,620
4/20/1966,544
4/21/1966,496
4/22/1966,460
4/23/1966,430
4/24/1966,410
4/25/1966,405
4/26/1966,410
4/27/1966,400
4/28/1966,385
4/29/1966,345
4/30/1966,330
5/1/1966,314
5/2/1966,302
5/3/1966,294
5/4/1966,286
5/5/1966,282
5/6/1966,278
5/7/1966,266
5/8/1966,258
5/9/1966,246
5/10/1966,258
5/11/1966,286
5/12/1966,246
5/13/1966,218
5/14/1966,201
5/15/1966,187
5/16/1966,174
5/17/1966,161
5/18/1966,149
5/19/1966,136
5/20/1966,133
5/21/1966,126
5/22/1966,123
5/23/1966,115
5/24/1966,105
5/25/1966,97
5/26/1966,88
5/27/1966,82
5/28/1966,79
5/29/1966,77
5/30/1966,75
5/31/1966,75
6/1/1966,75
6/2/1966,70
6/3/1966,68
6/4/1966,62
6/5/1966,61
6/6/1966,59
6/7/1966,59
6/8/1966,57
6/9/1966,59
6/10/1966,54
6/11/1966,43
6/12/1966,46
6/13/1966,42
6/14/1966,41
6/15/1966,39
6/16/1966,47
6/17/1966,53
6/18/1966,71
6/19/1966,66
6/20/1966,61
6/21/1966,50
6/22/1966,49
6/23/1966,49
6/24/1966,49
6/25/1966,53
6/26/1966,47
6/27/1966,31
6/28/1966,27
6/29/1966,28
6/30/1966,49
7/1/1966,64
7/2/1966,66
7/3/1966,62
7/4/1966,46
7/5/1966,43
7/6/1966,42
7/7/1966,42
7/8/1966,41
7/9/1966,42
7/10/1966,47
7/11/1966,47
7/12/1966,50
7/13/1966,59
7/14/1966,59
7/15/1966,59
7/16/1966,56
7/17/1966,54
7/18/1966,50
7/19/1966,49
7/20/1966,49
7/21/1966,61
7/22/1966,46
7/23/1966,50
7/24/1966,51
7/25/1966,56
7/26/1966,56
7/27/1966,56
7/28/1966,54
7/29/1966,53
7/30/1966,54
7/31/1966,62
8/1/1966,70
8/2/1966,68
8/3/1966,64
8/4/1966,54
8/5/1966,44
8/6/1966,43
8/7/1966,40
8/8/1966,36
8/9/1966,36
8/10/1966,36
8/11/1966,32
8/12/1966,34
8/13/1966,42
8/14/1966,50
8/15/1966,51
8/16/1966,53
8/17/1966,51
8/18/1966,44
8/19/1966,43
8/20/1966,42
8/21/1966,42
8/22/1966,41
8/23/1966,42
8/24/1966,42
8/25/1966,42
8/26/1966,42
8/27/1966,44
8/28/1966,47
8/29/1966,46
8/30/1966,46
8/31/1966,46
9/1/1966,46
9/2/1966,46
9/3/1966,44
9/4/1966,44
9/5/1966,44
9/6/1966,43
9/7/1966,41
9/8/1966,38
9/9/1966,23
9/10/1966,11
9/11/1966,9
9/12/1966,7
9/13/1966,6
9/14/1966,6
9/15/1966,6
9/16/1966,6
9/17/1966,5
9/18/1966,6
9/19/1966,6
9/20/1966,6
9/21/1966,7
9/22/1966,6
9/23/1966,7
9/24/1966,7
9/25/1966,7
9/26/1966,7
9/27/1966,7
9/28/1966,6
9/29/1966,6
9/30/1966,6
10/1/1966,6
10/2/1966,6
10/3/1966,6
10/4/1966,6
10/5/1966,7
10/6/1966,7
10/7/1966,9
10/8/1966,11
10/9/1966,9
10/10/1966,8
10/11/1966,8
10/12/1966,8
10/13/1966,8
10/14/1966,8
10/15/1966,7
10/16/1966,8
10/17/1966,8
10/18/1966,8
10/19/1966,8
10/20/1966,9
10/21/1966,8
10/22/1966,9
10/23/1966,9
10/24/1966,9
10/25/1966,10
10/26/1966,9
10/27/1966,10
10/28/1966,10
10/29/1966,10
10/30/1966,10
10/31/1966,9
11/1/1966,10
11/2/1966,9
11/3/1966,9
11/4/1966,9
11/5/1966,9
11/6/1966,13
11/7/1966,17
11/8/1966,20
11/9/1966,30
11/10/1966,23
11/11/1966,21
11/12/1966,20
11/13/1966,19
11/14/1966,19
11/15/1966,19
11/16/1966,35
11/17/1966,134
11/18/1966,93
11/19/1966,68
11/20/1966,120
11/21/1966,267
11/22/1966,240
11/23/1966,161
11/24/1966,95
11/25/1966,68
11/26/1966,54
11/27/1966,47
11/28/1966,61
11/29/1966,129
11/30/1966,252
12/1/1966,201
12/2/1966,590
12/3/1966,1310
12/4/1966,576
12/5/1966,1410
12/6/1966,3750
12/7/1966,2490
12/8/1966,1170
12/9/1966,762
12/10/1966,634
12/11/1966,538
12/12/1966,442
12/13/1966,390
12/14/1966,355
12/15/1966,318
12/16/1966,290
12/17/1966,274
12/18/1966,258
12/19/1966,243
12/20/1966,236
12/21/1966,226
12/22/1966,215
12/23/1966,204
12/24/1966,190
12/25/1966,184
12/26/1966,177
12/27/1966,168
12/28/1966,152
12/29/1966,155
12/30/1966,155
12/31/1966,146
1/1/1967,139
1/2/1967,133
1/3/1967,128
1/4/1967,123
1/5/1967,123
1/6/1967,126
1/7/1967,113
1/8/1967,113
1/9/1967,113
1/10/1967,107
1/11/1967,105
1/12/1967,105
1/13/1967,105
1/14/1967,102
1/15/1967,100
1/16/1967,100
1/17/1967,97
1/18/1967,97
1/19/1967,93
1/20/1967,102
1/21/1967,3630
1/22/1967,6860
1/23/1967,1480
1/24/1967,2120
1/25/1967,2550
1/26/1967,1610
1/27/1967,2390
1/28/1967,1660
1/29/1967,4520
1/30/1967,4220
1/31/1967,5860
2/1/1967,3380
2/2/1967,2200
2/3/1967,1650
2/4/1967,1320
2/5/1967,1100
2/6/1967,970
2/7/1967,887
2/8/1967,824
2/9/1967,779
2/10/1967,762
2/11/1967,730
2/12/1967,714
2/13/1967,706
2/14/1967,730
2/15/1967,676
2/16/1967,655
2/17/1967,578
2/18/1967,538
2/19/1967,514
2/20/1967,478
2/21/1967,442
2/22/1967,415
2/23/1967,395
2/24/1967,390
2/25/1967,425
2/26/1967,420
2/27/1967,370
2/28/1967,355
3/1/1967,335
3/2/1967,330
3/3/1967,322
3/4/1967,340
3/5/1967,345
3/6/1967,340
3/7/1967,335
3/8/1967,330
3/9/1967,330
3/10/1967,326
3/11/1967,557
3/12/1967,1240
3/13/1967,2980
3/14/1967,2310
3/15/1967,1330
3/16/1967,5000
3/17/1967,6700
3/18/1967,4100
3/19/1967,3040
3/20/1967,2440
3/21/1967,2090
3/22/1967,1910
3/23/1967,1980
3/24/1967,2010
3/25/1967,1760
3/26/1967,1580
3/27/1967,1450
3/28/1967,1360
3/29/1967,1550
3/30/1967,1360
3/31/1967,1850
4/1/1967,1830
4/2/1967,1460
4/3/1967,1320
4/4/1967,1280
4/5/1967,1600
4/6/1967,2190
4/7/1967,5630
4/8/1967,2770
4/9/1967,2020
4/10/1967,1980
4/11/1967,2770
4/12/1967,2170
4/13/1967,1770
4/14/1967,1600
4/15/1967,1760
4/16/1967,1630
4/17/1967,1590
4/18/1967,3360
4/19/1967,2890
4/20/1967,2280
4/21/1967,2500
4/22/1967,2600
4/23/1967,2420
4/24/1967,2640
4/25/1967,2250
4/26/1967,1860
4/27/1967,1770
4/28/1967,1720
4/29/1967,1520
4/30/1967,1380
5/1/1967,1260
5/2/1967,1220
5/3/1967,1230
5/4/1967,1280
5/5/1967,1360
5/6/1967,1480
5/7/1967,1530
5/8/1967,1800
5/9/1967,2230
5/10/1967,3140
5/11/1967,2800
5/12/1967,2350
5/13/1967,2090
5/14/1967,1930
5/15/1967,1990
5/16/1967,2300
5/17/1967,2690
5/18/1967,2960
5/19/1967,2870
5/20/1967,2800
5/21/1967,2950
5/22/1967,3060
5/23/1967,2950
5/24/1967,2710
5/25/1967,2480
5/26/1967,2180
5/27/1967,1980
5/28/1967,1820
5/29/1967,1650
5/30/1967,1510
5/31/1967,1380
6/1/1967,1320
6/2/1967,1180
6/3/1967,1070
6/4/1967,1020
6/5/1967,1180
6/6/1967,1270
6/7/1967,1140
6/8/1967,1090
6/9/1967,1070
6/10/1967,1070
6/11/1967,1020
6/12/1967,990
6/13/1967,950
6/14/1967,914
6/15/1967,887
6/16/1967,896
6/17/1967,960
6/18/1967,960
6/19/1967,932
6/20/1967,887
6/21/1967,851
6/22/1967,824
6/23/1967,770
6/24/1967,714
6/25/1967,698
6/26/1967,690
6/27/1967,648
6/28/1967,613
6/29/1967,571
6/30/1967,544
7/1/1967,550
7/2/1967,514
7/3/1967,490
7/4/1967,425
7/5/1967,390
7/6/1967,355
7/7/1967,322
7/8/1967,302
7/9/1967,282
7/10/1967,266
7/11/1967,246
7/12/1967,229
7/13/1967,215
7/14/1967,204
7/15/1967,187
7/16/1967,177
7/17/1967,174
7/18/1967,161
7/19/1967,158
7/20/1967,149
7/21/1967,139
7/22/1967,131
7/23/1967,126
7/24/1967,120
7/25/1967,113
7/26/1967,110
7/27/1967,105
7/28/1967,97
7/29/1967,95
7/30/1967,95
7/31/1967,90
8/1/1967,84
8/2/1967,79
8/3/1967,77
8/4/1967,75
8/5/1967,75
8/6/1967,73
8/7/1967,68
8/8/1967,68
8/9/1967,66
8/10/1967,64
8/11/1967,64
8/12/1967,61
8/13/1967,59
8/14/1967,57
8/15/1967,56
8/16/1967,53
8/17/1967,50
8/18/1967,50
8/19/1967,47
8/20/1967,46
8/21/1967,46
8/22/1967,44
8/23/1967,46
8/24/1967,44
8/25/1967,44
8/26/1967,43
8/27/1967,43
8/28/1967,50
8/29/1967,47
8/30/1967,44
8/31/1967,42
9/1/1967,46
9/2/1967,50
9/3/1967,46
9/4/1967,42
9/5/1967,43
9/6/1967,44
9/7/1967,44
9/8/1967,39
9/9/1967,39
9/10/1967,39
9/11/1967,34
9/12/1967,34
9/13/1967,36
9/14/1967,32
9/15/1967,35
9/16/1967,29
9/17/1967,29
9/18/1967,29
9/19/1967,30
9/20/1967,39
9/21/1967,36
9/22/1967,35
9/23/1967,30
9/24/1967,30
9/25/1967,33
9/26/1967,34
9/27/1967,31
9/28/1967,31
9/29/1967,30
9/30/1967,30
10/1/1967,29
10/2/1967,32
10/3/1967,76
10/4/1967,155
10/5/1967,90
10/6/1967,71
10/7/1967,62
10/8/1967,57
10/9/1967,53
10/10/1967,49
10/11/1967,46
10/12/1967,42
10/13/1967,40
10/14/1967,40
10/15/1967,40
10/16/1967,39
10/17/1967,38
10/18/1967,36
10/19/1967,36
10/20/1967,36
10/21/1967,36
10/22/1967,38
10/23/1967,36
10/24/1967,38
10/25/1967,38
10/26/1967,36
10/27/1967,36
10/28/1967,36
10/29/1967,35
10/30/1967,35
10/31/1967,36
11/1/1967,36
11/2/1967,35
11/3/1967,35
11/4/1967,36
11/5/1967,38
11/6/1967,36
11/7/1967,36
11/8/1967,34
11/9/1967,35
11/10/1967,35
11/11/1967,34
11/12/1967,35
11/13/1967,36
11/14/1967,41
11/15/1967,61
11/16/1967,71
11/17/1967,54
11/18/1967,50
11/19/1967,145
11/20/1967,206
11/21/1967,110
11/22/1967,75
11/23/1967,62
11/24/1967,59
11/25/1967,56
11/26/1967,53
11/27/1967,53
11/28/1967,56
11/29/1967,62
11/30/1967,90
12/1/1967,136
12/2/1967,97
12/3/1967,82
12/4/1967,116
12/5/1967,385
12/6/1967,340
12/7/1967,204
12/8/1967,240
12/9/1967,171
12/10/1967,136
12/11/1967,120
12/12/1967,105
12/13/1967,90
12/14/1967,66
12/15/1967,53
12/16/1967,66
12/17/1967,86
12/18/1967,98
12/19/1967,113
12/20/1967,113
12/21/1967,100
12/22/1967,93
12/23/1967,88
12/24/1967,93
12/25/1967,93
12/26/1967,100
12/27/1967,113
12/28/1967,113
12/29/1967,113
12/30/1967,107
12/31/1967,100
1/1/1968,95
1/2/1968,93
1/3/1968,88
1/4/1968,79
1/5/1968,75
1/6/1968,77
1/7/1968,79
1/8/1968,84
1/9/1968,86
1/10/1968,133
1/11/1968,350
1/12/1968,208
1/13/1968,155
1/14/1968,139
1/15/1968,743
1/16/1968,788
1/17/1968,448
1/18/1968,306
1/19/1968,243
1/20/1968,212
1/21/1968,194
1/22/1968,177
1/23/1968,171
1/24/1968,168
1/25/1968,161
1/26/1968,155
1/27/1968,174
1/28/1968,184
1/29/1968,161
1/30/1968,1200
1/31/1968,1470
2/1/1968,620
2/2/1968,472
2/3/1968,557
2/4/1968,460
2/5/1968,390
2/6/1968,360
2/7/1968,340
2/8/1968,322
2/9/1968,318
2/10/1968,390
2/11/1968,345
2/12/1968,306
2/13/1968,286
2/14/1968,274
2/15/1968,262
2/16/1968,258
2/17/1968,556
2/18/1968,928
2/19/1968,804
2/20/1968,3290
2/21/1968,3150
2/22/1968,2120
2/23/1968,1660
2/24/1968,1510
2/25/1968,1140
2/26/1968,970
2/27/1968,833
2/28/1968,738
2/29/1968,676
3/1/1968,613
3/2/1968,557
3/3/1968,526
3/4/1968,502
3/5/1968,472
3/6/1968,448
3/7/1968,442
3/8/1968,897
3/9/1968,797
3/10/1968,606
3/11/1968,508
3/12/1968,466
3/13/1968,585
3/14/1968,950
3/15/1968,770
3/16/1968,887
3/17/1968,1330
3/18/1968,932
3/19/1968,746
3/20/1968,648
3/21/1968,606
3/22/1968,606
3/23/1968,592
3/24/1968,585
3/25/1968,592
3/26/1968,634
3/27/1968,627
3/28/1968,606
3/29/1968,627
3/30/1968,676
3/31/1968,690
4/1/1968,738
4/2/1968,860
4/3/1968,738
4/4/1968,669
4/5/1968,634
4/6/1968,599
4/7/1968,564
4/8/1968,538
4/9/1968,526
4/10/1968,514
4/11/1968,520
4/12/1968,514
4/13/1968,502
4/14/1968,478
4/15/1968,472
4/16/1968,448
4/17/1968,420
4/18/1968,390
4/19/1968,360
4/20/1968,350
4/21/1968,335
4/22/1968,318
4/23/1968,302
4/24/1968,294
4/25/1968,294
4/26/1968,286
4/27/1968,286
4/28/1968,282
4/29/1968,286
4/30/1968,290
5/1/1968,282
5/2/1968,278
5/3/1968,270
5/4/1968,262
5/5/1968,258
5/6/1968,243
5/7/1968,229
5/8/1968,215
5/9/1968,208
5/10/1968,198
5/11/1968,190
5/12/1968,187
5/13/1968,201
5/14/1968,294
5/15/1968,240
5/16/1968,215
5/17/1968,194
5/18/1968,177
5/19/1968,168
5/20/1968,168
5/21/1968,164
5/22/1968,164
5/23/1968,155
5/24/1968,146
5/25/1968,144
5/26/1968,141
5/27/1968,133
5/28/1968,126
5/29/1968,118
5/30/1968,113
5/31/1968,107
6/1/1968,102
6/2/1968,100
6/3/1968,95
6/4/1968,90
6/5/1968,88
6/6/1968,86
6/7/1968,95
6/8/1968,97
6/9/1968,95
6/10/1968,77
6/11/1968,73
6/12/1968,66
6/13/1968,66
6/14/1968,62
6/15/1968,54
6/16/1968,51
6/17/1968,51
6/18/1968,51
6/19/1968,46
6/20/1968,42
6/21/1968,42
6/22/1968,41
6/23/1968,39
6/24/1968,70
6/25/1968,68
6/26/1968,59
6/27/1968,44
6/28/1968,46
6/29/1968,39
6/30/1968,38
7/1/1968,39
7/2/1968,39
7/3/1968,40
7/4/1968,43
7/5/1968,44
7/6/1968,43
7/7/1968,42
7/8/1968,42
7/9/1968,46
7/10/1968,44
7/11/1968,50
7/12/1968,53
7/13/1968,51
7/14/1968,62
7/15/1968,77
7/16/1968,77
7/17/1968,77
7/18/1968,70
7/19/1968,54
7/20/1968,53
7/21/1968,51
7/22/1968,50
7/23/1968,51
7/24/1968,53
7/25/1968,53
7/26/1968,54
7/27/1968,54
7/28/1968,54
7/29/1968,53
7/30/1968,53
7/31/1968,53
8/1/1968,49
8/2/1968,50
8/3/1968,51
8/4/1968,47
8/5/1968,46
8/6/1968,44
8/7/1968,43
8/8/1968,40
8/9/1968,38
8/10/1968,39
8/11/1968,38
8/12/1968,42
8/13/1968,46
8/14/1968,46
8/15/1968,41
8/16/1968,40
8/17/1968,42
8/18/1968,44
8/19/1968,40
8/20/1968,54
8/21/1968,66
8/22/1968,44
8/23/1968,32
8/24/1968,27
8/25/1968,22
8/26/1968,19
8/27/1968,17
8/28/1968,16
8/29/1968,16
8/30/1968,16
8/31/1968,14
9/1/1968,14
9/2/1968,12
9/3/1968,12
9/4/1968,12
9/5/1968,12
9/6/1968,11
9/7/1968,10
9/8/1968,10
9/9/1968,10
9/10/1968,10
9/11/1968,9
9/12/1968,10
9/13/1968,11
9/14/1968,10
9/15/1968,10
9/16/1968,10
9/17/1968,10
9/18/1968,9
9/19/1968,9
9/20/1968,9
9/21/1968,8
9/22/1968,8
9/23/1968,7
9/24/1968,8
9/25/1968,8
9/26/1968,8
9/27/1968,8
9/28/1968,8
9/29/1968,8
9/30/1968,7
10/1/1968,8
10/2/1968,8
10/3/1968,8
10/4/1968,8
10/5/1968,8
10/6/1968,8
10/7/1968,9
10/8/1968,9
10/9/1968,9
10/10/1968,9
10/11/1968,10
10/12/1968,11
10/13/1968,12
10/14/1968,14
10/15/1968,26
10/16/1968,36
10/17/1968,26
10/18/1968,22
10/19/1968,19
10/20/1968,18
10/21/1968,17
10/22/1968,16
10/23/1968,16
10/24/1968,16
10/25/1968,16
10/26/1968,15
10/27/1968,14
10/28/1968,14
10/29/1968,15
10/30/1968,16
10/31/1968,19
11/1/1968,31
11/2/1968,31
11/3/1968,183
11/4/1968,456
11/5/1968,164
11/6/1968,93
11/7/1968,66
11/8/1968,50
11/9/1968,49
11/10/1968,43
11/11/1968,42
11/12/1968,53
11/13/1968,126
11/14/1968,102
11/15/1968,93
11/16/1968,105
11/17/1968,90
11/18/1968,82
11/19/1968,79
11/20/1968,102
11/21/1968,86
11/22/1968,73
11/23/1968,68
11/24/1968,66
11/25/1968,73
11/26/1968,88
11/27/1968,75
11/28/1968,68
11/29/1968,62
11/30/1968,62
12/1/1968,68
12/2/1968,86
12/3/1968,90
12/4/1968,71
12/5/1968,68
12/6/1968,62
12/7/1968,59
12/8/1968,64
12/9/1968,62
12/10/1968,84
12/11/1968,222
12/12/1968,240
12/13/1968,144
12/14/1968,285
12/15/1968,400
12/16/1968,697
12/17/1968,322
12/18/1968,226
12/19/1968,190
12/20/1968,180
12/21/1968,136
12/22/1968,110
12/23/1968,128
12/24/1968,184
12/25/1968,692
12/26/1968,903
12/27/1968,460
12/28/1968,355
12/29/1968,370
12/30/1968,298
12/31/1968,246
1/1/1969,218
1/2/1969,198
1/3/1969,184
1/4/1969,174
1/5/1969,171
1/6/1969,171
1/7/1969,174
1/8/1969,177
1/9/1969,177
1/10/1969,171
1/11/1969,222
1/12/1969,326
1/13/1969,3280
1/14/1969,4430
1/15/1969,1590
1/16/1969,1120
1/17/1969,754
1/18/1969,873
1/19/1969,7070
1/20/1969,13200
1/21/1969,18800
1/22/1969,10200
1/23/1969,4420
1/24/1969,3660
1/25/1969,7540
1/26/1969,11700
1/27/1969,5890
1/28/1969,4500
1/29/1969,3400
1/30/1969,2730
1/31/1969,2180
2/1/1969,1990
2/2/1969,1800
2/3/1969,1560
2/4/1969,1420
2/5/1969,2040
2/6/1969,3660
2/7/1969,2440
2/8/1969,1760
2/9/1969,1520
2/10/1969,1360
2/11/1969,1620
2/12/1969,3160
2/13/1969,2090
2/14/1969,1930
2/15/1969,3160
2/16/1969,3220
2/17/1969,2320
2/18/1969,2460
2/19/1969,2410
2/20/1969,2180
2/21/1969,1880
2/22/1969,1590
2/23/1969,2350
2/24/1969,2960
2/25/1969,3040
2/26/1969,2980
2/27/1969,2220
2/28/1969,2390
3/1/1969,3640
3/2/1969,2440
3/3/1969,2280
3/4/1969,1830
3/5/1969,1560
3/6/1969,1420
3/7/1969,1300
3/8/1969,1180
3/9/1969,1200
3/10/1969,1290
3/11/1969,1080
3/12/1969,1020
3/13/1969,1070
3/14/1969,941
3/15/1969,878
3/16/1969,860
3/17/1969,878
3/18/1969,896
3/19/1969,923
3/20/1969,970
3/21/1969,1480
3/22/1969,1150
3/23/1969,1090
3/24/1969,1100
3/25/1969,1130
3/26/1969,1180
3/27/1969,1240
3/28/1969,1400
3/29/1969,1560
3/30/1969,1800
3/31/1969,2090
4/1/1969,2150
4/2/1969,2140
4/3/1969,2120
4/4/1969,1800
4/5/1969,3600
4/6/1969,3470
4/7/1969,2570
4/8/1969,2140
4/9/1969,1900
4/10/1969,1740
4/11/1969,1730
4/12/1969,1830
4/13/1969,1940
4/14/1969,1910
4/15/1969,1790
4/16/1969,1650
4/17/1969,1590
4/18/1969,1670
4/19/1969,1720
4/20/1969,1730
4/21/1969,1820
4/22/1969,2020
4/23/1969,2280
4/24/1969,2220
4/25/1969,1800
4/26/1969,1600
4/27/1969,1480
4/28/1969,1450
4/29/1969,1530
4/30/1969,1590
5/1/1969,1630
5/2/1969,1600
5/3/1969,1510
5/4/1969,1420
5/5/1969,1350
5/6/1969,1410
5/7/1969,1510
5/8/1969,1630
5/9/1969,1770
5/10/1969,1820
5/11/1969,1800
5/12/1969,1740
5/13/1969,1650
5/14/1969,1580
5/15/1969,1440
5/16/1969,1330
5/17/1969,1290
5/18/1969,1300
5/19/1969,1270
5/20/1969,1160
5/21/1969,1070
5/22/1969,1030
5/23/1969,1030
5/24/1969,1020
5/25/1969,980
5/26/1969,923
5/27/1969,887
5/28/1969,851
5/29/1969,797
5/30/1969,779
5/31/1969,754
6/1/1969,746
6/2/1969,730
6/3/1969,698
6/4/1969,669
6/5/1969,627
6/6/1969,585
6/7/1969,544
6/8/1969,490
6/9/1969,448
6/10/1969,425
6/11/1969,390
6/12/1969,400
6/13/1969,370
6/14/1969,345
6/15/1969,335
6/16/1969,370
6/17/1969,390
6/18/1969,345
6/19/1969,330
6/20/1969,310
6/21/1969,298
6/22/1969,278
6/23/1969,258
6/24/1969,246
6/25/1969,216
6/26/1969,215
6/27/1969,204
6/28/1969,194
6/29/1969,180
6/30/1969,171
7/1/1969,164
7/2/1969,164
7/3/1969,155
7/4/1969,152
7/5/1969,141
7/6/1969,139
7/7/1969,136
7/8/1969,128
7/9/1969,126
7/10/1969,118
7/11/1969,115
7/12/1969,107
7/13/1969,102
7/14/1969,97
7/15/1969,93
7/16/1969,93
7/17/1969,86
7/18/1969,82
7/19/1969,73
7/20/1969,70
7/21/1969,68
7/22/1969,64
7/23/1969,62
7/24/1969,64
7/25/1969,62
7/26/1969,57
7/27/1969,56
7/28/1969,57
7/29/1969,54
7/30/1969,51
7/31/1969,50
8/1/1969,49
8/2/1969,46
8/3/1969,44
8/4/1969,43
8/5/1969,42
8/6/1969,41
8/7/1969,40
8/8/1969,39
8/9/1969,39
8/10/1969,38
8/11/1969,38
8/12/1969,36
8/13/1969,36
8/14/1969,34
8/15/1969,32
8/16/1969,31
8/17/1969,30
8/18/1969,31
8/19/1969,31
8/20/1969,31
8/21/1969,30
8/22/1969,30
8/23/1969,30
8/24/1969,30
8/25/1969,30
8/26/1969,29
8/27/1969,29
8/28/1969,32
8/29/1969,30
8/30/1969,28
8/31/1969,27
9/1/1969,27
9/2/1969,27
9/3/1969,26
9/4/1969,25
9/5/1969,27
9/6/1969,29
9/7/1969,29
9/8/1969,30
9/9/1969,33
9/10/1969,38
9/11/1969,32
9/12/1969,30
9/13/1969,29
9/14/1969,28
9/15/1969,26
9/16/1969,26
9/17/1969,26
9/18/1969,26
9/19/1969,25
9/20/1969,26
9/21/1969,26
9/22/1969,26
9/23/1969,26
9/24/1969,26
9/25/1969,24
9/26/1969,23
9/27/1969,23
9/28/1969,23
9/29/1969,23
9/30/1969,22
10/1/1969,22
10/2/1969,21
10/3/1969,21
10/4/1969,21
10/5/1969,21
10/6/1969,22
10/7/1969,23
10/8/1969,24
10/9/1969,27
10/10/1969,30
10/11/1969,31
10/12/1969,31
10/13/1969,33
10/14/1969,31
10/15/1969,34
10/16/1969,106
10/17/1969,243
10/18/1969,161
10/19/1969,107
10/20/1969,77
10/21/1969,66
10/22/1969,57
10/23/1969,51
10/24/1969,53
10/25/1969,51
10/26/1969,49
10/27/1969,50
10/28/1969,51
10/29/1969,47
10/30/1969,47
10/31/1969,46
11/1/1969,44
11/2/1969,43
11/3/1969,42
11/4/1969,41
11/5/1969,50
11/6/1969,255
11/7/1969,256
11/8/1969,139
11/9/1969,100
11/10/1969,82
11/11/1969,75
11/12/1969,68
11/13/1969,64
11/14/1969,62
11/15/1969,62
11/16/1969,64
11/17/1969,68
11/18/1969,77
11/19/1969,68
11/20/1969,61
11/21/1969,59
11/22/1969,57
11/23/1969,56
11/24/1969,54
11/25/1969,53
11/26/1969,51
11/27/1969,51
11/28/1969,51
11/29/1969,50
11/30/1969,50
12/1/1969,50
12/2/1969,51
12/3/1969,51
12/4/1969,50
12/5/1969,50
12/6/1969,49
12/7/1969,49
12/8/1969,53
12/9/1969,54
12/10/1969,71
12/11/1969,77
12/12/1969,95
12/13/1969,102
12/14/1969,97
12/15/1969,86
12/16/1969,75
12/17/1969,71
12/18/1969,68
12/19/1969,82
12/20/1969,411
12/21/1969,1440
12/22/1969,1500
12/23/1969,575
12/24/1969,2610
12/25/1969,1860
12/26/1969,1390
12/27/1969,779
12/28/1969,578
12/29/1969,472
12/30/1969,395
12/31/1969,340
1/1/1970,302
1/2/1970,274
1/3/1970,240
1/4/1970,222
1/5/1970,208
1/6/1970,190
1/7/1970,190
1/8/1970,198
1/9/1970,229
1/10/1970,902
1/11/1970,764
1/12/1970,641
1/13/1970,824
1/14/1970,5220
1/15/1970,3620
1/16/1970,8810
1/17/1970,9420
1/18/1970,5290
1/19/1970,3640
1/20/1970,3710
1/21/1970,11300
1/22/1970,11100
1/23/1970,5570
1/24/1970,6500
1/25/1970,4700
1/26/1970,3560
1/27/1970,4280
1/28/1970,3540
1/29/1970,2720
1/30/1970,2280
1/31/1970,1880
2/1/1970,1610
2/2/1970,1390
2/3/1970,1250
2/4/1970,1130
2/5/1970,1040
2/6/1970,1030
2/7/1970,950
2/8/1970,887
2/9/1970,842
2/10/1970,797
2/11/1970,779
2/12/1970,797
2/13/1970,1170
2/14/1970,1740
2/15/1970,1200
2/16/1970,1030
2/17/1970,3220
2/18/1970,1880
2/19/1970,1450
2/20/1970,1280
2/21/1970,1160
2/22/1970,1070
2/23/1970,980
2/24/1970,941
2/25/1970,878
2/26/1970,833
2/27/1970,806
2/28/1970,779
3/1/1970,3610
3/2/1970,2980
3/3/1970,1740
3/4/1970,1690
3/5/1970,1750
3/6/1970,1370
3/7/1970,1250
3/8/1970,2100
3/9/1970,1560
3/10/1970,1670
3/11/1970,1440
3/12/1970,1320
3/13/1970,1200
3/14/1970,1160
3/15/1970,1150
3/16/1970,1120
3/17/1970,1090
3/18/1970,1030
3/19/1970,960
3/20/1970,905
3/21/1970,860
3/22/1970,824
3/23/1970,806
3/24/1970,770
3/25/1970,752
3/26/1970,725
3/27/1970,680
3/28/1970,648
3/29/1970,648
3/30/1970,608
3/31/1970,576
4/1/1970,544
4/2/1970,518
4/3/1970,506
4/4/1970,488
4/5/1970,482
4/6/1970,470
4/7/1970,464
4/8/1970,454
4/9/1970,448
4/10/1970,442
4/11/1970,448
4/12/1970,432
4/13/1970,454
4/14/1970,632
4/15/1970,524
4/16/1970,470
4/17/1970,448
4/18/1970,437
4/19/1970,448
4/20/1970,470
4/21/1970,432
4/22/1970,415
4/23/1970,393
4/24/1970,376
4/25/1970,376
4/26/1970,388
4/27/1970,442
4/28/1970,426
4/29/1970,388
4/30/1970,388
5/1/1970,393
5/2/1970,404
5/3/1970,415
5/4/1970,432
5/5/1970,442
5/6/1970,448
5/7/1970,454
5/8/1970,432
5/9/1970,426
5/10/1970,426
5/11/1970,420
5/12/1970,404
5/13/1970,382
5/14/1970,371
5/15/1970,376
5/16/1970,393
5/17/1970,426
5/18/1970,442
5/19/1970,437
5/20/1970,415
5/21/1970,376
5/22/1970,355
5/23/1970,340
5/24/1970,330
5/25/1970,310
5/26/1970,301
5/27/1970,306
5/28/1970,288
5/29/1970,265
5/30/1970,245
5/31/1970,233
6/1/1970,222
6/2/1970,211
6/3/1970,211
6/4/1970,190
6/5/1970,172
6/6/1970,163
6/7/1970,155
6/8/1970,148
6/9/1970,224
6/10/1970,278
6/11/1970,200
6/12/1970,169
6/13/1970,158
6/14/1970,158
6/15/1970,155
6/16/1970,152
6/17/1970,131
6/18/1970,120
6/19/1970,120
6/20/1970,111
6/21/1970,102
6/22/1970,96
6/23/1970,89
6/24/1970,84
6/25/1970,83
6/26/1970,81
6/27/1970,86
6/28/1970,94
6/29/1970,88
6/30/1970,88
7/1/1970,80
7/2/1970,80
7/3/1970,80
7/4/1970,77
7/5/1970,71
7/6/1970,70
7/7/1970,65
7/8/1970,59
7/9/1970,58
7/10/1970,58
7/11/1970,57
7/12/1970,56
7/13/1970,54
7/14/1970,52
7/15/1970,50
7/16/1970,53
7/17/1970,74
7/18/1970,72
7/19/1970,71
7/20/1970,71
7/21/1970,68
7/22/1970,67
7/23/1970,68
7/24/1970,60
7/25/1970,59
7/26/1970,58
7/27/1970,58
7/28/1970,56
7/29/1970,54
7/30/1970,52
7/31/1970,48
8/1/1970,48
8/2/1970,46
8/3/1970,48
8/4/1970,46
8/5/1970,45
8/6/1970,46
8/7/1970,44
8/8/1970,43
8/9/1970,43
8/10/1970,57
8/11/1970,57
8/12/1970,57
8/13/1970,57
8/14/1970,56
8/15/1970,68
8/16/1970,71
8/17/1970,71
8/18/1970,72
8/19/1970,71
8/20/1970,70
8/21/1970,58
8/22/1970,56
8/23/1970,52
8/24/1970,53
8/25/1970,53
8/26/1970,50
8/27/1970,38
8/28/1970,34
8/29/1970,34
8/30/1970,33
8/31/1970,36
9/1/1970,41
9/2/1970,40
9/3/1970,41
9/4/1970,40
9/5/1970,41
9/6/1970,46
9/7/1970,49
9/8/1970,50
9/9/1970,53
9/10/1970,50
9/11/1970,48
9/12/1970,50
9/13/1970,49
9/14/1970,50
9/15/1970,50
9/16/1970,49
9/17/1970,50
9/18/1970,49
9/19/1970,49
9/20/1970,39
9/21/1970,30
9/22/1970,28
9/23/1970,26
9/24/1970,27
9/25/1970,23
9/26/1970,20
9/27/1970,20
9/28/1970,23
9/29/1970,24
9/30/1970,24
10/1/1970,23
10/2/1970,18
10/3/1970,18
10/4/1970,17
10/5/1970,16
10/6/1970,14
10/7/1970,14
10/8/1970,14
10/9/1970,14
10/10/1970,15
10/11/1970,15
10/12/1970,16
10/13/1970,17
10/14/1970,16
10/15/1970,16
10/16/1970,17
10/17/1970,18
10/18/1970,18
10/19/1970,18
10/20/1970,20
10/21/1970,23
10/22/1970,35
10/23/1970,43
10/24/1970,62
10/25/1970,62
10/26/1970,57
10/27/1970,45
10/28/1970,40
10/29/1970,35
10/30/1970,34
10/31/1970,33
11/1/1970,35
11/2/1970,35
11/3/1970,34
11/4/1970,39
11/5/1970,60
11/6/1970,148
11/7/1970,155
11/8/1970,135
11/9/1970,88
11/10/1970,75
11/11/1970,74
11/12/1970,75
11/13/1970,102
11/14/1970,91
11/15/1970,74
11/16/1970,68
11/17/1970,60
11/18/1970,57
11/19/1970,56
11/20/1970,53
11/21/1970,52
11/22/1970,52
11/23/1970,51
11/24/1970,52
11/25/1970,184
11/26/1970,1080
11/27/1970,420
11/28/1970,923
11/29/1970,2920
11/30/1970,1360
12/1/1970,2350
12/2/1970,3370
12/3/1970,1470
12/4/1970,4960
12/5/1970,2140
12/6/1970,1040
12/7/1970,716
12/8/1970,646
12/9/1970,980
12/10/1970,740
12/11/1970,584
12/12/1970,512
12/13/1970,446
12/14/1970,395
12/15/1970,360
12/16/1970,1080
12/17/1970,1720
12/18/1970,1010
12/19/1970,716
12/20/1970,590
12/21/1970,944
12/22/1970,848
12/23/1970,604
12/24/1970,524
12/25/1970,452
12/26/1970,428
12/27/1970,611
12/28/1970,902
12/29/1970,970
12/30/1970,884
12/31/1970,692
1/1/1971,597
1/2/1971,708
1/3/1971,548
1/4/1971,452
1/5/1971,428
1/6/1971,400
1/7/1971,375
1/8/1971,351
1/9/1971,338
1/10/1971,324
1/11/1971,345
1/12/1971,778
1/13/1971,1380
1/14/1971,1110
1/15/1971,866
1/16/1971,708
1/17/1971,812
1/18/1971,970
1/19/1971,950
1/20/1971,960
1/21/1971,911
1/22/1971,830
1/23/1971,749
1/24/1971,676
1/25/1971,618
1/26/1971,572
1/27/1971,560
1/28/1971,554
1/29/1971,554
1/30/1971,554
1/31/1971,560
2/1/1971,566
2/2/1971,572
2/3/1971,560
2/4/1971,524
2/5/1971,500
2/6/1971,476
2/7/1971,458
2/8/1971,434
2/9/1971,416
2/10/1971,405
2/11/1971,422
2/12/1971,476
2/13/1971,542
2/14/1971,584
2/15/1971,611
2/16/1971,618
2/17/1971,604
2/18/1971,560
2/19/1971,584
2/20/1971,530
2/21/1971,464
2/22/1971,434
2/23/1971,416
2/24/1971,385
2/25/1971,360
2/26/1971,338
2/27/1971,324
2/28/1971,328
3/1/1971,324
3/2/1971,299
3/3/1971,295
3/4/1971,291
3/5/1971,287
3/6/1971,275
3/7/1971,263
3/8/1971,259
3/9/1971,255
3/10/1971,247
3/11/1971,259
3/12/1971,643
3/13/1971,704
3/14/1971,536
3/15/1971,482
3/16/1971,458
3/17/1971,452
3/18/1971,452
3/19/1971,446
3/20/1971,446
3/21/1971,458
3/22/1971,482
3/23/1971,590
3/24/1971,724
3/25/1971,812
3/26/1971,5480
3/27/1971,4490
3/28/1971,2860
3/29/1971,2040
3/30/1971,1870
3/31/1971,1650
4/1/1971,1450
4/2/1971,1330
4/3/1971,1210
4/4/1971,1150
4/5/1971,1130
4/6/1971,1140
4/7/1971,1190
4/8/1971,1070
4/9/1971,980
4/10/1971,1030
4/11/1971,1030
4/12/1971,950
4/13/1971,970
4/14/1971,950
4/15/1971,950
4/16/1971,960
4/17/1971,1010
4/18/1971,940
4/19/1971,830
4/20/1971,776
4/21/1971,767
4/22/1971,700
4/23/1971,653
4/24/1971,632
4/25/1971,632
4/26/1971,611
4/27/1971,584
4/28/1971,566
4/29/1971,566
4/30/1971,578
5/1/1971,625
5/2/1971,668
5/3/1971,716
5/4/1971,794
5/5/1971,758
5/6/1971,708
5/7/1971,684
5/8/1971,785
5/9/1971,776
5/10/1971,758
5/11/1971,812
5/12/1971,893
5/13/1971,893
5/14/1971,893
5/15/1971,884
5/16/1971,857
5/17/1971,785
5/18/1971,716
5/19/1971,653
5/20/1971,625
5/21/1971,611
5/22/1971,572
5/23/1971,542
5/24/1971,536
5/25/1971,542
5/26/1971,560
5/27/1971,560
5/28/1971,566
5/29/1971,524
5/30/1971,500
5/31/1971,500
6/1/1971,488
6/2/1971,426
6/3/1971,390
6/4/1971,370
6/5/1971,356
6/6/1971,351
6/7/1971,370
6/8/1971,390
6/9/1971,395
6/10/1971,380
6/11/1971,365
6/12/1971,346
6/13/1971,333
6/14/1971,328
6/15/1971,308
6/16/1971,287
6/17/1971,267
6/18/1971,247
6/19/1971,232
6/20/1971,214
6/21/1971,197
6/22/1971,185
6/23/1971,173
6/24/1971,162
6/25/1971,152
6/26/1971,150
6/27/1971,295
6/28/1971,251
6/29/1971,182
6/30/1971,160
7/1/1971,148
7/2/1971,152
7/3/1971,143
7/4/1971,137
7/5/1971,128
7/6/1971,124
7/7/1971,118
7/8/1971,109
7/9/1971,105
7/10/1971,99
7/11/1971,90
7/12/1971,88
7/13/1971,86
7/14/1971,77
7/15/1971,77
7/16/1971,68
7/17/1971,66
7/18/1971,61
7/19/1971,61
7/20/1971,62
7/21/1971,60
7/22/1971,56
7/23/1971,50
7/24/1971,49
7/25/1971,48
7/26/1971,48
7/27/1971,45
7/28/1971,43
7/29/1971,43
7/30/1971,41
7/31/1971,38
8/1/1971,36
8/2/1971,35
8/3/1971,34
8/4/1971,32
8/5/1971,31
8/6/1971,30
8/7/1971,29
8/8/1971,28
8/9/1971,28
8/10/1971,32
8/11/1971,24
8/12/1971,27
8/13/1971,25
8/14/1971,24
8/15/1971,23
8/16/1971,24
8/17/1971,21
8/18/1971,21
8/19/1971,21
8/20/1971,20
8/21/1971,20
8/22/1971,20
8/23/1971,20
8/24/1971,20
8/25/1971,20
8/26/1971,20
8/27/1971,19
8/28/1971,19
8/29/1971,18
8/30/1971,18
8/31/1971,18
9/1/1971,18
9/2/1971,19
9/3/1971,18
9/4/1971,18
9/5/1971,18
9/6/1971,18
9/7/1971,18
9/8/1971,16
9/9/1971,17
9/10/1971,16
9/11/1971,16
9/12/1971,16
9/13/1971,16
9/14/1971,16
9/15/1971,15
9/16/1971,15
9/17/1971,14
9/18/1971,14
9/19/1971,14
9/20/1971,14
9/21/1971,15
9/22/1971,14
9/23/1971,15
9/24/1971,15
9/25/1971,16
9/26/1971,17
9/27/1971,17
9/28/1971,18
9/29/1971,20
9/30/1971,22
10/1/1971,27
10/2/1971,48
10/3/1971,36
10/4/1971,32
10/5/1971,29
10/6/1971,27
10/7/1971,25
10/8/1971,25
10/9/1971,24
10/10/1971,24
10/11/1971,22
10/12/1971,21
10/13/1971,21
10/14/1971,21
10/15/1971,22
10/16/1971,23
10/17/1971,25
10/18/1971,33
10/19/1971,36
10/20/1971,33
10/21/1971,33
10/22/1971,32
10/23/1971,32
10/24/1971,34
10/25/1971,33
10/26/1971,32
10/27/1971,32
10/28/1971,31
10/29/1971,29
10/30/1971,28
10/31/1971,31
11/1/1971,30
11/2/1971,32
11/3/1971,32
11/4/1971,32
11/5/1971,30
11/6/1971,27
11/7/1971,27
11/8/1971,27
11/9/1971,27
11/10/1971,28
11/11/1971,28
11/12/1971,137
11/13/1971,232
11/14/1971,132
11/15/1971,103
11/16/1971,73
11/17/1971,58
11/18/1971,49
11/19/1971,45
11/20/1971,45
11/21/1971,44
11/22/1971,43
11/23/1971,42
11/24/1971,43
11/25/1971,43
11/26/1971,44
11/27/1971,47
11/28/1971,77
11/29/1971,120
11/30/1971,152
12/1/1971,109
12/2/1971,84
12/3/1971,95
12/4/1971,97
12/5/1971,80
12/6/1971,73
12/7/1971,109
12/8/1971,107
12/9/1971,80
12/10/1971,97
12/11/1971,122
12/12/1971,107
12/13/1971,118
12/14/1971,103
12/15/1971,90
12/16/1971,90
12/17/1971,77
12/18/1971,75
12/19/1971,73
12/20/1971,71
12/21/1971,68
12/22/1971,256
12/23/1971,1490
12/24/1971,707
12/25/1971,3050
12/26/1971,1460
12/27/1971,838
12/28/1971,693
12/29/1971,452
12/30/1971,351
12/31/1971,291
1/1/1972,259
1/2/1972,239
1/3/1972,235
1/4/1972,214
1/5/1972,185
1/6/1972,191
1/7/1972,185
1/8/1972,173
1/9/1972,162
1/10/1972,158
1/11/1972,155
1/12/1972,152
1/13/1972,150
1/14/1972,148
1/15/1972,145
1/16/1972,145
1/17/1972,148
1/18/1972,150
1/19/1972,150
1/20/1972,162
1/21/1972,182
1/22/1972,191
1/23/1972,255
1/24/1972,395
1/25/1972,315
1/26/1972,299
1/27/1972,381
1/28/1972,351
1/29/1972,320
1/30/1972,291
1/31/1972,267
2/1/1972,259
2/2/1972,239
2/3/1972,221
2/4/1972,221
2/5/1972,587
2/6/1972,1810
2/7/1972,821
2/8/1972,584
2/9/1972,482
2/10/1972,410
2/11/1972,360
2/12/1972,328
2/13/1972,311
2/14/1972,303
2/15/1972,303
2/16/1972,295
2/17/1972,287
2/18/1972,283
2/19/1972,283
2/20/1972,291
2/21/1972,311
2/22/1972,482
2/23/1972,632
2/24/1972,542
2/25/1972,792
2/26/1972,767
2/27/1972,639
2/28/1972,604
2/29/1972,830
3/1/1972,893
3/2/1972,785
3/3/1972,794
3/4/1972,866
3/5/1972,857
3/6/1972,812
3/7/1972,803
3/8/1972,785
3/9/1972,803
3/10/1972,839
3/11/1972,857
3/12/1972,794
3/13/1972,724
3/14/1972,692
3/15/1972,646
3/16/1972,618
3/17/1972,618
3/18/1972,611
3/19/1972,572
3/20/1972,548
3/21/1972,566
3/22/1972,639
3/23/1972,716
3/24/1972,590
3/25/1972,578
3/26/1972,653
3/27/1972,590
3/28/1972,536
3/29/1972,488
3/30/1972,458
3/31/1972,428
4/1/1972,416
4/2/1972,400
4/3/1972,395
4/4/1972,400
4/5/1972,428
4/6/1972,724
4/7/1972,749
4/8/1972,625
4/9/1972,572
4/10/1972,530
4/11/1972,542
4/12/1972,725
4/13/1972,1250
4/14/1972,848
4/15/1972,716
4/16/1972,668
4/17/1972,676
4/18/1972,692
4/19/1972,653
4/20/1972,611
4/21/1972,584
4/22/1972,578
4/23/1972,578
4/24/1972,625
4/25/1972,653
4/26/1972,578
4/27/1972,566
4/28/1972,566
4/29/1972,554
4/30/1972,542
5/1/1972,524
5/2/1972,518
5/3/1972,518
5/4/1972,506
5/5/1972,506
5/6/1972,500
5/7/1972,488
5/8/1972,452
5/9/1972,422
5/10/1972,405
5/11/1972,385
5/12/1972,360
5/13/1972,356
5/14/1972,351
5/15/1972,346
5/16/1972,333
5/17/1972,324
5/18/1972,303
5/19/1972,287
5/20/1972,287
5/21/1972,283
5/22/1972,263
5/23/1972,235
5/24/1972,218
5/25/1972,207
5/26/1972,200
5/27/1972,197
5/28/1972,200
5/29/1972,194
5/30/1972,185
5/31/1972,176
6/1/1972,168
6/2/1972,158
6/3/1972,148
6/4/1972,141
6/5/1972,132
6/6/1972,126
6/7/1972,120
6/8/1972,120
6/9/1972,122
6/10/1972,128
6/11/1972,126
6/12/1972,118
6/13/1972,105
6/14/1972,92
6/15/1972,86
6/16/1972,78
6/17/1972,73
6/18/1972,69
6/19/1972,64
6/20/1972,60
6/21/1972,56
6/22/1972,55
6/23/1972,52
6/24/1972,52
6/25/1972,52
6/26/1972,50
6/27/1972,49
6/28/1972,48
6/29/1972,61
6/30/1972,52
7/1/1972,58
7/2/1972,56
7/3/1972,62
7/4/1972,61
7/5/1972,60
7/6/1972,64
7/7/1972,61
7/8/1972,60
7/9/1972,60
7/10/1972,58
7/11/1972,56
7/12/1972,56
7/13/1972,54
7/14/1972,50
7/15/1972,48
7/16/1972,56
7/17/1972,66
7/18/1972,68
7/19/1972,66
7/20/1972,68
7/21/1972,68
7/22/1972,64
7/23/1972,58
7/24/1972,50
7/25/1972,46
7/26/1972,45
7/27/1972,42
7/28/1972,40
7/29/1972,46
7/30/1972,66
7/31/1972,73
8/1/1972,73
8/2/1972,68
8/3/1972,55
8/4/1972,52
8/5/1972,52
8/6/1972,50
8/7/1972,49
8/8/1972,50
8/9/1972,50
8/10/1972,50
8/11/1972,50
8/12/1972,49
8/13/1972,50
8/14/1972,60
8/15/1972,58
8/16/1972,60
8/17/1972,61
8/18/1972,61
8/19/1972,55
8/20/1972,54
8/21/1972,48
8/22/1972,46
8/23/1972,45
8/24/1972,45
8/25/1972,46
8/26/1972,46
8/27/1972,46
8/28/1972,45
8/29/1972,45
8/30/1972,45
8/31/1972,45
9/1/1972,42
9/2/1972,20
9/3/1972,12
9/4/1972,9
9/5/1972,8
9/6/1972,7
9/7/1972,6
9/8/1972,7
9/9/1972,7
9/10/1972,7
9/11/1972,7
9/12/1972,7
9/13/1972,7
9/14/1972,6
9/15/1972,6
9/16/1972,7
9/17/1972,7
9/18/1972,7
9/19/1972,7
9/20/1972,8
9/21/1972,8
9/22/1972,8
9/23/1972,8
9/24/1972,8
9/25/1972,7
9/26/1972,11
9/27/1972,35
9/28/1972,75
9/29/1972,73
9/30/1972,44
10/1/1972,33
10/2/1972,25
10/3/1972,24
10/4/1972,23
10/5/1972,23
10/6/1972,21
10/7/1972,19
10/8/1972,17
10/9/1972,17
10/10/1972,22
10/11/1972,23
10/12/1972,34
10/13/1972,34
10/14/1972,32
10/15/1972,31
10/16/1972,32
10/17/1972,42
10/18/1972,44
10/19/1972,46
10/20/1972,52
10/21/1972,41
10/22/1972,39
10/23/1972,36
10/24/1972,34
10/25/1972,33
10/26/1972,30
10/27/1972,28
10/28/1972,27
10/29/1972,26
10/30/1972,24
10/31/1972,24
11/1/1972,24
11/2/1972,24
11/3/1972,27
11/4/1972,68
11/5/1972,158
11/6/1972,114
11/7/1972,73
11/8/1972,64
11/9/1972,80
11/10/1972,73
11/11/1972,134
11/12/1972,141
11/13/1972,109
11/14/1972,116
11/15/1972,307
11/16/1972,437
11/17/1972,275
11/18/1972,160
11/19/1972,124
11/20/1972,109
11/21/1972,97
11/22/1972,86
11/23/1972,75
11/24/1972,71
11/25/1972,68
11/26/1972,62
11/27/1972,60
11/28/1972,58
11/29/1972,58
11/30/1972,56
12/1/1972,55
12/2/1972,55
12/3/1972,54
12/4/1972,58
12/5/1972,92
12/6/1972,92
12/7/1972,90
12/8/1972,101
12/9/1972,88
12/10/1972,66
12/11/1972,66
12/12/1972,73
12/13/1972,69
12/14/1972,62
12/15/1972,68
12/16/1972,68
12/17/1972,154
12/18/1972,839
12/19/1972,848
12/20/1972,668
12/21/1972,446
12/22/1972,536
12/23/1972,684
12/24/1972,566
12/25/1972,428
12/26/1972,338
12/27/1972,299
12/28/1972,311
12/29/1972,271
12/30/1972,224
12/31/1972,214
1/1/1973,194
1/2/1973,185
1/3/1973,182
1/4/1973,176
1/5/1973,139
1/6/1973,134
1/7/1973,139
1/8/1973,160
1/9/1973,1200
1/10/1973,1620
1/11/1973,3070
1/12/1973,9390
1/13/1973,3600
1/14/1973,1850
1/15/1973,1430
1/16/1973,8020
1/17/1973,4880
1/18/1973,4560
1/19/1973,3280
1/20/1973,1910
1/21/1973,1570
1/22/1973,1250
1/23/1973,1030
1/24/1973,875
1/25/1973,1000
1/26/1973,960
1/27/1973,767
1/28/1973,692
1/29/1973,660
1/30/1973,1760
1/31/1973,1380
2/1/1973,1090
2/2/1973,902
2/3/1973,857
2/4/1973,1120
2/5/1973,1020
2/6/1973,1090
2/7/1973,2320
2/8/1973,2030
2/9/1973,1520
2/10/1973,3690
2/11/1973,4480
2/12/1973,3960
2/13/1973,2710
2/14/1973,2690
2/15/1973,2250
2/16/1973,1700
2/17/1973,1440
2/18/1973,1250
2/19/1973,1120
2/20/1973,1010
2/21/1973,920
2/22/1973,857
2/23/1973,794
2/24/1973,785
2/25/1973,830
2/26/1973,987
2/27/1973,2250
2/28/1973,3790
3/1/1973,2040
3/2/1973,1680
3/3/1973,1690
3/4/1973,2320
3/5/1973,1690
3/6/1973,1740
3/7/1973,1620
3/8/1973,1740
3/9/1973,1400
3/10/1973,1280
3/11/1973,1870
3/12/1973,1540
3/13/1973,1390
3/14/1973,1270
3/15/1973,1100
3/16/1973,1070
3/17/1973,1020
3/18/1973,990
3/19/1973,950
3/20/1973,1780
3/21/1973,1640
3/22/1973,1780
3/23/1973,1280
3/24/1973,1120
3/25/1973,1040
3/26/1973,1000
3/27/1973,1020
3/28/1973,1020
3/29/1973,940
3/30/1973,902
3/31/1973,1080
4/1/1973,990
4/2/1973,884
4/3/1973,812
4/4/1973,776
4/5/1973,758
4/6/1973,767
4/7/1973,812
4/8/1973,830
4/9/1973,884
4/10/1973,950
4/11/1973,1000
4/12/1973,1030
4/13/1973,1130
4/14/1973,1190
4/15/1973,1030
4/16/1973,990
4/17/1973,1010
4/18/1973,1100
4/19/1973,990
4/20/1973,911
4/21/1973,857
4/22/1973,830
4/23/1973,839
4/24/1973,911
4/25/1973,980
4/26/1973,990
4/27/1973,1140
4/28/1973,1210
4/29/1973,1190
4/30/1973,1080
5/1/1973,960
5/2/1973,884
5/3/1973,884
5/4/1973,884
5/5/1973,875
5/6/1973,749
5/7/1973,692
5/8/1973,692
5/9/1973,732
5/10/1973,740
5/11/1973,785
5/12/1973,848
5/13/1973,884
5/14/1973,866
5/15/1973,902
5/16/1973,884
5/17/1973,950
5/18/1973,884
5/19/1973,884
5/20/1973,740
5/21/1973,692
5/22/1973,618
5/23/1973,548
5/24/1973,530
5/25/1973,524
5/26/1973,488
5/27/1973,422
5/28/1973,400
5/29/1973,395
5/30/1973,390
5/31/1973,370
6/1/1973,390
6/2/1973,380
6/3/1973,315
6/4/1973,291
6/5/1973,259
6/6/1973,243
6/7/1973,224
6/8/1973,210
6/9/1973,194
6/10/1973,179
6/11/1973,170
6/12/1973,160
6/13/1973,150
6/14/1973,143
6/15/1973,139
6/16/1973,130
6/17/1973,124
6/18/1973,122
6/19/1973,114
6/20/1973,107
6/21/1973,101
6/22/1973,92
6/23/1973,88
6/24/1973,88
6/25/1973,88
6/26/1973,82
6/27/1973,77
6/28/1973,73
6/29/1973,71
6/30/1973,69
7/1/1973,64
7/2/1973,64
7/3/1973,66
7/4/1973,64
7/5/1973,62
7/6/1973,60
7/7/1973,58
7/8/1973,56
7/9/1973,55
7/10/1973,52
7/11/1973,52
7/12/1973,50
7/13/1973,48
7/14/1973,45
7/15/1973,45
7/16/1973,48
7/17/1973,46
7/18/1973,45
7/19/1973,42
7/20/1973,42
7/21/1973,54
7/22/1973,60
7/23/1973,61
7/24/1973,58
7/25/1973,56
7/26/1973,56
7/27/1973,62
7/28/1973,60
7/29/1973,64
7/30/1973,71
7/31/1973,69
8/1/1973,68
8/2/1973,68
8/3/1973,66
8/4/1973,58
8/5/1973,58
8/6/1973,61
8/7/1973,61
8/8/1973,64
8/9/1973,60
8/10/1973,60
8/11/1973,58
8/12/1973,56
8/13/1973,49
8/14/1973,48
8/15/1973,48
8/16/1973,44
8/17/1973,44
8/18/1973,44
8/19/1973,45
8/20/1973,48
8/21/1973,46
8/22/1973,46
8/23/1973,48
8/24/1973,48
8/25/1973,39
8/26/1973,33
8/27/1973,34
8/28/1973,36
8/29/1973,40
8/30/1973,39
8/31/1973,37
9/1/1973,34
9/2/1973,33
9/3/1973,29
9/4/1973,26
9/5/1973,26
9/6/1973,25
9/7/1973,25
9/8/1973,24
9/9/1973,24
9/10/1973,24
9/11/1973,24
9/12/1973,24
9/13/1973,25
9/14/1973,25
9/15/1973,25
9/16/1973,24
9/17/1973,25
9/18/1973,26
9/19/1973,25
9/20/1973,28
9/21/1973,30
9/22/1973,35
9/23/1973,41
9/24/1973,41
9/25/1973,44
9/26/1973,42
9/27/1973,39
9/28/1973,35
9/29/1973,34
9/30/1973,32
10/1/1973,29
10/2/1973,27
10/3/1973,26
10/4/1973,27
10/5/1973,26
10/6/1973,26
10/7/1973,29
10/8/1973,44
10/9/1973,95
10/10/1973,77
10/11/1973,54
10/12/1973,42
10/13/1973,37
10/14/1973,36
10/15/1973,36
10/16/1973,35
10/17/1973,33
10/18/1973,32
10/19/1973,31
10/20/1973,30
10/21/1973,31
10/22/1973,35
10/23/1973,62
10/24/1973,178
10/25/1973,114
10/26/1973,75
10/27/1973,61
10/28/1973,55
10/29/1973,54
10/30/1973,50
10/31/1973,46
11/1/1973,46
11/2/1973,46
11/3/1973,45
11/4/1973,44
11/5/1973,46
11/6/1973,82
11/7/1973,148
11/8/1973,210
11/9/1973,148
11/10/1973,124
11/11/1973,427
11/12/1973,1800
11/13/1973,980
11/14/1973,848
11/15/1973,482
11/16/1973,464
11/17/1973,723
11/18/1973,1450
11/19/1973,857
11/20/1973,604
11/21/1973,536
11/22/1973,434
11/23/1973,360
11/24/1973,333
11/25/1973,324
11/26/1973,307
11/27/1973,283
11/28/1973,247
11/29/1973,235
11/30/1973,257
12/1/1973,2920
12/2/1973,1300
12/3/1973,740
12/4/1973,578
12/5/1973,488
12/6/1973,422
12/7/1973,375
12/8/1973,346
12/9/1973,324
12/10/1973,307
12/11/1973,333
12/12/1973,375
12/13/1973,838
12/14/1973,803
12/15/1973,536
12/16/1973,440
12/17/1973,452
12/18/1973,604
12/19/1973,500
12/20/1973,446
12/21/1973,629
12/22/1973,1380
12/23/1973,875
12/24/1973,700
12/25/1973,578
12/26/1973,662
12/27/1973,2610
12/28/1973,3490
12/29/1973,3800
12/30/1973,3320
12/31/1973,2110
1/1/1974,2000
1/2/1974,1440
1/3/1974,1180
1/4/1974,1110
1/5/1974,1250
1/6/1974,2040
1/7/1974,2030
1/8/1974,1450
1/9/1974,1110
1/10/1974,940
1/11/1974,839
1/12/1974,940
1/13/1974,1060
1/14/1974,1050
1/15/1974,2160
1/16/1974,1780
1/17/1974,4770
1/18/1974,3530
1/19/1974,3840
1/20/1974,3490
1/21/1974,2730
1/22/1974,2160
1/23/1974,1840
1/24/1974,1590
1/25/1974,1420
1/26/1974,1270
1/27/1974,1140
1/28/1974,1050
1/29/1974,960
1/30/1974,893
1/31/1974,839
2/1/1974,866
2/2/1974,758
2/3/1974,700
2/4/1974,676
2/5/1974,646
2/6/1974,604
2/7/1974,572
2/8/1974,554
2/9/1974,530
2/10/1974,512
2/11/1974,494
2/12/1974,488
2/13/1974,566
2/14/1974,506
2/15/1974,476
2/16/1974,494
2/17/1974,542
2/18/1974,470
2/19/1974,731
2/20/1974,830
2/21/1974,653
2/22/1974,857
2/23/1974,700
2/24/1974,625
2/25/1974,584
2/26/1974,572
2/27/1974,660
2/28/1974,625
3/1/1974,1920
3/2/1974,6530
3/3/1974,4220
3/4/1974,2860
3/5/1974,2250
3/6/1974,2000
3/7/1974,1950
3/8/1974,2640
3/9/1974,2010
3/10/1974,1780
3/11/1974,1730
3/12/1974,2140
3/13/1974,1950
3/14/1974,1810
3/15/1974,1740
3/16/1974,1700
3/17/1974,1700
3/18/1974,1650
3/19/1974,1560
3/20/1974,1460
3/21/1974,1380
3/22/1974,1310
3/23/1974,1260
3/24/1974,1210
3/25/1974,1190
3/26/1974,1240
3/27/1974,1400
3/28/1974,2030
3/29/1974,2040
3/30/1974,3300
3/31/1974,3660
4/1/1974,4730
4/2/1974,5340
4/3/1974,3600
4/4/1974,2820
4/5/1974,2360
4/6/1974,2060
4/7/1974,1870
4/8/1974,1700
4/9/1974,1770
4/10/1974,1660
4/11/1974,1520
4/12/1974,1440
4/13/1974,1360
4/14/1974,1310
4/15/1974,1280
4/16/1974,1270
4/17/1974,1250
4/18/1974,1270
4/19/1974,1230
4/20/1974,1130
4/21/1974,1070
4/22/1974,1050
4/23/1974,1100
4/24/1974,1420
4/25/1974,1340
4/26/1974,1180
4/27/1974,1070
4/28/1974,1030
4/29/1974,990
4/30/1974,1000
5/1/1974,1060
5/2/1974,1140
5/3/1974,1160
5/4/1974,1130
5/5/1974,1120
5/6/1974,1130
5/7/1974,1140
5/8/1974,1180
5/9/1974,1160
5/10/1974,997
5/11/1974,973
5/12/1974,951
5/13/1974,900
5/14/1974,833
5/15/1974,792
5/16/1974,747
5/17/1974,695
5/18/1974,640
5/19/1974,594
5/20/1974,544
5/21/1974,507
5/22/1974,491
5/23/1974,483
5/24/1974,492
5/25/1974,506
5/26/1974,522
5/27/1974,565
5/28/1974,578
5/29/1974,559
5/30/1974,505
5/31/1974,463
6/1/1974,443
6/2/1974,437
6/3/1974,416
6/4/1974,391
6/5/1974,362
6/6/1974,343
6/7/1974,329
6/8/1974,301
6/9/1974,275
6/10/1974,256
6/11/1974,239
6/12/1974,227
6/13/1974,216
6/14/1974,202
6/15/1974,192
6/16/1974,181
6/17/1974,176
6/18/1974,169
6/19/1974,187
6/20/1974,193
6/21/1974,174
6/22/1974,158
6/23/1974,144
6/24/1974,137
6/25/1974,126
6/26/1974,120
6/27/1974,114
6/28/1974,109
6/29/1974,102
6/30/1974,97
7/1/1974,94
7/2/1974,89
7/3/1974,91
7/4/1974,94
7/5/1974,89
7/6/1974,86
7/7/1974,83
7/8/1974,92
7/9/1974,321
7/10/1974,738
7/11/1974,297
7/12/1974,207
7/13/1974,171
7/14/1974,152
7/15/1974,136
7/16/1974,125
7/17/1974,119
7/18/1974,111
7/19/1974,104
7/20/1974,98
7/21/1974,91
7/22/1974,88
7/23/1974,86
7/24/1974,83
7/25/1974,81
7/26/1974,82
7/27/1974,84
7/28/1974,78
7/29/1974,75
7/30/1974,71
7/31/1974,67
8/1/1974,61
8/2/1974,64
8/3/1974,60
8/4/1974,58
8/5/1974,55
8/6/1974,56
8/7/1974,54
8/8/1974,51
8/9/1974,50
8/10/1974,48
8/11/1974,47
8/12/1974,47
8/13/1974,47
8/14/1974,45
8/15/1974,44
8/16/1974,43
8/17/1974,41
8/18/1974,41
8/19/1974,43
8/20/1974,41
8/21/1974,45
8/22/1974,59
8/23/1974,59
8/24/1974,57
8/25/1974,56
8/26/1974,55
8/27/1974,54
8/28/1974,52
8/29/1974,52
8/30/1974,54
8/31/1974,54
9/1/1974,50
9/2/1974,51
9/3/1974,50
9/4/1974,49
9/5/1974,40
9/6/1974,28
9/7/1974,25
9/8/1974,25
9/9/1974,24
9/10/1974,24
9/11/1974,24
9/12/1974,24
9/13/1974,22
9/14/1974,22
9/15/1974,23
9/16/1974,23
9/17/1974,23
9/18/1974,21
9/19/1974,22
9/20/1974,22
9/21/1974,23
9/22/1974,22
9/23/1974,22
9/24/1974,22
9/25/1974,21
9/26/1974,21
9/27/1974,21
9/28/1974,21
9/29/1974,21
9/30/1974,22
10/1/1974,22
10/2/1974,22
10/3/1974,25
10/4/1974,24
10/5/1974,24
10/6/1974,25
10/7/1974,27
10/8/1974,28
10/9/1974,28
10/10/1974,29
10/11/1974,34
10/12/1974,34
10/13/1974,32
10/14/1974,28
10/15/1974,27
10/16/1974,27
10/17/1974,27
10/18/1974,26
10/19/1974,26
10/20/1974,26
10/21/1974,26
10/22/1974,26
10/23/1974,27
10/24/1974,29
10/25/1974,30
10/26/1974,33
10/27/1974,33
10/28/1974,53
10/29/1974,155
10/30/1974,122
10/31/1974,80
11/1/1974,77
11/2/1974,82
11/3/1974,64
11/4/1974,50
11/5/1974,44
11/6/1974,46
11/7/1974,46
11/8/1974,54
11/9/1974,77
11/10/1974,61
11/11/1974,51
11/12/1974,47
11/13/1974,44
11/14/1974,43
11/15/1974,43
11/16/1974,43
11/17/1974,46
11/18/1974,44
11/19/1974,45
11/20/1974,50
11/21/1974,60
11/22/1974,113
11/23/1974,142
11/24/1974,88
11/25/1974,74
11/26/1974,78
11/27/1974,70
11/28/1974,61
11/29/1974,56
11/30/1974,53
12/1/1974,54
12/2/1974,50
12/3/1974,72
12/4/1974,237
12/5/1974,294
12/6/1974,161
12/7/1974,122
12/8/1974,101
12/9/1974,89
12/10/1974,83
12/11/1974,78
12/12/1974,76
12/13/1974,79
12/14/1974,94
12/15/1974,85
12/16/1974,78
12/17/1974,77
12/18/1974,76
12/19/1974,75
12/20/1974,72
12/21/1974,67
12/22/1974,68
12/23/1974,74
12/24/1974,68
12/25/1974,53
12/26/1974,64
12/27/1974,71
12/28/1974,98
12/29/1974,115
12/30/1974,96
12/31/1974,82
1/1/1975,75
1/2/1975,67
1/3/1975,65
1/4/1975,76
1/5/1975,90
1/6/1975,124
1/7/1975,506
1/8/1975,803
1/9/1975,636
1/10/1975,335
1/11/1975,255
1/12/1975,208
1/13/1975,181
1/14/1975,165
1/15/1975,154
1/16/1975,146
1/17/1975,143
1/18/1975,135
1/19/1975,131
1/20/1975,129
1/21/1975,131
1/22/1975,126
1/23/1975,121
1/24/1975,119
1/25/1975,117
1/26/1975,117
1/27/1975,117
1/28/1975,113
1/29/1975,101
1/30/1975,107
1/31/1975,99
2/1/1975,135
2/2/1975,936
2/3/1975,780
2/4/1975,988
2/5/1975,684
2/6/1975,457
2/7/1975,400
2/8/1975,487
2/9/1975,4530
2/10/1975,3200
2/11/1975,1360
2/12/1975,908
2/13/1975,2220
2/14/1975,1600
2/15/1975,1000
2/16/1975,758
2/17/1975,612
2/18/1975,513
2/19/1975,541
2/20/1975,937
2/21/1975,691
2/22/1975,572
2/23/1975,505
2/24/1975,461
2/25/1975,433
2/26/1975,418
2/27/1975,414
2/28/1975,413
3/1/1975,436
3/2/1975,465
3/3/1975,474
3/4/1975,466
3/5/1975,479
3/6/1975,602
3/7/1975,880
3/8/1975,2420
3/9/1975,1710
3/10/1975,1270
3/11/1975,1070
3/12/1975,876
3/13/1975,987
3/14/1975,1180
3/15/1975,1120
3/16/1975,1820
3/17/1975,1240
3/18/1975,967
3/19/1975,870
3/20/1975,1070
3/21/1975,1110
3/22/1975,2800
3/23/1975,1580
3/24/1975,1530
3/25/1975,7000
3/26/1975,3870
3/27/1975,2530
3/28/1975,2100
3/29/1975,1770
3/30/1975,1550
3/31/1975,1430
4/1/1975,1350
4/2/1975,1200
4/3/1975,1120
4/4/1975,1140
4/5/1975,1760
4/6/1975,1840
4/7/1975,1620
4/8/1975,1360
4/9/1975,1250
4/10/1975,1150
4/11/1975,1070
4/12/1975,1020
4/13/1975,998
4/14/1975,1010
4/15/1975,1090
4/16/1975,1030
4/17/1975,974
4/18/1975,920
4/19/1975,870
4/20/1975,846
4/21/1975,844
4/22/1975,881
4/23/1975,930
4/24/1975,992
4/25/1975,1810
4/26/1975,1620
4/27/1975,1440
4/28/1975,1310
4/29/1975,1240
4/30/1975,1210
5/1/1975,1210
5/2/1975,1170
5/3/1975,1240
5/4/1975,1520
5/5/1975,1330
5/6/1975,1210
5/7/1975,1150
5/8/1975,1150
5/9/1975,1230
5/10/1975,1360
5/11/1975,1400
5/12/1975,1570
5/13/1975,1690
5/14/1975,1830
5/15/1975,1910
5/16/1975,1740
5/17/1975,1680
5/18/1975,1760
5/19/1975,1780
5/20/1975,1650
5/21/1975,1360
5/22/1975,1160
5/23/1975,1090
5/24/1975,1100
5/25/1975,1160
5/26/1975,1180
5/27/1975,1150
5/28/1975,1090
5/29/1975,1050
5/30/1975,1010
5/31/1975,980
6/1/1975,1010
6/2/1975,990
6/3/1975,884
6/4/1975,807
6/5/1975,761
6/6/1975,745
6/7/1975,726
6/8/1975,659
6/9/1975,590
6/10/1975,540
6/11/1975,500
6/12/1975,485
6/13/1975,452
6/14/1975,428
6/15/1975,407
6/16/1975,379
6/17/1975,349
6/18/1975,315
6/19/1975,291
6/20/1975,270
6/21/1975,253
6/22/1975,234
6/23/1975,223
6/24/1975,222
6/25/1975,243
6/26/1975,221
6/27/1975,207
6/28/1975,193
6/29/1975,182
6/30/1975,175
7/1/1975,168
7/2/1975,163
7/3/1975,179
7/4/1975,172
7/5/1975,167
7/6/1975,159
7/7/1975,151
7/8/1975,144
7/9/1975,135
7/10/1975,132
7/11/1975,123
7/12/1975,115
7/13/1975,107
7/14/1975,105
7/15/1975,102
7/16/1975,103
7/17/1975,112
7/18/1975,108
7/19/1975,100
7/20/1975,96
7/21/1975,93
7/22/1975,86
7/23/1975,80
7/24/1975,74
7/25/1975,77
7/26/1975,67
7/27/1975,64
7/28/1975,58
7/29/1975,57
7/30/1975,55
7/31/1975,56
8/1/1975,56
8/2/1975,54
8/3/1975,52
8/4/1975,51
8/5/1975,48
8/6/1975,44
8/7/1975,43
8/8/1975,41
8/9/1975,40
8/10/1975,39
8/11/1975,41
8/12/1975,42
8/13/1975,40
8/14/1975,38
8/15/1975,37
8/16/1975,36
8/17/1975,36
8/18/1975,39
8/19/1975,72
8/20/1975,119
8/21/1975,102
8/22/1975,84
8/23/1975,81
8/24/1975,71
8/25/1975,64
8/26/1975,57
8/27/1975,52
8/28/1975,50
8/29/1975,48
8/30/1975,44
8/31/1975,42
9/1/1975,42
9/2/1975,44
9/3/1975,40
9/4/1975,38
9/5/1975,39
9/6/1975,35
9/7/1975,33
9/8/1975,31
9/9/1975,30
9/10/1975,30
9/11/1975,30
9/12/1975,33
9/13/1975,34
9/14/1975,32
9/15/1975,31
9/16/1975,30
9/17/1975,29
9/18/1975,28
9/19/1975,26
9/20/1975,26
9/21/1975,26
9/22/1975,26
9/23/1975,25
9/24/1975,24
9/25/1975,23
9/26/1975,23
9/27/1975,22
9/28/1975,21
9/29/1975,21
9/30/1975,21
10/1/1975,21
10/2/1975,21
10/3/1975,21
10/4/1975,21
10/5/1975,20
10/6/1975,21
10/7/1975,22
10/8/1975,35
10/9/1975,52
10/10/1975,61
10/11/1975,134
10/12/1975,219
10/13/1975,117
10/14/1975,87
10/15/1975,74
10/16/1975,66
10/17/1975,60
10/18/1975,59
10/19/1975,57
10/20/1975,56
10/21/1975,59
10/22/1975,50
10/23/1975,47
10/24/1975,48
10/25/1975,52
10/26/1975,65
10/27/1975,266
10/28/1975,224
10/29/1975,141
10/30/1975,137
10/31/1975,197
11/1/1975,157
11/2/1975,116
11/3/1975,97
11/4/1975,87
11/5/1975,82
11/6/1975,77
11/7/1975,74
11/8/1975,74
11/9/1975,93
11/10/1975,97
11/11/1975,119
11/12/1975,105
11/13/1975,92
11/14/1975,87
11/15/1975,86
11/16/1975,114
11/17/1975,130
11/18/1975,128
11/19/1975,105
11/20/1975,92
11/21/1975,93
11/22/1975,90
11/23/1975,86
11/24/1975,83
11/25/1975,81
11/26/1975,80
11/27/1975,82
11/28/1975,90
11/29/1975,104
11/30/1975,90
12/1/1975,81
12/2/1975,85
12/3/1975,91
12/4/1975,92
12/5/1975,89
12/6/1975,84
12/7/1975,85
12/8/1975,83
12/9/1975,80
12/10/1975,82
12/11/1975,85
12/12/1975,87
12/13/1975,96
12/14/1975,101
12/15/1975,90
12/16/1975,76
12/17/1975,83
12/18/1975,83
12/19/1975,79
12/20/1975,76
12/21/1975,74
12/22/1975,84
12/23/1975,132
12/24/1975,125
12/25/1975,103
12/26/1975,97
12/27/1975,92
12/28/1975,89
12/29/1975,87
12/30/1975,86
12/31/1975,84
1/1/1976,80
1/2/1976,68
1/3/1976,64
1/4/1976,82
1/5/1976,97
1/6/1976,86
1/7/1976,82
1/8/1976,77
1/9/1976,78
1/10/1976,90
1/11/1976,88
1/12/1976,82
1/13/1976,80
1/14/1976,75
1/15/1976,75
1/16/1976,73
1/17/1976,72
1/18/1976,72
1/19/1976,70
1/20/1976,67
1/21/1976,65
1/22/1976,65
1/23/1976,65
1/24/1976,65
1/25/1976,64
1/26/1976,63
1/27/1976,60
1/28/1976,64
1/29/1976,64
1/30/1976,62
1/31/1976,62
2/1/1976,58
2/2/1976,60
2/3/1976,60
2/4/1976,60
2/5/1976,68
2/6/1976,74
2/7/1976,72
2/8/1976,71
2/9/1976,74
2/10/1976,81
2/11/1976,87
2/12/1976,78
2/13/1976,77
2/14/1976,108
2/15/1976,168
2/16/1976,137
2/17/1976,126
2/18/1976,128
2/19/1976,140
2/20/1976,226
2/21/1976,169
2/22/1976,147
2/23/1976,130
2/24/1976,119
2/25/1976,109
2/26/1976,103
2/27/1976,100
2/28/1976,98
2/29/1976,106
3/1/1976,253
3/2/1976,271
3/3/1976,236
3/4/1976,200
3/5/1976,176
3/6/1976,159
3/7/1976,149
3/8/1976,145
3/9/1976,141
3/10/1976,140
3/11/1976,134
3/12/1976,135
3/13/1976,131
3/14/1976,129
3/15/1976,130
3/16/1976,130
3/17/1976,133
3/18/1976,140
3/19/1976,169
3/20/1976,168
3/21/1976,152
3/22/1976,151
3/23/1976,149
3/24/1976,145
3/25/1976,148
3/26/1976,155
3/27/1976,145
3/28/1976,134
3/29/1976,128
3/30/1976,123
3/31/1976,124
4/1/1976,127
4/2/1976,126
4/3/1976,126
4/4/1976,120
4/5/1976,120
4/6/1976,121
4/7/1976,121
4/8/1976,132
4/9/1976,168
4/10/1976,152
4/11/1976,170
4/12/1976,177
4/13/1976,164
4/14/1976,158
4/15/1976,159
4/16/1976,178
4/17/1976,161
4/18/1976,154
4/19/1976,157
4/20/1976,161
4/21/1976,167
4/22/1976,173
4/23/1976,174
4/24/1976,171
4/25/1976,172
4/26/1976,173
4/27/1976,164
4/28/1976,155
4/29/1976,147
4/30/1976,143
5/1/1976,144
5/2/1976,151
5/3/1976,151
5/4/1976,144
5/5/1976,144
5/6/1976,143
5/7/1976,143
5/8/1976,132
5/9/1976,129
5/10/1976,137
5/11/1976,147
5/12/1976,127
5/13/1976,117
5/14/1976,109
5/15/1976,101
5/16/1976,95
5/17/1976,88
5/18/1976,81
5/19/1976,72
5/20/1976,69
5/21/1976,64
5/22/1976,63
5/23/1976,63
5/24/1976,60
5/25/1976,57
5/26/1976,53
5/27/1976,55
5/28/1976,51
5/29/1976,50
5/30/1976,48
5/31/1976,48
6/1/1976,46
6/2/1976,45
6/3/1976,42
6/4/1976,39
6/5/1976,39
6/6/1976,39
6/7/1976,42
6/8/1976,37
6/9/1976,37
6/10/1976,38
6/11/1976,39
6/12/1976,33
6/13/1976,28
6/14/1976,25
6/15/1976,23
6/16/1976,20
6/17/1976,18
6/18/1976,18
6/19/1976,15
6/20/1976,14
6/21/1976,14
6/22/1976,14
6/23/1976,13
6/24/1976,12
6/25/1976,11
6/26/1976,10
6/27/1976,9
6/28/1976,9
6/29/1976,8
6/30/1976,7
7/1/1976,7
7/2/1976,7
7/3/1976,6
7/4/1976,6
7/5/1976,7
7/6/1976,7
7/7/1976,6
7/8/1976,7
7/9/1976,8
7/10/1976,6
7/11/1976,6
7/12/1976,7
7/13/1976,6
7/14/1976,5
7/15/1976,5
7/16/1976,6
7/17/1976,5
7/18/1976,4
7/19/1976,4
7/20/1976,4
7/21/1976,3
7/22/1976,4
7/23/1976,4
7/24/1976,3
7/25/1976,3
7/26/1976,3
7/27/1976,3
7/28/1976,2
7/29/1976,2
7/30/1976,3
7/31/1976,2
8/1/1976,2
8/2/1976,3
8/3/1976,3
8/4/1976,3
8/5/1976,4
8/6/1976,4
8/7/1976,4
8/8/1976,5
8/9/1976,6
8/10/1976,6
8/11/1976,5
8/12/1976,4
8/13/1976,5
8/14/1976,5
8/15/1976,8
8/16/1976,42
8/17/1976,85
8/18/1976,47
8/19/1976,33
8/20/1976,27
8/21/1976,23
8/22/1976,27
8/23/1976,26
8/24/1976,24
8/25/1976,20
8/26/1976,17
8/27/1976,17
8/28/1976,15
8/29/1976,12
8/30/1976,10
8/31/1976,9
9/1/1976,9
9/2/1976,7
9/3/1976,7
9/4/1976,6
9/5/1976,6
9/6/1976,6
9/7/1976,6
9/8/1976,5
9/9/1976,4
9/10/1976,5
9/11/1976,8
9/12/1976,9
9/13/1976,37
9/14/1976,31
9/15/1976,24
9/16/1976,19
9/17/1976,18
9/18/1976,16
9/19/1976,13
9/20/1976,13
9/21/1976,13
9/22/1976,13
9/23/1976,11
9/24/1976,11
9/25/1976,11
9/26/1976,11
9/27/1976,11
9/28/1976,11
9/29/1976,11
9/30/1976,10
10/1/1976,11
10/2/1976,12
10/3/1976,14
10/4/1976,20
10/5/1976,24
10/6/1976,20
10/7/1976,17
10/8/1976,15
10/9/1976,16
10/10/1976,15
10/11/1976,13
10/12/1976,13
10/13/1976,12
10/14/1976,11
10/15/1976,11
10/16/1976,10
10/17/1976,10
10/18/1976,9
10/19/1976,11
10/20/1976,11
10/21/1976,12
10/22/1976,12
10/23/1976,12
10/24/1976,13
10/25/1976,13
10/26/1976,12
10/27/1976,13
10/28/1976,17
10/29/1976,18
10/30/1976,19
10/31/1976,16
11/1/1976,13
11/2/1976,12
11/3/1976,11
11/4/1976,10
11/5/1976,9
11/6/1976,10
11/7/1976,10
11/8/1976,10
11/9/1976,11
11/10/1976,11
11/11/1976,9
11/12/1976,12
11/13/1976,12
11/14/1976,18
11/15/1976,32
11/16/1976,72
11/17/1976,48
11/18/1976,34
11/19/1976,28
11/20/1976,24
11/21/1976,22
11/22/1976,21
11/23/1976,21
11/24/1976,20
11/25/1976,20
11/26/1976,20
11/27/1976,20
11/28/1976,19
11/29/1976,19
11/30/1976,22
12/1/1976,20
12/2/1976,20
12/3/1976,20
12/4/1976,21
12/5/1976,19
12/6/1976,20
12/7/1976,20
12/8/1976,20
12/9/1976,19
12/10/1976,18
12/11/1976,19
12/12/1976,19
12/13/1976,19
12/14/1976,18
12/15/1976,18
12/16/1976,18
12/17/1976,18
12/18/1976,17
12/19/1976,18
12/20/1976,17
12/21/1976,17
12/22/1976,17
12/23/1976,17
12/24/1976,17
12/25/1976,18
12/26/1976,18
12/27/1976,16
12/28/1976,16
12/29/1976,16
12/30/1976,18
12/31/1976,18
1/1/1977,19
1/2/1977,24
1/3/1977,47
1/4/1977,122
1/5/1977,83
1/6/1977,52
1/7/1977,39
1/8/1977,30
1/9/1977,26
1/10/1977,24
1/11/1977,24
1/12/1977,27
1/13/1977,26
1/14/1977,26
1/15/1977,25
1/16/1977,23
1/17/1977,23
1/18/1977,23
1/19/1977,23
1/20/1977,24
1/21/1977,25
1/22/1977,27
1/23/1977,30
1/24/1977,33
1/25/1977,34
1/26/1977,30
1/27/1977,28
1/28/1977,27
1/29/1977,26
1/30/1977,25
1/31/1977,24
2/1/1977,23
2/2/1977,25
2/3/1977,24
2/4/1977,22
2/5/1977,22
2/6/1977,23
2/7/1977,24
2/8/1977,24
2/9/1977,27
2/10/1977,32
2/11/1977,36
2/12/1977,30
2/13/1977,28
2/14/1977,27
2/15/1977,26
2/16/1977,26
2/17/1977,26
2/18/1977,26
2/19/1977,22
2/20/1977,23
2/21/1977,28
2/22/1977,98
2/23/1977,134
2/24/1977,98
2/25/1977,79
2/26/1977,58
2/27/1977,48
2/28/1977,45
3/1/1977,44
3/2/1977,45
3/3/1977,41
3/4/1977,36
3/5/1977,36
3/6/1977,33
3/7/1977,31
3/8/1977,32
3/9/1977,33
3/10/1977,40
3/11/1977,56
3/12/1977,47
3/13/1977,59
3/14/1977,67
3/15/1977,57
3/16/1977,56
3/17/1977,52
3/18/1977,47
3/19/1977,42
3/20/1977,38
3/21/1977,37
3/22/1977,37
3/23/1977,37
3/24/1977,39
3/25/1977,52
3/26/1977,51
3/27/1977,45
3/28/1977,40
3/29/1977,40
3/30/1977,39
3/31/1977,39
4/1/1977,39
4/2/1977,34
4/3/1977,31
4/4/1977,33
4/5/1977,32
4/6/1977,30
4/7/1977,31
4/8/1977,36
4/9/1977,42
4/10/1977,51
4/11/1977,52
4/12/1977,43
4/13/1977,38
4/14/1977,36
4/15/1977,36
4/16/1977,36
4/17/1977,36
4/18/1977,35
4/19/1977,36
4/20/1977,35
4/21/1977,34
4/22/1977,28
4/23/1977,24
4/24/1977,23
4/25/1977,28
4/26/1977,26
4/27/1977,27
4/28/1977,28
4/29/1977,25
4/30/1977,27
5/1/1977,29
5/2/1977,54
5/3/1977,68
5/4/1977,47
5/5/1977,37
5/6/1977,35
5/7/1977,34
5/8/1977,37
5/9/1977,43
5/10/1977,48
5/11/1977,66
5/12/1977,75
5/13/1977,74
5/14/1977,63
5/15/1977,54
5/16/1977,52
5/17/1977,53
5/18/1977,56
5/19/1977,51
5/20/1977,46
5/21/1977,40
5/22/1977,40
5/23/1977,41
5/24/1977,44
5/25/1977,48
5/26/1977,52
5/27/1977,49
5/28/1977,46
5/29/1977,45
5/30/1977,40
5/31/1977,35
6/1/1977,32
6/2/1977,31
6/3/1977,27
6/4/1977,22
6/5/1977,20
6/6/1977,19
6/7/1977,19
6/8/1977,18
6/9/1977,16
6/10/1977,13
6/11/1977,12
6/12/1977,11
6/13/1977,14
6/14/1977,15
6/15/1977,14
6/16/1977,12
6/17/1977,11
6/18/1977,9
6/19/1977,8
6/20/1977,7
6/21/1977,6
6/22/1977,5
6/23/1977,4
6/24/1977,4
6/25/1977,4
6/26/1977,2
6/27/1977,2
6/28/1977,2
6/29/1977,2
6/30/1977,1
7/1/1977,1
7/2/1977,1
7/3/1977,0
7/4/1977,0
7/5/1977,0
7/6/1977,0
7/7/1977,0
7/8/1977,0
7/9/1977,0
7/10/1977,0
7/11/1977,0
7/12/1977,0
7/13/1977,0
7/14/1977,0
7/15/1977,0
7/16/1977,0
7/17/1977,0
7/18/1977,0
7/19/1977,0
7/20/1977,0
7/21/1977,0
7/22/1977,0
7/23/1977,0
7/24/1977,0
7/25/1977,0
7/26/1977,0
7/27/1977,0
7/28/1977,0
7/29/1977,0
7/30/1977,0
7/31/1977,0
8/1/1977,0
8/2/1977,0
8/3/1977,0
8/4/1977,0
8/5/1977,0
8/6/1977,0
8/7/1977,0
8/8/1977,0
8/9/1977,0
8/10/1977,0
8/11/1977,0
8/12/1977,0
8/13/1977,0
8/14/1977,0
8/15/1977,0
8/16/1977,0
8/17/1977,0
8/18/1977,0
8/19/1977,0
8/20/1977,0
8/21/1977,0
8/22/1977,0
8/23/1977,0
8/24/1977,0
8/25/1977,0
8/26/1977,0
8/27/1977,0
8/28/1977,0
8/29/1977,0
8/30/1977,0
8/31/1977,0
9/1/1977,0
9/2/1977,0
9/3/1977,0
9/4/1977,0
9/5/1977,0
9/6/1977,0
9/7/1977,0
9/8/1977,0
9/9/1977,0
9/10/1977,0
9/11/1977,0
9/12/1977,0
9/13/1977,0
9/14/1977,0
9/15/1977,0
9/16/1977,0
9/17/1977,0
9/18/1977,0
9/19/1977,0
9/20/1977,0
9/21/1977,0
9/22/1977,0
9/23/1977,0
9/24/1977,0
9/25/1977,0
9/26/1977,0
9/27/1977,0
9/28/1977,0
9/29/1977,0
9/30/1977,0
10/1/1977,0
10/2/1977,0
10/3/1977,0
10/4/1977,0
10/5/1977,0
10/6/1977,0
10/7/1977,0
10/8/1977,0
10/9/1977,0
10/10/1977,0
10/11/1977,0
10/12/1977,0
10/13/1977,0
10/14/1977,0
10/15/1977,0
10/16/1977,0
10/17/1977,0
10/18/1977,0
10/19/1977,0
10/20/1977,0
10/21/1977,0
10/22/1977,0
10/23/1977,0
10/24/1977,0
10/25/1977,0
10/26/1977,0
10/27/1977,0
10/28/1977,0
10/29/1977,0
10/30/1977,0
10/31/1977,0
11/1/1977,0
11/2/1977,0
11/3/1977,0
11/4/1977,0
11/5/1977,0
11/6/1977,0
11/7/1977,0
11/8/1977,0
11/9/1977,0
11/10/1977,0
11/11/1977,0
11/12/1977,0
11/13/1977,4
11/14/1977,4
11/15/1977,4
11/16/1977,3
11/17/1977,3
11/18/1977,3
11/19/1977,3
11/20/1977,4
11/21/1977,6
11/22/1977,11
11/23/1977,148
11/24/1977,77
11/25/1977,46
11/26/1977,34
11/27/1977,26
11/28/1977,23
11/29/1977,21
11/30/1977,19
12/1/1977,17
12/2/1977,15
12/3/1977,13
12/4/1977,13
12/5/1977,14
12/6/1977,14
12/7/1977,14
12/8/1977,12
12/9/1977,12
12/10/1977,12
12/11/1977,13
12/12/1977,14
12/13/1977,15
12/14/1977,19
12/15/1977,58
12/16/1977,253
12/17/1977,170
12/18/1977,534
12/19/1977,244
12/20/1977,137
12/21/1977,95
12/22/1977,89
12/23/1977,536
12/24/1977,527
12/25/1977,275
12/26/1977,200
12/27/1977,216
12/28/1977,401
12/29/1977,699
12/30/1977,1120
12/31/1977,723
1/1/1978,476
1/2/1978,367
1/3/1978,323
1/4/1978,372
1/5/1978,1670
1/6/1978,3580
1/7/1978,1210
1/8/1978,754
1/9/1978,2280
1/10/1978,2380
1/11/1978,1260
1/12/1978,889
1/13/1978,955
1/14/1978,3190
1/15/1978,5240
1/16/1978,3540
1/17/1978,5630
1/18/1978,2800
1/19/1978,2270
1/20/1978,1730
1/21/1978,1290
1/22/1978,1020
1/23/1978,831
1/24/1978,697
1/25/1978,613
1/26/1978,564
1/27/1978,509
1/28/1978,465
1/29/1978,429
1/30/1978,404
1/31/1978,384
2/1/1978,364
2/2/1978,355
2/3/1978,337
2/4/1978,319
2/5/1978,346
2/6/1978,647
2/7/1978,2110
2/8/1978,2010
2/9/1978,2680
2/10/1978,2030
2/11/1978,2020
2/12/1978,1600
2/13/1978,1930
2/14/1978,1550
2/15/1978,1220
2/16/1978,1020
2/17/1978,852
2/18/1978,744
2/19/1978,672
2/20/1978,622
2/21/1978,590
2/22/1978,580
2/23/1978,580
2/24/1978,586
2/25/1978,587
2/26/1978,576
2/27/1978,565
2/28/1978,556
3/1/1978,542
3/2/1978,1130
3/3/1978,2160
3/4/1978,3710
3/5/1978,5980
3/6/1978,4020
3/7/1978,2650
3/8/1978,2000
3/9/1978,1660
3/10/1978,1420
3/11/1978,1260
3/12/1978,1550
3/13/1978,1150
3/14/1978,991
3/15/1978,873
3/16/1978,801
3/17/1978,757
3/18/1978,738
3/19/1978,718
3/20/1978,713
3/21/1978,926
3/22/1978,1400
3/23/1978,1180
3/24/1978,1260
3/25/1978,1070
3/26/1978,980
3/27/1978,970
3/28/1978,1030
3/29/1978,1040
3/30/1978,1060
3/31/1978,1490
4/1/1978,1760
4/2/1978,1570
4/3/1978,1310
4/4/1978,1330
4/5/1978,1180
4/6/1978,1930
4/7/1978,1870
4/8/1978,1410
4/9/1978,1230
4/10/1978,1150
4/11/1978,1130
4/12/1978,1130
4/13/1978,1100
4/14/1978,1080
4/15/1978,1200
4/16/1978,2300
4/17/1978,2230
4/18/1978,1690
4/19/1978,1520
4/20/1978,1870
4/21/1978,2060
4/22/1978,1720
4/23/1978,1550
4/24/1978,1500
4/25/1978,3980
4/26/1978,4450
4/27/1978,3250
4/28/1978,2670
4/29/1978,2300
4/30/1978,2010
5/1/1978,1790
5/2/1978,1600
5/3/1978,1490
5/4/1978,1410
5/5/1978,1330
5/6/1978,1220
5/7/1978,1110
5/8/1978,1050
5/9/1978,1030
5/10/1978,1020
5/11/1978,1000
5/12/1978,960
5/13/1978,924
5/14/1978,938
5/15/1978,995
5/16/1978,973
5/17/1978,818
5/18/1978,750
5/19/1978,726
5/20/1978,715
5/21/1978,707
5/22/1978,716
5/23/1978,709
5/24/1978,645
5/25/1978,581
5/26/1978,528
5/27/1978,486
5/28/1978,483
5/29/1978,503
5/30/1978,524
5/31/1978,533
6/1/1978,521
6/2/1978,553
6/3/1978,517
6/4/1978,503
6/5/1978,502
6/6/1978,502
6/7/1978,491
6/8/1978,474
6/9/1978,450
6/10/1978,423
6/11/1978,392
6/12/1978,363
6/13/1978,353
6/14/1978,339
6/15/1978,324
6/16/1978,300
6/17/1978,274
6/18/1978,257
6/19/1978,243
6/20/1978,228
6/21/1978,218
6/22/1978,212
6/23/1978,201
6/24/1978,190
6/25/1978,184
6/26/1978,173
6/27/1978,167
6/28/1978,206
6/29/1978,199
6/30/1978,168
7/1/1978,153
7/2/1978,162
7/3/1978,158
7/4/1978,149
7/5/1978,138
7/6/1978,129
7/7/1978,132
7/8/1978,122
7/9/1978,115
7/10/1978,105
7/11/1978,97
7/12/1978,93
7/13/1978,89
7/14/1978,80
7/15/1978,76
7/16/1978,73
7/17/1978,69
7/18/1978,64
7/19/1978,64
7/20/1978,59
7/21/1978,55
7/22/1978,52
7/23/1978,50
7/24/1978,45
7/25/1978,44
7/26/1978,44
7/27/1978,42
7/28/1978,40
7/29/1978,40
7/30/1978,41
7/31/1978,36
8/1/1978,30
8/2/1978,29
8/3/1978,28
8/4/1978,27
8/5/1978,26
8/6/1978,22
8/7/1978,26
8/8/1978,21
8/9/1978,20
8/10/1978,18
8/11/1978,19
8/12/1978,17
8/13/1978,15
8/14/1978,13
8/15/1978,16
8/16/1978,17
8/17/1978,17
8/18/1978,15
8/19/1978,15
8/20/1978,15
8/21/1978,12
8/22/1978,13
8/23/1978,15
8/24/1978,21
8/25/1978,16
8/26/1978,14
8/27/1978,16
8/28/1978,16
8/29/1978,16
8/30/1978,15
8/31/1978,15
9/1/1978,16
9/2/1978,14
9/3/1978,12
9/4/1978,12
9/5/1978,21
9/6/1978,38
9/7/1978,83
9/8/1978,73
9/9/1978,55
9/10/1978,52
9/11/1978,97
9/12/1978,83
9/13/1978,58
9/14/1978,46
9/15/1978,42
9/16/1978,41
9/17/1978,39
9/18/1978,35
9/19/1978,34
9/20/1978,33
9/21/1978,32
9/22/1978,32
9/23/1978,33
9/24/1978,42
9/25/1978,41
9/26/1978,39
9/27/1978,39
9/28/1978,36
9/29/1978,28
9/30/1978,25
10/1/1978,24
10/2/1978,23
10/3/1978,22
10/4/1978,23
10/5/1978,22
10/6/1978,21
10/7/1978,22
10/8/1978,22
10/9/1978,22
10/10/1978,21
10/11/1978,21
10/12/1978,21
10/13/1978,22
10/14/1978,24
10/15/1978,21
10/16/1978,20
10/17/1978,20
10/18/1978,20
10/19/1978,20
10/20/1978,21
10/21/1978,23
10/22/1978,22
10/23/1978,22
10/24/1978,22
10/25/1978,22
10/26/1978,22
10/27/1978,21
10/28/1978,21
10/29/1978,21
10/30/1978,21
10/31/1978,21
11/1/1978,20
11/2/1978,26
11/3/1978,33
11/4/1978,36
11/5/1978,37
11/6/1978,35
11/7/1978,27
11/8/1978,26
11/9/1978,25
11/10/1978,22
11/11/1978,22
11/12/1978,23
11/13/1978,29
11/14/1978,37
11/15/1978,40
11/16/1978,39
11/17/1978,35
11/18/1978,35
11/19/1978,37
11/20/1978,43
11/21/1978,69
11/22/1978,143
11/23/1978,112
11/24/1978,82
11/25/1978,59
11/26/1978,49
11/27/1978,45
11/28/1978,43
11/29/1978,41
11/30/1978,43
12/1/1978,56
12/2/1978,125
12/3/1978,111
12/4/1978,76
12/5/1978,61
12/6/1978,58
12/7/1978,56
12/8/1978,43
12/9/1978,35
12/10/1978,44
12/11/1978,51
12/12/1978,49
12/13/1978,47
12/14/1978,47
12/15/1978,45
12/16/1978,44
12/17/1978,52
12/18/1978,95
12/19/1978,136
12/20/1978,92
12/21/1978,79
12/22/1978,69
12/23/1978,65
12/24/1978,62
12/25/1978,60
12/26/1978,59
12/27/1978,56
12/28/1978,55
12/29/1978,55
12/30/1978,53
12/31/1978,45
1/1/1979,40
1/2/1979,46
1/3/1979,54
1/4/1979,57
1/5/1979,55
1/6/1979,57
1/7/1979,62
1/8/1979,128
1/9/1979,250
1/10/1979,195
1/11/1979,3330
1/12/1979,2100
1/13/1979,750
1/14/1979,736
1/15/1979,1530
1/16/1979,970
1/17/1979,559
1/18/1979,595
1/19/1979,421
1/20/1979,329
1/21/1979,287
1/22/1979,257
1/23/1979,229
1/24/1979,215
1/25/1979,210
1/26/1979,197
1/27/1979,167
1/28/1979,165
1/29/1979,150
1/30/1979,134
1/31/1979,219
2/1/1979,212
2/2/1979,202
2/3/1979,181
2/4/1979,159
2/5/1979,160
2/6/1979,155
2/7/1979,151
2/8/1979,145
2/9/1979,141
2/10/1979,139
2/11/1979,141
2/12/1979,140
2/13/1979,256
2/14/1979,1460
2/15/1979,1070
2/16/1979,1220
2/17/1979,919
2/18/1979,863
2/19/1979,2770
2/20/1979,1690
2/21/1979,3770
2/22/1979,3210
2/23/1979,2750
2/24/1979,1480
2/25/1979,1030
2/26/1979,949
2/27/1979,878
2/28/1979,858
3/1/1979,3900
3/2/1979,1780
3/3/1979,1280
3/4/1979,1050
3/5/1979,894
3/6/1979,810
3/7/1979,796
3/8/1979,860
3/9/1979,934
3/10/1979,984
3/11/1979,1040
3/12/1979,1080
3/13/1979,1060
3/14/1979,1040
3/15/1979,1660
3/16/1979,2420
3/17/1979,1560
3/18/1979,1260
3/19/1979,1180
3/20/1979,1000
3/21/1979,937
3/22/1979,877
3/23/1979,800
3/24/1979,734
3/25/1979,733
3/26/1979,799
3/27/1979,1290
3/28/1979,2750
3/29/1979,2010
3/30/1979,1590
3/31/1979,1390
4/1/1979,1240
4/2/1979,1130
4/3/1979,1040
4/4/1979,977
4/5/1979,969
4/6/1979,1040
4/7/1979,1100
4/8/1979,1060
4/9/1979,1060
4/10/1979,1040
4/11/1979,985
4/12/1979,941
4/13/1979,921
4/14/1979,946
4/15/1979,967
4/16/1979,1010
4/17/1979,1120
4/18/1979,1050
4/19/1979,920
4/20/1979,834
4/21/1979,782
4/22/1979,769
4/23/1979,855
4/24/1979,922
4/25/1979,855
4/26/1979,862
4/27/1979,1290
4/28/1979,1450
4/29/1979,1350
4/30/1979,1310
5/1/1979,1270
5/2/1979,1160
5/3/1979,1090
5/4/1979,1110
5/5/1979,1180
5/6/1979,1400
5/7/1979,1410
5/8/1979,1370
5/9/1979,1200
5/10/1979,1070
5/11/1979,1000
5/12/1979,987
5/13/1979,1010
5/14/1979,1060
5/15/1979,1090
5/16/1979,1110
5/17/1979,1070
5/18/1979,1040
5/19/1979,1030
5/20/1979,1020
5/21/1979,1020
5/22/1979,923
5/23/1979,886
5/24/1979,791
5/25/1979,716
5/26/1979,677
5/27/1979,670
5/28/1979,615
5/29/1979,556
5/30/1979,490
5/31/1979,436
6/1/1979,392
6/2/1979,362
6/3/1979,344
6/4/1979,330
6/5/1979,315
6/6/1979,294
6/7/1979,276
6/8/1979,252
6/9/1979,229
6/10/1979,214
6/11/1979,202
6/12/1979,189
6/13/1979,180
6/14/1979,172
6/15/1979,166
6/16/1979,156
6/17/1979,151
6/18/1979,148
6/19/1979,144
6/20/1979,138
6/21/1979,123
6/22/1979,120
6/23/1979,114
6/24/1979,108
6/25/1979,104
6/26/1979,100
6/27/1979,93
6/28/1979,88
6/29/1979,85
6/30/1979,80
7/1/1979,74
7/2/1979,73
7/3/1979,79
7/4/1979,79
7/5/1979,77
7/6/1979,77
7/7/1979,74
7/8/1979,71
7/9/1979,69
7/10/1979,66
7/11/1979,64
7/12/1979,73
7/13/1979,71
7/14/1979,67
7/15/1979,64
7/16/1979,64
7/17/1979,59
7/18/1979,54
7/19/1979,52
7/20/1979,52
7/21/1979,55
7/22/1979,66
7/23/1979,78
7/24/1979,68
7/25/1979,58
7/26/1979,53
7/27/1979,43
7/28/1979,36
7/29/1979,32
7/30/1979,30
7/31/1979,30
8/1/1979,29
8/2/1979,28
8/3/1979,26
8/4/1979,28
8/5/1979,27
8/6/1979,27
8/7/1979,24
8/8/1979,23
8/9/1979,22
8/10/1979,22
8/11/1979,21
8/12/1979,19
8/13/1979,22
8/14/1979,22
8/15/1979,22
8/16/1979,21
8/17/1979,21
8/18/1979,19
8/19/1979,18
8/20/1979,19
8/21/1979,19
8/22/1979,19
8/23/1979,20
8/24/1979,21
8/25/1979,19
8/26/1979,18
8/27/1979,17
8/28/1979,17
8/29/1979,16
8/30/1979,15
8/31/1979,17
9/1/1979,20
9/2/1979,19
9/3/1979,22
9/4/1979,21
9/5/1979,20
9/6/1979,16
9/7/1979,17
9/8/1979,22
9/9/1979,24
9/10/1979,24
9/11/1979,23
9/12/1979,23
9/13/1979,21
9/14/1979,21
9/15/1979,21
9/16/1979,20
9/17/1979,20
9/18/1979,21
9/19/1979,21
9/20/1979,20
9/21/1979,21
9/22/1979,20
9/23/1979,20
9/24/1979,16
9/25/1979,13
9/26/1979,11
9/27/1979,11
9/28/1979,12
9/29/1979,11
9/30/1979,12
10/1/1979,16
10/2/1979,19
10/3/1979,16
10/4/1979,14
10/5/1979,14
10/6/1979,15
10/7/1979,12
10/8/1979,12
10/9/1979,12
10/10/1979,14
10/11/1979,15
10/12/1979,16
10/13/1979,18
10/14/1979,19
10/15/1979,21
10/16/1979,24
10/17/1979,21
10/18/1979,21
10/19/1979,24
10/20/1979,77
10/21/1979,205
10/22/1979,115
10/23/1979,70
10/24/1979,55
10/25/1979,64
10/26/1979,86
10/27/1979,113
10/28/1979,74
10/29/1979,56
10/30/1979,49
10/31/1979,45
11/1/1979,43
11/2/1979,40
11/3/1979,42
11/4/1979,67
11/5/1979,120
11/6/1979,87
11/7/1979,71
11/8/1979,61
11/9/1979,56
11/10/1979,52
11/11/1979,53
11/12/1979,54
11/13/1979,53
11/14/1979,50
11/15/1979,46
11/16/1979,46
11/17/1979,80
11/18/1979,165
11/19/1979,124
11/20/1979,91
11/21/1979,77
11/22/1979,71
11/23/1979,74
11/24/1979,79
11/25/1979,87
11/26/1979,153
11/27/1979,238
11/28/1979,157
11/29/1979,125
11/30/1979,110
12/1/1979,101
12/2/1979,94
12/3/1979,88
12/4/1979,82
12/5/1979,78
12/6/1979,76
12/7/1979,72
12/8/1979,71
12/9/1979,69
12/10/1979,68
12/11/1979,67
12/12/1979,66
12/13/1979,63
12/14/1979,60
12/15/1979,60
12/16/1979,59
12/17/1979,58
12/18/1979,57
12/19/1979,56
12/20/1979,57
12/21/1979,67
12/22/1979,116
12/23/1979,107
12/24/1979,325
12/25/1979,1160
12/26/1979,632
12/27/1979,314
12/28/1979,215
12/29/1979,171
12/30/1979,179
12/31/1979,596
1/1/1980,1560
1/2/1980,704
1/3/1980,481
1/4/1980,378
1/5/1980,322
1/6/1980,289
1/7/1980,269
1/8/1980,257
1/9/1980,577
1/10/1980,1690
1/11/1980,1810
1/12/1980,9100
1/13/1980,12700
1/14/1980,19000
1/15/1980,7020
1/16/1980,5190
1/17/1980,6100
1/18/1980,4630
1/19/1980,3110
1/20/1980,2380
1/21/1980,1940
1/22/1980,1470
1/23/1980,1230
1/24/1980,1180
1/25/1980,1110
1/26/1980,1030
1/27/1980,943
1/28/1980,1070
1/29/1980,1080
1/30/1980,901
1/31/1980,808
2/1/1980,748
2/2/1980,705
2/3/1980,669
2/4/1980,641
2/5/1980,623
2/6/1980,616
2/7/1980,592
2/8/1980,587
2/9/1980,537
2/10/1980,502
2/11/1980,485
2/12/1980,467
2/13/1980,447
2/14/1980,476
2/15/1980,1450
2/16/1980,1910
2/17/1980,3640
2/18/1980,5460
2/19/1980,14700
2/20/1980,9540
2/21/1980,12100
2/22/1980,7280
2/23/1980,4860
2/24/1980,3690
2/25/1980,2970
2/26/1980,2450
2/27/1980,2210
2/28/1980,3000
2/29/1980,2370
3/1/1980,2080
3/2/1980,1960
3/3/1980,3050
3/4/1980,2670
3/5/1980,3410
3/6/1980,3590
3/7/1980,2700
3/8/1980,2190
3/9/1980,1910
3/10/1980,1720
3/11/1980,1590
3/12/1980,1520
3/13/1980,1360
3/14/1980,1270
3/15/1980,1290
3/16/1980,1200
3/17/1980,1100
3/18/1980,1080
3/19/1980,1020
3/20/1980,951
3/21/1980,922
3/22/1980,877
3/23/1980,826
3/24/1980,821
3/25/1980,801
3/26/1980,790
3/27/1980,730
3/28/1980,693
3/29/1980,640
3/30/1980,623
3/31/1980,624
4/1/1980,621
4/2/1980,602
4/3/1980,579
4/4/1980,564
4/5/1980,1140
4/6/1980,1210
4/7/1980,922
4/8/1980,807
4/9/1980,763
4/10/1980,752
4/11/1980,729
4/12/1980,699
4/13/1980,692
4/14/1980,716
4/15/1980,731
4/16/1980,722
4/17/1980,732
4/18/1980,759
4/19/1980,780
4/20/1980,819
4/21/1980,980
4/22/1980,851
4/23/1980,773
4/24/1980,712
4/25/1980,677
4/26/1980,668
4/27/1980,675
4/28/1980,700
4/29/1980,746
4/30/1980,794
5/1/1980,774
5/2/1980,739
5/3/1980,721
5/4/1980,726
5/5/1980,723
5/6/1980,710
5/7/1980,703
5/8/1980,645
5/9/1980,770
5/10/1980,760
5/11/1980,615
5/12/1980,560
5/13/1980,570
5/14/1980,624
5/15/1980,575
5/16/1980,550
5/17/1980,532
5/18/1980,528
5/19/1980,532
5/20/1980,556
5/21/1980,562
5/22/1980,572
5/23/1980,557
5/24/1980,498
5/25/1980,460
5/26/1980,420
5/27/1980,385
5/28/1980,364
5/29/1980,345
5/30/1980,321
5/31/1980,311
6/1/1980,311
6/2/1980,301
6/3/1980,309
6/4/1980,303
6/5/1980,340
6/6/1980,336
6/7/1980,307
6/8/1980,295
6/9/1980,297
6/10/1980,302
6/11/1980,307
6/12/1980,308
6/13/1980,300
6/14/1980,287
6/15/1980,269
6/16/1980,262
6/17/1980,264
6/18/1980,263
6/19/1980,259
6/20/1980,253
6/21/1980,240
6/22/1980,226
6/23/1980,218
6/24/1980,208
6/25/1980,197
6/26/1980,185
6/27/1980,177
6/28/1980,165
6/29/1980,152
6/30/1980,147
7/1/1980,149
7/2/1980,162
7/3/1980,270
7/4/1980,266
7/5/1980,196
7/6/1980,165
7/7/1980,151
7/8/1980,141
7/9/1980,132
7/10/1980,123
7/11/1980,117
7/12/1980,107
7/13/1980,105
7/14/1980,102
7/15/1980,100
7/16/1980,96
7/17/1980,91
7/18/1980,86
7/19/1980,82
7/20/1980,79
7/21/1980,77
7/22/1980,75
7/23/1980,72
7/24/1980,68
7/25/1980,65
7/26/1980,62
7/27/1980,58
7/28/1980,57
7/29/1980,58
7/30/1980,58
7/31/1980,56
8/1/1980,52
8/2/1980,49
8/3/1980,48
8/4/1980,46
8/5/1980,46
8/6/1980,44
8/7/1980,44
8/8/1980,44
8/9/1980,42
8/10/1980,36
8/11/1980,36
8/12/1980,36
8/13/1980,36
8/14/1980,35
8/15/1980,35
8/16/1980,34
8/17/1980,35
8/18/1980,36
8/19/1980,37
8/20/1980,35
8/21/1980,34
8/22/1980,34
8/23/1980,34
8/24/1980,25
8/25/1980,32
8/26/1980,37
8/27/1980,39
8/28/1980,36
8/29/1980,34
8/30/1980,32
8/31/1980,30
9/1/1980,31
9/2/1980,28
9/3/1980,28
9/4/1980,27
9/5/1980,29
9/6/1980,28
9/7/1980,27
9/8/1980,28
9/9/1980,27
9/10/1980,28
9/11/1980,26
9/12/1980,28
9/13/1980,25
9/14/1980,24
9/15/1980,25
9/16/1980,26
9/17/1980,27
9/18/1980,27
9/19/1980,27
9/20/1980,26
9/21/1980,26
9/22/1980,28
9/23/1980,26
9/24/1980,25
9/25/1980,24
9/26/1980,23
9/27/1980,25
9/28/1980,23
9/29/1980,26
9/30/1980,25
10/1/1980,25
10/2/1980,23
10/3/1980,23
10/4/1980,23
10/5/1980,23
10/6/1980,22
10/7/1980,23
10/8/1980,22
10/9/1980,20
10/10/1980,21
10/11/1980,20
10/12/1980,22
10/13/1980,26
10/14/1980,35
10/15/1980,35
10/16/1980,33
10/17/1980,37
10/18/1980,36
10/19/1980,35
10/20/1980,34
10/21/1980,33
10/22/1980,33
10/23/1980,33
10/24/1980,33
10/25/1980,33
10/26/1980,34
10/27/1980,36
10/28/1980,41
10/29/1980,38
10/30/1980,38
10/31/1980,37
11/1/1980,37
11/2/1980,36
11/3/1980,35
11/4/1980,34
11/5/1980,34
11/6/1980,34
11/7/1980,34
11/8/1980,37
11/9/1980,42
11/10/1980,47
11/11/1980,45
11/12/1980,43
11/13/1980,48
11/14/1980,48
11/15/1980,45
11/16/1980,42
11/17/1980,41
11/18/1980,41
11/19/1980,40
11/20/1980,39
11/21/1980,39
11/22/1980,40
11/23/1980,41
11/24/1980,43
11/25/1980,44
11/26/1980,46
11/27/1980,45
11/28/1980,43
11/29/1980,43
11/30/1980,44
12/1/1980,49
12/2/1980,69
12/3/1980,67
12/4/1980,119
12/5/1980,263
12/6/1980,125
12/7/1980,84
12/8/1980,69
12/9/1980,59
12/10/1980,55
12/11/1980,54
12/12/1980,52
12/13/1980,52
12/14/1980,51
12/15/1980,50
12/16/1980,49
12/17/1980,51
12/18/1980,52
12/19/1980,53
12/20/1980,53
12/21/1980,54
12/22/1980,58
12/23/1980,65
12/24/1980,66
12/25/1980,61
12/26/1980,58
12/27/1980,58
12/28/1980,58
12/29/1980,56
12/30/1980,55
12/31/1980,55
1/1/1981,55
1/2/1981,54
1/3/1981,53
1/4/1981,52
1/5/1981,65
1/6/1981,73
1/7/1981,63
1/8/1981,58
1/9/1981,57
1/10/1981,56
1/11/1981,55
1/12/1981,54
1/13/1981,53
1/14/1981,53
1/15/1981,53
1/16/1981,53
1/17/1981,57
1/18/1981,63
1/19/1981,59
1/20/1981,56
1/21/1981,54
1/22/1981,57
1/23/1981,123
1/24/1981,209
1/25/1981,168
1/26/1981,122
1/27/1981,870
1/28/1981,1720
1/29/1981,1760
1/30/1981,786
1/31/1981,481
2/1/1981,306
2/2/1981,237
2/3/1981,199
2/4/1981,175
2/5/1981,156
2/6/1981,144
2/7/1981,136
2/8/1981,129
2/9/1981,130
2/10/1981,143
2/11/1981,137
2/12/1981,131
2/13/1981,135
2/14/1981,150
2/15/1981,279
2/16/1981,240
2/17/1981,211
2/18/1981,228
2/19/1981,210
2/20/1981,216
2/21/1981,226
2/22/1981,196
2/23/1981,183
2/24/1981,196
2/25/1981,320
2/26/1981,272
2/27/1981,225
2/28/1981,204
3/1/1981,200
3/2/1981,192
3/3/1981,188
3/4/1981,226
3/5/1981,431
3/6/1981,291
3/7/1981,232
3/8/1981,208
3/9/1981,193
3/10/1981,185
3/11/1981,181
3/12/1981,209
3/13/1981,205
3/14/1981,197
3/15/1981,210
3/16/1981,357
3/17/1981,280
3/18/1981,234
3/19/1981,2200
3/20/1981,2250
3/21/1981,1020
3/22/1981,893
3/23/1981,743
3/24/1981,616
3/25/1981,2610
3/26/1981,3010
3/27/1981,1610
3/28/1981,1210
3/29/1981,880
3/30/1981,769
3/31/1981,663
4/1/1981,608
4/2/1981,577
4/3/1981,514
4/4/1981,460
4/5/1981,420
4/6/1981,402
4/7/1981,396
4/8/1981,386
4/9/1981,369
4/10/1981,359
4/11/1981,351
4/12/1981,331
4/13/1981,319
4/14/1981,309
4/15/1981,308
4/16/1981,305
4/17/1981,302
4/18/1981,301
4/19/1981,376
4/20/1981,475
4/21/1981,383
4/22/1981,341
4/23/1981,332
4/24/1981,347
4/25/1981,367
4/26/1981,371
4/27/1981,370
4/28/1981,324
4/29/1981,304
4/30/1981,315
5/1/1981,325
5/2/1981,325
5/3/1981,310
5/4/1981,281
5/5/1981,256
5/6/1981,235
5/7/1981,218
5/8/1981,204
5/9/1981,193
5/10/1981,188
5/11/1981,187
5/12/1981,180
5/13/1981,172
5/14/1981,168
5/15/1981,165
5/16/1981,158
5/17/1981,149
5/18/1981,144
5/19/1981,218
5/20/1981,272
5/21/1981,211
5/22/1981,176
5/23/1981,157
5/24/1981,145
5/25/1981,138
5/26/1981,139
5/27/1981,162
5/28/1981,165
5/29/1981,138
5/30/1981,123
5/31/1981,111
6/1/1981,102
6/2/1981,94
6/3/1981,88
6/4/1981,82
6/5/1981,77
6/6/1981,70
6/7/1981,64
6/8/1981,62
6/9/1981,61
6/10/1981,55
6/11/1981,52
6/12/1981,50
6/13/1981,47
6/14/1981,42
6/15/1981,42
6/16/1981,41
6/17/1981,39
6/18/1981,37
6/19/1981,34
6/20/1981,32
6/21/1981,30
6/22/1981,28
6/23/1981,27
6/24/1981,27
6/25/1981,27
6/26/1981,24
6/27/1981,23
6/28/1981,21
6/29/1981,18
6/30/1981,20
7/1/1981,20
7/2/1981,18
7/3/1981,16
7/4/1981,14
7/5/1981,15
7/6/1981,14
7/7/1981,13
7/8/1981,14
7/9/1981,14
7/10/1981,12
7/11/1981,11
7/12/1981,8
7/13/1981,9
7/14/1981,9
7/15/1981,19
7/16/1981,24
7/17/1981,25
7/18/1981,22
7/19/1981,21
7/20/1981,20
7/21/1981,13
7/22/1981,9
7/23/1981,7
7/24/1981,8
7/25/1981,6
7/26/1981,5
7/27/1981,5
7/28/1981,3
7/29/1981,2
7/30/1981,2
7/31/1981,3
8/1/1981,2
8/2/1981,9
8/3/1981,15
8/4/1981,15
8/5/1981,16
8/6/1981,15
8/7/1981,16
8/8/1981,15
8/9/1981,16
8/10/1981,17
8/11/1981,16
8/12/1981,17
8/13/1981,13
8/14/1981,14
8/15/1981,13
8/16/1981,12
8/17/1981,13
8/18/1981,13
8/19/1981,12
8/20/1981,12
8/21/1981,12
8/22/1981,9
8/23/1981,6
8/24/1981,5
8/25/1981,4
8/26/1981,3
8/27/1981,1
8/28/1981,2
8/29/1981,0
8/30/1981,0
8/31/1981,1
9/1/1981,1
9/2/1981,1
9/3/1981,0
9/4/1981,0
9/5/1981,0
9/6/1981,0
9/7/1981,0
9/8/1981,0
9/9/1981,0
9/10/1981,0
9/11/1981,0
9/12/1981,0
9/13/1981,0
9/14/1981,0
9/15/1981,0
9/16/1981,0
9/17/1981,0
9/18/1981,1
9/19/1981,0
9/20/1981,0
9/21/1981,1
9/22/1981,1
9/23/1981,1
9/24/1981,0
9/25/1981,2
9/26/1981,2
9/27/1981,3
9/28/1981,4
9/29/1981,6
9/30/1981,7
10/1/1981,6
10/2/1981,6
10/3/1981,7
10/4/1981,7
10/5/1981,6
10/6/1981,8
10/7/1981,12
10/8/1981,13
10/9/1981,16
10/10/1981,28
10/11/1981,28
10/12/1981,37
10/13/1981,44
10/14/1981,34
10/15/1981,27
10/16/1981,22
10/17/1981,20
10/18/1981,19
10/19/1981,18
10/20/1981,18
10/21/1981,18
10/22/1981,19
10/23/1981,18
10/24/1981,17
10/25/1981,17
10/26/1981,17
10/27/1981,17
10/28/1981,36
10/29/1981,148
10/30/1981,121
10/31/1981,73
11/1/1981,52
11/2/1981,43
11/3/1981,41
11/4/1981,37
11/5/1981,34
11/6/1981,33
11/7/1981,28
11/8/1981,27
11/9/1981,30
11/10/1981,29
11/11/1981,28
11/12/1981,37
11/13/1981,705
11/14/1981,1860
11/15/1981,497
11/16/1981,311
11/17/1981,1070
11/18/1981,643
11/19/1981,344
11/20/1981,247
11/21/1981,748
11/22/1981,2410
11/23/1981,847
11/24/1981,2290
11/25/1981,1260
11/26/1981,827
11/27/1981,832
11/28/1981,933
11/29/1981,594
11/30/1981,461
12/1/1981,377
12/2/1981,328
12/3/1981,297
12/4/1981,270
12/5/1981,250
12/6/1981,235
12/7/1981,218
12/8/1981,204
12/9/1981,199
12/10/1981,491
12/11/1981,337
12/12/1981,275
12/13/1981,312
12/14/1981,301
12/15/1981,286
12/16/1981,286
12/17/1981,269
12/18/1981,253
12/19/1981,1710
12/20/1981,10100
12/21/1981,5230
12/22/1981,2650
12/23/1981,1680
12/24/1981,1230
12/25/1981,977
12/26/1981,820
12/27/1981,904
12/28/1981,880
12/29/1981,2100
12/30/1981,3510
12/31/1981,2510
1/1/1982,3420
1/2/1982,2990
1/3/1982,2070
1/4/1982,7020
1/5/1982,17400
1/6/1982,4760
1/7/1982,2800
1/8/1982,2090
1/9/1982,1730
1/10/1982,1510
1/11/1982,1310
1/12/1982,1170
1/13/1982,1060
1/14/1982,973
1/15/1982,913
1/16/1982,866
1/17/1982,828
1/18/1982,810
1/19/1982,1110
1/20/1982,1610
1/21/1982,2320
1/22/1982,1440
1/23/1982,1110
1/24/1982,1020
1/25/1982,965
1/26/1982,1750
1/27/1982,1950
1/28/1982,1740
1/29/1982,1510
1/30/1982,1250
1/31/1982,1120
2/1/1982,1030
2/2/1982,958
2/3/1982,914
2/4/1982,885
2/5/1982,843
2/6/1982,799
2/7/1982,770
2/8/1982,758
2/9/1982,736
2/10/1982,717
2/11/1982,693
2/12/1982,657
2/13/1982,653
2/14/1982,2040
2/15/1982,11100
2/16/1982,25400
2/17/1982,8800
2/18/1982,5300
2/19/1982,3790
2/20/1982,3130
2/21/1982,2780
2/22/1982,2590
2/23/1982,2360
2/24/1982,2110
2/25/1982,1910
2/26/1982,1740
2/27/1982,1600
2/28/1982,1480
3/1/1982,1620
3/2/1982,3890
3/3/1982,3030
3/4/1982,2280
3/5/1982,1980
3/6/1982,1750
3/7/1982,1610
3/8/1982,1500
3/9/1982,1380
3/10/1982,1460
3/11/1982,3230
3/12/1982,3060
3/13/1982,2520
3/14/1982,3640
3/15/1982,3690
3/16/1982,3600
3/17/1982,3850
3/18/1982,5000
3/19/1982,3350
3/20/1982,2590
3/21/1982,2230
3/22/1982,1990
3/23/1982,1820
3/24/1982,1690
3/25/1982,1600
3/26/1982,1690
3/27/1982,1740
3/28/1982,2300
3/29/1982,3090
3/30/1982,3120
3/31/1982,11400
4/1/1982,6790
4/2/1982,4500
4/3/1982,6800
4/4/1982,6290
4/5/1982,3860
4/6/1982,3260
4/7/1982,2650
4/8/1982,2300
4/9/1982,2120
4/10/1982,2550
4/11/1982,12300
4/12/1982,11400
4/13/1982,6750
4/14/1982,5110
4/15/1982,4190
4/16/1982,3570
4/17/1982,3160
4/18/1982,2930
4/19/1982,2800
4/20/1982,2730
4/21/1982,2630
4/22/1982,2570
4/23/1982,2540
4/24/1982,2520
4/25/1982,2420
4/26/1982,2320
4/27/1982,2210
4/28/1982,2210
4/29/1982,2190
4/30/1982,2090
5/1/1982,2090
5/2/1982,2060
5/3/1982,2040
5/4/1982,2030
5/5/1982,1990
5/6/1982,1850
5/7/1982,1780
5/8/1982,1750
5/9/1982,1640
5/10/1982,1510
5/11/1982,1380
5/12/1982,1250
5/13/1982,1170
5/14/1982,1140
5/15/1982,1110
5/16/1982,1080
5/17/1982,1090
5/18/1982,1060
5/19/1982,1020
5/20/1982,959
5/21/1982,941
5/22/1982,930
5/23/1982,920
5/24/1982,911
5/25/1982,901
5/26/1982,882
5/27/1982,867
5/28/1982,841
5/29/1982,757
5/30/1982,690
5/31/1982,645
6/1/1982,614
6/2/1982,576
6/3/1982,542
6/4/1982,510
6/5/1982,483
6/6/1982,458
6/7/1982,430
6/8/1982,406
6/9/1982,383
6/10/1982,367
6/11/1982,353
6/12/1982,346
6/13/1982,338
6/14/1982,323
6/15/1982,307
6/16/1982,293
6/17/1982,283
6/18/1982,275
6/19/1982,271
6/20/1982,275
6/21/1982,266
6/22/1982,246
6/23/1982,229
6/24/1982,214
6/25/1982,206
6/26/1982,201
6/27/1982,192
6/28/1982,183
6/29/1982,181
6/30/1982,204
7/1/1982,222
7/2/1982,210
7/3/1982,208
7/4/1982,203
7/5/1982,192
7/6/1982,180
7/7/1982,179
7/8/1982,163
7/9/1982,155
7/10/1982,148
7/11/1982,141
7/12/1982,132
7/13/1982,131
7/14/1982,128
7/15/1982,121
7/16/1982,115
7/17/1982,113
7/18/1982,105
7/19/1982,106
7/20/1982,105
7/21/1982,98
7/22/1982,95
7/23/1982,91
7/24/1982,90
7/25/1982,89
7/26/1982,90
7/27/1982,84
7/28/1982,80
7/29/1982,76
7/30/1982,74
7/31/1982,70
8/1/1982,64
8/2/1982,64
8/3/1982,64
8/4/1982,66
8/5/1982,65
8/6/1982,65
8/7/1982,64
8/8/1982,66
8/9/1982,70
8/10/1982,67
8/11/1982,62
8/12/1982,59
8/13/1982,58
8/14/1982,58
8/15/1982,57
8/16/1982,58
8/17/1982,57
8/18/1982,55
8/19/1982,52
8/20/1982,51
8/21/1982,49
8/22/1982,47
8/23/1982,46
8/24/1982,46
8/25/1982,46
8/26/1982,44
8/27/1982,43
8/28/1982,42
8/29/1982,42
8/30/1982,44
8/31/1982,45
9/1/1982,46
9/2/1982,43
9/3/1982,43
9/4/1982,42
9/5/1982,42
9/6/1982,43
9/7/1982,41
9/8/1982,41
9/9/1982,39
9/10/1982,38
9/11/1982,37
9/12/1982,36
9/13/1982,37
9/14/1982,38
9/15/1982,43
9/16/1982,50
9/17/1982,105
9/18/1982,100
9/19/1982,94
9/20/1982,89
9/21/1982,78
9/22/1982,71
9/23/1982,63
9/24/1982,71
9/25/1982,158
9/26/1982,335
9/27/1982,214
9/28/1982,128
9/29/1982,101
9/30/1982,90
10/1/1982,83
10/2/1982,78
10/3/1982,76
10/4/1982,75
10/5/1982,75
10/6/1982,73
10/7/1982,82
10/8/1982,97
10/9/1982,86
10/10/1982,77
10/11/1982,72
10/12/1982,70
10/13/1982,68
10/14/1982,67
10/15/1982,65
10/16/1982,63
10/17/1982,64
10/18/1982,65
10/19/1982,66
10/20/1982,66
10/21/1982,66
10/22/1982,69
10/23/1982,78
10/24/1982,106
10/25/1982,141
10/26/1982,1390
10/27/1982,653
10/28/1982,323
10/29/1982,235
10/30/1982,734
10/31/1982,1010
11/1/1982,470
11/2/1982,310
11/3/1982,248
11/4/1982,215
11/5/1982,191
11/6/1982,174
11/7/1982,162
11/8/1982,159
11/9/1982,170
11/10/1982,183
11/11/1982,191
11/12/1982,169
11/13/1982,160
11/14/1982,153
11/15/1982,147
11/16/1982,143
11/17/1982,145
11/18/1982,1460
11/19/1982,2670
11/20/1982,1020
11/21/1982,668
11/22/1982,663
11/23/1982,870
11/24/1982,648
11/25/1982,540
11/26/1982,469
11/27/1982,419
11/28/1982,432
11/29/1982,2130
11/30/1982,8000
12/1/1982,3360
12/2/1982,1580
12/3/1982,1110
12/4/1982,917
12/5/1982,809
12/6/1982,725
12/7/1982,662
12/8/1982,608
12/9/1982,569
12/10/1982,531
12/11/1982,490
12/12/1982,468
12/13/1982,562
12/14/1982,501
12/15/1982,461
12/16/1982,432
12/17/1982,579
12/18/1982,725
12/19/1982,607
12/20/1982,730
12/21/1982,11200
12/22/1982,13800
12/23/1982,10700
12/24/1982,4920
12/25/1982,3250
12/26/1982,2500
12/27/1982,2020
12/28/1982,1620
12/29/1982,1440
12/30/1982,1270
12/31/1982,1130
1/1/1983,1010
1/2/1983,927
1/3/1983,867
1/4/1983,814
1/5/1983,773
1/6/1983,735
1/7/1983,703
1/8/1983,686
1/9/1983,670
1/10/1983,645
1/11/1983,626
1/12/1983,611
1/13/1983,597
1/14/1983,581
1/15/1983,571
1/16/1983,576
1/17/1983,633
1/18/1983,642
1/19/1983,1220
1/20/1983,868
1/21/1983,734
1/22/1983,2550
1/23/1983,3180
1/24/1983,11500
1/25/1983,5600
1/26/1983,3800
1/27/1983,10900
1/28/1983,5110
1/29/1983,6720
1/30/1983,6550
1/31/1983,3490
2/1/1983,2680
2/2/1983,2230
2/3/1983,1910
2/4/1983,1700
2/5/1983,1540
2/6/1983,1770
2/7/1983,5830
2/8/1983,10200
2/9/1983,5660
2/10/1983,4100
2/11/1983,3280
2/12/1983,3430
2/13/1983,6500
2/14/1983,4100
2/15/1983,3300
2/16/1983,2830
2/17/1983,2440
2/18/1983,3020
2/19/1983,2970
2/20/1983,2450
2/21/1983,2180
2/22/1983,2000
2/23/1983,1880
2/24/1983,1810
2/25/1983,2110
2/26/1983,3310
2/27/1983,3710
2/28/1983,6100
3/1/1983,8020
3/2/1983,9700
3/3/1983,7150
3/4/1983,6410
3/5/1983,4910
3/6/1983,4260
3/7/1983,5050
3/8/1983,4260
3/9/1983,3610
3/10/1983,3350
3/11/1983,4130
3/12/1983,4530
3/13/1983,18400
3/14/1983,10300
3/15/1983,6440
3/16/1983,5190
3/17/1983,5210
3/18/1983,4990
3/19/1983,3890
3/20/1983,3520
3/21/1983,4450
3/22/1983,3710
3/23/1983,3590
3/24/1983,4910
3/25/1983,4790
3/26/1983,3610
3/27/1983,3380
3/28/1983,3020
3/29/1983,2560
3/30/1983,2350
3/31/1983,3210
4/1/1983,2940
4/2/1983,3090
4/3/1983,2790
4/4/1983,2520
4/5/1983,2270
4/6/1983,2040
4/7/1983,1880
4/8/1983,1770
4/9/1983,1680
4/10/1983,1640
4/11/1983,1560
4/12/1983,1500
4/13/1983,1410
4/14/1983,1370
4/15/1983,1260
4/16/1983,1190
4/17/1983,1140
4/18/1983,1130
4/19/1983,1150
4/20/1983,1750
4/21/1983,1610
4/22/1983,1430
4/23/1983,1570
4/24/1983,2730
4/25/1983,3180
4/26/1983,2220
4/27/1983,1930
4/28/1983,3830
4/29/1983,5410
4/30/1983,5470
5/1/1983,4650
5/2/1983,3490
5/3/1983,2940
5/4/1983,2670
5/5/1983,2630
5/6/1983,3030
5/7/1983,2400
5/8/1983,2190
5/9/1983,2060
5/10/1983,1950
5/11/1983,1840
5/12/1983,1760
5/13/1983,1710
5/14/1983,1660
5/15/1983,1660
5/16/1983,1700
5/17/1983,1670
5/18/1983,1680
5/19/1983,1750
5/20/1983,1820
5/21/1983,1940
5/22/1983,2080
5/23/1983,2140
5/24/1983,2200
5/25/1983,2210
5/26/1983,2270
5/27/1983,2270
5/28/1983,2240
5/29/1983,2180
5/30/1983,2090
5/31/1983,1890
6/1/1983,1810
6/2/1983,1590
6/3/1983,1430
6/4/1983,1310
6/5/1983,1310
6/6/1983,1320
6/7/1983,1350
6/8/1983,1270
6/9/1983,1230
6/10/1983,1230
6/11/1983,1370
6/12/1983,1310
6/13/1983,1130
6/14/1983,1070
6/15/1983,1090
6/16/1983,1060
6/17/1983,1030
6/18/1983,1030
6/19/1983,929
6/20/1983,844
6/21/1983,803
6/22/1983,781
6/23/1983,792
6/24/1983,780
6/25/1983,751
6/26/1983,729
6/27/1983,709
6/28/1983,679
6/29/1983,650
6/30/1983,625
7/1/1983,596
7/2/1983,569
7/3/1983,601
7/4/1983,575
7/5/1983,555
7/6/1983,546
7/7/1983,526
7/8/1983,490
7/9/1983,438
7/10/1983,393
7/11/1983,366
7/12/1983,354
7/13/1983,347
7/14/1983,338
7/15/1983,333
7/16/1983,317
7/17/1983,299
7/18/1983,287
7/19/1983,272
7/20/1983,259
7/21/1983,248
7/22/1983,234
7/23/1983,225
7/24/1983,215
7/25/1983,208
7/26/1983,205
7/27/1983,199
7/28/1983,191
7/29/1983,185
7/30/1983,177
7/31/1983,171
8/1/1983,166
8/2/1983,158
8/3/1983,151
8/4/1983,145
8/5/1983,142
8/6/1983,132
8/7/1983,128
8/8/1983,124
8/9/1983,121
8/10/1983,117
8/11/1983,115
8/12/1983,113
8/13/1983,110
8/14/1983,103
8/15/1983,102
8/16/1983,112
8/17/1983,109
8/18/1983,102
8/19/1983,99
8/20/1983,100
8/21/1983,109
8/22/1983,111
8/23/1983,108
8/24/1983,106
8/25/1983,102
8/26/1983,99
8/27/1983,96
8/28/1983,93
8/29/1983,89
8/30/1983,87
8/31/1983,85
9/1/1983,86
9/2/1983,124
9/3/1983,148
9/4/1983,111
9/5/1983,101
9/6/1983,94
9/7/1983,89
9/8/1983,84
9/9/1983,81
9/10/1983,80
9/11/1983,78
9/12/1983,77
9/13/1983,76
9/14/1983,72
9/15/1983,68
9/16/1983,66
9/17/1983,65
9/18/1983,63
9/19/1983,63
9/20/1983,63
9/21/1983,62
9/22/1983,63
9/23/1983,69
9/24/1983,87
9/25/1983,89
9/26/1983,85
9/27/1983,83
9/28/1983,79
9/29/1983,77
9/30/1983,77
10/1/1983,91
10/2/1983,104
10/3/1983,106
10/4/1983,102
10/5/1983,91
10/6/1983,84
10/7/1983,81
10/8/1983,80
10/9/1983,79
10/10/1983,78
10/11/1983,82
10/12/1983,80
10/13/1983,74
10/14/1983,72
10/15/1983,71
10/16/1983,71
10/17/1983,70
10/18/1983,70
10/19/1983,70
10/20/1983,68
10/21/1983,70
10/22/1983,70
10/23/1983,69
10/24/1983,70
10/25/1983,75
10/26/1983,75
10/27/1983,70
10/28/1983,69
10/29/1983,70
10/30/1983,80
10/31/1983,126
11/1/1983,378
11/2/1983,366
11/3/1983,234
11/4/1983,157
11/5/1983,133
11/6/1983,122
11/7/1983,115
11/8/1983,115
11/9/1983,115
11/10/1983,132
11/11/1983,1660
11/12/1983,912
11/13/1983,1080
11/14/1983,1200
11/15/1983,587
11/16/1983,602
11/17/1983,7420
11/18/1983,3250
11/19/1983,1490
11/20/1983,4310
11/21/1983,2630
11/22/1983,1480
11/23/1983,1140
11/24/1983,5260
11/25/1983,4880
11/26/1983,2460
11/27/1983,1680
11/28/1983,1280
11/29/1983,1030
11/30/1983,895
12/1/1983,795
12/2/1983,772
12/3/1983,2050
12/4/1983,3010
12/5/1983,1740
12/6/1983,1420
12/7/1983,1160
12/8/1983,1080
12/9/1983,1280
12/10/1983,2900
12/11/1983,3560
12/12/1983,3340
12/13/1983,2440
12/14/1983,2060
12/15/1983,1810
12/16/1983,1600
12/17/1983,1720
12/18/1983,1530
12/19/1983,1340
12/20/1983,1250
12/21/1983,1130
12/22/1983,1090
12/23/1983,1480
12/24/1983,4230
12/25/1983,11900
12/26/1983,14100
12/27/1983,11200
12/28/1983,7010
12/29/1983,4670
12/30/1983,4450
12/31/1983,4080
1/1/1984,3190
1/2/1984,2670
1/3/1984,2280
1/4/1984,2010
1/5/1984,1860
1/6/1984,1710
1/7/1984,1570
1/8/1984,1440
1/9/1984,1320
1/10/1984,1230
1/11/1984,1160
1/12/1984,1060
1/13/1984,1020
1/14/1984,980
1/15/1984,911
1/16/1984,997
1/17/1984,936
1/18/1984,861
1/19/1984,829
1/20/1984,791
1/21/1984,753
1/22/1984,738
1/23/1984,724
1/24/1984,696
1/25/1984,675
1/26/1984,655
1/27/1984,628
1/28/1984,609
1/29/1984,584
1/30/1984,572
1/31/1984,560
2/1/1984,543
2/2/1984,531
2/3/1984,517
2/4/1984,502
2/5/1984,489
2/6/1984,477
2/7/1984,465
2/8/1984,457
2/9/1984,471
2/10/1984,804
2/11/1984,703
2/12/1984,617
2/13/1984,682
2/14/1984,1440
2/15/1984,1380
2/16/1984,2290
2/17/1984,1640
2/18/1984,1310
2/19/1984,1150
2/20/1984,1040
2/21/1984,3160
2/22/1984,1980
2/23/1984,1500
2/24/1984,1290
2/25/1984,1220
2/26/1984,1100
2/27/1984,1010
2/28/1984,960
2/29/1984,903
3/1/1984,871
3/2/1984,846
3/3/1984,833
3/4/1984,823
3/5/1984,805
3/6/1984,777
3/7/1984,766
3/8/1984,749
3/9/1984,737
3/10/1984,722
3/11/1984,705
3/12/1984,688
3/13/1984,951
3/14/1984,2650
3/15/1984,2000
3/16/1984,1800
3/17/1984,2420
3/18/1984,1820
3/19/1984,1610
3/20/1984,1510
3/21/1984,1430
3/22/1984,1330
3/23/1984,1230
3/24/1984,1150
3/25/1984,1100
3/26/1984,1050
3/27/1984,1030
3/28/1984,957
3/29/1984,908
3/30/1984,881
3/31/1984,886
4/1/1984,889
4/2/1984,857
4/3/1984,822
4/4/1984,794
4/5/1984,774
4/6/1984,771
4/7/1984,746
4/8/1984,726
4/9/1984,783
4/10/1984,771
4/11/1984,831
4/12/1984,789
4/13/1984,740
4/14/1984,703
4/15/1984,680
4/16/1984,669
4/17/1984,664
4/18/1984,668
4/19/1984,781
4/20/1984,897
4/21/1984,831
4/22/1984,773
4/23/1984,735
4/24/1984,710
4/25/1984,682
4/26/1984,664
4/27/1984,645
4/28/1984,623
4/29/1984,595
4/30/1984,568
5/1/1984,551
5/2/1984,597
5/3/1984,686
5/4/1984,688
5/5/1984,675
5/6/1984,656
5/7/1984,629
5/8/1984,603
5/9/1984,584
5/10/1984,575
5/11/1984,576
5/12/1984,571
5/13/1984,568
5/14/1984,564
5/15/1984,556
5/16/1984,533
5/17/1984,495
5/18/1984,460
5/19/1984,435
5/20/1984,419
5/21/1984,406
5/22/1984,397
5/23/1984,386
5/24/1984,372
5/25/1984,356
5/26/1984,339
5/27/1984,324
5/28/1984,309
5/29/1984,294
5/30/1984,275
5/31/1984,260
6/1/1984,250
6/2/1984,238
6/3/1984,221
6/4/1984,211
6/5/1984,251
6/6/1984,294
6/7/1984,274
6/8/1984,265
6/9/1984,238
6/10/1984,218
6/11/1984,202
6/12/1984,188
6/13/1984,177
6/14/1984,172
6/15/1984,166
6/16/1984,169
6/17/1984,165
6/18/1984,155
6/19/1984,143
6/20/1984,138
6/21/1984,133
6/22/1984,130
6/23/1984,127
6/24/1984,122
6/25/1984,118
6/26/1984,111
6/27/1984,107
6/28/1984,103
6/29/1984,100
6/30/1984,97
7/1/1984,93
7/2/1984,91
7/3/1984,90
7/4/1984,90
7/5/1984,88
7/6/1984,87
7/7/1984,85
7/8/1984,80
7/9/1984,77
7/10/1984,75
7/11/1984,74
7/12/1984,72
7/13/1984,71
7/14/1984,69
7/15/1984,69
7/16/1984,67
7/17/1984,66
7/18/1984,66
7/19/1984,64
7/20/1984,62
7/21/1984,59
7/22/1984,57
7/23/1984,57
7/24/1984,58
7/25/1984,60
7/26/1984,59
7/27/1984,58
7/28/1984,56
7/29/1984,55
7/30/1984,54
7/31/1984,52
8/1/1984,50
8/2/1984,49
8/3/1984,48
8/4/1984,47
8/5/1984,47
8/6/1984,46
8/7/1984,45
8/8/1984,44
8/9/1984,43
8/10/1984,42
8/11/1984,41
8/12/1984,39
8/13/1984,39
8/14/1984,39
8/15/1984,39
8/16/1984,38
8/17/1984,38
8/18/1984,39
8/19/1984,38
8/20/1984,37
8/21/1984,37
8/22/1984,36
8/23/1984,35
8/24/1984,35
8/25/1984,35
8/26/1984,34
8/27/1984,35
8/28/1984,36
8/29/1984,35
8/30/1984,35
8/31/1984,34
9/1/1984,34
9/2/1984,35
9/3/1984,37
9/4/1984,37
9/5/1984,35
9/6/1984,32
9/7/1984,31
9/8/1984,31
9/9/1984,30
9/10/1984,30
9/11/1984,30
9/12/1984,29
9/13/1984,29
9/14/1984,29
9/15/1984,29
9/16/1984,29
9/17/1984,29
9/18/1984,29
9/19/1984,29
9/20/1984,28
9/21/1984,28
9/22/1984,29
9/23/1984,29
9/24/1984,30
9/25/1984,30
9/26/1984,30
9/27/1984,31
9/28/1984,30
9/29/1984,30
9/30/1984,31
10/1/1984,32
10/2/1984,35
10/3/1984,43
10/4/1984,48
10/5/1984,46
10/6/1984,45
10/7/1984,45
10/8/1984,44
10/9/1984,43
10/10/1984,41
10/11/1984,50
10/12/1984,85
10/13/1984,107
10/14/1984,79
10/15/1984,68
10/16/1984,65
10/17/1984,81
10/18/1984,153
10/19/1984,105
10/20/1984,87
10/21/1984,90
10/22/1984,86
10/23/1984,79
10/24/1984,75
10/25/1984,68
10/26/1984,64
10/27/1984,67
10/28/1984,74
10/29/1984,76
10/30/1984,75
10/31/1984,75
11/1/1984,73
11/2/1984,69
11/3/1984,95
11/4/1984,154
11/5/1984,106
11/6/1984,91
11/7/1984,99
11/8/1984,192
11/9/1984,352
11/10/1984,198
11/11/1984,184
11/12/1984,226
11/13/1984,721
11/14/1984,702
11/15/1984,370
11/16/1984,256
11/17/1984,200
11/18/1984,195
11/19/1984,198
11/20/1984,170
11/21/1984,197
11/22/1984,204
11/23/1984,164
11/24/1984,359
11/25/1984,541
11/26/1984,365
11/27/1984,283
11/28/1984,799
11/29/1984,722
11/30/1984,516
12/1/1984,391
12/2/1984,314
12/3/1984,296
12/4/1984,263
12/5/1984,231
12/6/1984,214
12/7/1984,198
12/8/1984,184
12/9/1984,173
12/10/1984,286
12/11/1984,389
12/12/1984,303
12/13/1984,256
12/14/1984,233
12/15/1984,217
12/16/1984,304
12/17/1984,293
12/18/1984,249
12/19/1984,224
12/20/1984,216
12/21/1984,203
12/22/1984,189
12/23/1984,176
12/24/1984,169
12/25/1984,166
12/26/1984,161
12/27/1984,158
12/28/1984,154
12/29/1984,148
12/30/1984,143
12/31/1984,139
1/1/1985,135
1/2/1985,129
1/3/1985,128
1/4/1985,126
1/5/1985,123
1/6/1985,123
1/7/1985,127
1/8/1985,193
1/9/1985,227
1/10/1985,201
1/11/1985,181
1/12/1985,167
1/13/1985,157
1/14/1985,148
1/15/1985,143
1/16/1985,139
1/17/1985,135
1/18/1985,132
1/19/1985,130
1/20/1985,130
1/21/1985,130
1/22/1985,131
1/23/1985,130
1/24/1985,129
1/25/1985,125
1/26/1985,125
1/27/1985,125
1/28/1985,128
1/29/1985,139
1/30/1985,144
1/31/1985,135
2/1/1985,123
2/2/1985,131
2/3/1985,150
2/4/1985,147
2/5/1985,133
2/6/1985,124
2/7/1985,136
2/8/1985,2990
2/9/1985,1900
2/10/1985,837
2/11/1985,641
2/12/1985,502
2/13/1985,416
2/14/1985,363
2/15/1985,330
2/16/1985,310
2/17/1985,302
2/18/1985,300
2/19/1985,300
2/20/1985,303
2/21/1985,304
2/22/1985,298
2/23/1985,290
2/24/1985,289
2/25/1985,288
2/26/1985,288
2/27/1985,291
2/28/1985,292
3/1/1985,285
3/2/1985,286
3/3/1985,298
3/4/1985,276
3/5/1985,280
3/6/1985,329
3/7/1985,782
3/8/1985,688
3/9/1985,513
3/10/1985,685
3/11/1985,1110
3/12/1985,783
3/13/1985,643
3/14/1985,548
3/15/1985,489
3/16/1985,455
3/17/1985,437
3/18/1985,438
3/19/1985,464
3/20/1985,447
3/21/1985,442
3/22/1985,441
3/23/1985,427
3/24/1985,413
3/25/1985,438
3/26/1985,432
3/27/1985,872
3/28/1985,1150
3/29/1985,851
3/30/1985,708
3/31/1985,634
4/1/1985,604
4/2/1985,612
4/3/1985,685
4/4/1985,777
4/5/1985,812
4/6/1985,833
4/7/1985,837
4/8/1985,824
4/9/1985,802
4/10/1985,794
4/11/1985,774
4/12/1985,724
4/13/1985,696
4/14/1985,708
4/15/1985,717
4/16/1985,697
4/17/1985,650
4/18/1985,630
4/19/1985,563
4/20/1985,523
4/21/1985,495
4/22/1985,481
4/23/1985,453
4/24/1985,431
4/25/1985,418
4/26/1985,398
4/27/1985,375
4/28/1985,362
4/29/1985,371
4/30/1985,370
5/1/1985,380
5/2/1985,389
5/3/1985,398
5/4/1985,383
5/5/1985,360
5/6/1985,347
5/7/1985,340
5/8/1985,326
5/9/1985,309
5/10/1985,289
5/11/1985,272
5/12/1985,255
5/13/1985,245
5/14/1985,241
5/15/1985,241
5/16/1985,236
5/17/1985,232
5/18/1985,227
5/19/1985,224
5/20/1985,219
5/21/1985,213
5/22/1985,205
5/23/1985,195
5/24/1985,186
5/25/1985,179
5/26/1985,172
5/27/1985,165
5/28/1985,159
5/29/1985,148
5/30/1985,143
5/31/1985,129
6/1/1985,124
6/2/1985,127
6/3/1985,137
6/4/1985,141
6/5/1985,120
6/6/1985,109
6/7/1985,97
6/8/1985,92
6/9/1985,80
6/10/1985,82
6/11/1985,77
6/12/1985,70
6/13/1985,63
6/14/1985,59
6/15/1985,53
6/16/1985,51
6/17/1985,51
6/18/1985,51
6/19/1985,51
6/20/1985,45
6/21/1985,43
6/22/1985,41
6/23/1985,40
6/24/1985,39
6/25/1985,38
6/26/1985,37
6/27/1985,34
6/28/1985,33
6/29/1985,32
6/30/1985,30
7/1/1985,29
7/2/1985,29
7/3/1985,29
7/4/1985,28
7/5/1985,27
7/6/1985,28
7/7/1985,25
7/8/1985,25
7/9/1985,25
7/10/1985,24
7/11/1985,23
7/12/1985,22
7/13/1985,22
7/14/1985,22
7/15/1985,22
7/16/1985,21
7/17/1985,20
7/18/1985,18
7/19/1985,17
7/20/1985,16
7/21/1985,15
7/22/1985,15
7/23/1985,15
7/24/1985,15
7/25/1985,15
7/26/1985,15
7/27/1985,14
7/28/1985,13
7/29/1985,12
7/30/1985,12
7/31/1985,12
8/1/1985,12
8/2/1985,12
8/3/1985,12
8/4/1985,12
8/5/1985,12
8/6/1985,12
8/7/1985,13
8/8/1985,13
8/9/1985,12
8/10/1985,11
8/11/1985,10
8/12/1985,10
8/13/1985,10
8/14/1985,10
8/15/1985,10
8/16/1985,9
8/17/1985,9
8/18/1985,10
8/19/1985,10
8/20/1985,11
8/21/1985,12
8/22/1985,13
8/23/1985,14
8/24/1985,13
8/25/1985,12
8/26/1985,11
8/27/1985,11
8/28/1985,10
8/29/1985,10
8/30/1985,9
8/31/1985,9
9/1/1985,9
9/2/1985,8
9/3/1985,8
9/4/1985,8
9/5/1985,8
9/6/1985,9
9/7/1985,9
9/8/1985,11
9/9/1985,22
9/10/1985,74
9/11/1985,79
9/12/1985,54
9/13/1985,41
9/14/1985,33
9/15/1985,29
9/16/1985,27
9/17/1985,25
9/18/1985,24
9/19/1985,22
9/20/1985,22
9/21/1985,22
9/22/1985,23
9/23/1985,22
9/24/1985,21
9/25/1985,21
9/26/1985,19
9/27/1985,19
9/28/1985,19
9/29/1985,19
9/30/1985,18
10/1/1985,18
10/2/1985,18
10/3/1985,19
10/4/1985,19
10/5/1985,18
10/6/1985,17
10/7/1985,17
10/8/1985,17
10/9/1985,26
10/10/1985,33
10/11/1985,38
10/12/1985,30
10/13/1985,27
10/14/1985,26
10/15/1985,24
10/16/1985,23
10/17/1985,22
10/18/1985,22
10/19/1985,22
10/20/1985,22
10/21/1985,31
10/22/1985,42
10/23/1985,58
10/24/1985,45
10/25/1985,38
10/26/1985,37
10/27/1985,37
10/28/1985,36
10/29/1985,33
10/30/1985,32
10/31/1985,31
11/1/1985,30
11/2/1985,31
11/3/1985,30
11/4/1985,30
11/5/1985,29
11/6/1985,29
11/7/1985,29
11/8/1985,28
11/9/1985,28
11/10/1985,55
11/11/1985,140
11/12/1985,94
11/13/1985,65
11/14/1985,52
11/15/1985,46
11/16/1985,46
11/17/1985,50
11/18/1985,68
11/19/1985,63
11/20/1985,54
11/21/1985,47
11/22/1985,49
11/23/1985,49
11/24/1985,78
11/25/1985,407
11/26/1985,335
11/27/1985,172
11/28/1985,160
11/29/1985,596
11/30/1985,707
12/1/1985,317
12/2/1985,319
12/3/1985,1170
12/4/1985,636
12/5/1985,453
12/6/1985,399
12/7/1985,380
12/8/1985,585
12/9/1985,437
12/10/1985,328
12/11/1985,265
12/12/1985,218
12/13/1985,186
12/14/1985,184
12/15/1985,168
12/16/1985,156
12/17/1985,146
12/18/1985,137
12/19/1985,130
12/20/1985,127
12/21/1985,125
12/22/1985,123
12/23/1985,121
12/24/1985,121
12/25/1985,122
12/26/1985,123
12/27/1985,124
12/28/1985,126
12/29/1985,143
12/30/1985,761
12/31/1985,601
1/1/1986,378
1/2/1986,308
1/3/1986,270
1/4/1986,504
1/5/1986,1210
1/6/1986,1270
1/7/1986,755
1/8/1986,581
1/9/1986,471
1/10/1986,395
1/11/1986,342
1/12/1986,304
1/13/1986,276
1/14/1986,317
1/15/1986,417
1/16/1986,568
1/17/1986,2650
1/18/1986,1540
1/19/1986,1050
1/20/1986,862
1/21/1986,712
1/22/1986,612
1/23/1986,617
1/24/1986,565
1/25/1986,483
1/26/1986,434
1/27/1986,396
1/28/1986,363
1/29/1986,343
1/30/1986,832
1/31/1986,1290
2/1/1986,1400
2/2/1986,1350
2/3/1986,1820
2/4/1986,1570
2/5/1986,1080
2/6/1986,924
2/7/1986,765
2/8/1986,666
2/9/1986,596
2/10/1986,528
2/11/1986,477
2/12/1986,520
2/13/1986,1960
2/14/1986,2190
2/15/1986,8050
2/16/1986,14900
2/17/1986,34400
2/18/1986,32200
2/19/1986,32300
2/20/1986,15600
2/21/1986,8500
2/22/1986,5750
2/23/1986,4300
2/24/1986,3440
2/25/1986,2920
2/26/1986,2540
2/27/1986,2270
2/28/1986,2060
3/1/1986,1880
3/2/1986,1730
3/3/1986,1570
3/4/1986,1450
3/5/1986,1360
3/6/1986,1270
3/7/1986,1650
3/8/1986,9440
3/9/1986,6270
3/10/1986,5500
3/11/1986,6530
3/12/1986,5810
3/13/1986,4430
3/14/1986,3550
3/15/1986,4090
3/16/1986,4630
3/17/1986,3390
3/18/1986,2660
3/19/1986,2280
3/20/1986,2070
3/21/1986,1910
3/22/1986,1820
3/23/1986,1760
3/24/1986,1700
3/25/1986,1670
3/26/1986,1600
3/27/1986,1560
3/28/1986,1530
3/29/1986,1480
3/30/1986,1510
3/31/1986,1460
4/1/1986,1380
4/2/1986,1310
4/3/1986,1190
4/4/1986,1090
4/5/1986,1030
4/6/1986,1000
4/7/1986,1240
4/8/1986,1160
4/9/1986,1010
4/10/1986,946
4/11/1986,886
4/12/1986,844
4/13/1986,843
4/14/1986,795
4/15/1986,739
4/16/1986,722
4/17/1986,717
4/18/1986,718
4/19/1986,669
4/20/1986,633
4/21/1986,619
4/22/1986,592
4/23/1986,592
4/24/1986,613
4/25/1986,596
4/26/1986,584
4/27/1986,566
4/28/1986,549
4/29/1986,541
4/30/1986,524
5/1/1986,505
5/2/1986,492
5/3/1986,500
5/4/1986,790
5/5/1986,680
5/6/1986,602
5/7/1986,562
5/8/1986,508
5/9/1986,472
5/10/1986,444
5/11/1986,427
5/12/1986,418
5/13/1986,409
5/14/1986,404
5/15/1986,399
5/16/1986,392
5/17/1986,387
5/18/1986,386
5/19/1986,386
5/20/1986,391
5/21/1986,389
5/22/1986,376
5/23/1986,356
5/24/1986,340
5/25/1986,321
5/26/1986,314
5/27/1986,311
5/28/1986,308
5/29/1986,304
5/30/1986,297
5/31/1986,290
6/1/1986,281
6/2/1986,268
6/3/1986,257
6/4/1986,244
6/5/1986,226
6/6/1986,214
6/7/1986,203
6/8/1986,191
6/9/1986,179
6/10/1986,169
6/11/1986,157
6/12/1986,149
6/13/1986,142
6/14/1986,133
6/15/1986,128
6/16/1986,124
6/17/1986,121
6/18/1986,115
6/19/1986,112
6/20/1986,108
6/21/1986,104
6/22/1986,101
6/23/1986,99
6/24/1986,93
6/25/1986,88
6/26/1986,83
6/27/1986,78
6/28/1986,76
6/29/1986,75
6/30/1986,73
7/1/1986,71
7/2/1986,71
7/3/1986,68
7/4/1986,67
7/5/1986,65
7/6/1986,64
7/7/1986,64
7/8/1986,64
7/9/1986,64
7/10/1986,63
7/11/1986,61
7/12/1986,59
7/13/1986,58
7/14/1986,56
7/15/1986,55
7/16/1986,53
7/17/1986,50
7/18/1986,48
7/19/1986,47
7/20/1986,46
7/21/1986,39
7/22/1986,40
7/23/1986,42
7/24/1986,42
7/25/1986,44
7/26/1986,44
7/27/1986,42
7/28/1986,41
7/29/1986,40
7/30/1986,39
7/31/1986,39
8/1/1986,38
8/2/1986,36
8/3/1986,35
8/4/1986,35
8/5/1986,33
8/6/1986,31
8/7/1986,30
8/8/1986,29
8/9/1986,28
8/10/1986,27
8/11/1986,25
8/12/1986,24
8/13/1986,24
8/14/1986,24
8/15/1986,23
8/16/1986,23
8/17/1986,23
8/18/1986,23
8/19/1986,23
8/20/1986,23
8/21/1986,23
8/22/1986,22
8/23/1986,22
8/24/1986,21
8/25/1986,21
8/26/1986,21
8/27/1986,21
8/28/1986,20
8/29/1986,20
8/30/1986,20
8/31/1986,20
9/1/1986,20
9/2/1986,20
9/3/1986,20
9/4/1986,19
9/5/1986,19
9/6/1986,19
9/7/1986,19
9/8/1986,19
9/9/1986,18
9/10/1986,18
9/11/1986,18
9/12/1986,18
9/13/1986,19
9/14/1986,20
9/15/1986,20
9/16/1986,20
9/17/1986,22
9/18/1986,26
9/19/1986,33
9/20/1986,39
9/21/1986,42
9/22/1986,42
9/23/1986,39
9/24/1986,37
9/25/1986,41
9/26/1986,70
9/27/1986,98
9/28/1986,116
9/29/1986,104
9/30/1986,75
10/1/1986,62
10/2/1986,54
10/3/1986,49
10/4/1986,46
10/5/1986,43
10/6/1986,42
10/7/1986,39
10/8/1986,39
10/9/1986,39
10/10/1986,38
10/11/1986,38
10/12/1986,38
10/13/1986,38
10/14/1986,38
10/15/1986,38
10/16/1986,38
10/17/1986,38
10/18/1986,39
10/19/1986,39
10/20/1986,40
10/21/1986,40
10/22/1986,40
10/23/1986,39
10/24/1986,39
10/25/1986,39
10/26/1986,39
10/27/1986,39
10/28/1986,38
10/29/1986,38
10/30/1986,38
10/31/1986,38
11/1/1986,38
11/2/1986,39
11/3/1986,38
11/4/1986,37
11/5/1986,36
11/6/1986,36
11/7/1986,35
11/8/1986,34
11/9/1986,35
11/10/1986,36
11/11/1986,36
11/12/1986,36
11/13/1986,36
11/14/1986,36
11/15/1986,36
11/16/1986,36
11/17/1986,37
11/18/1986,37
11/19/1986,37
11/20/1986,38
11/21/1986,40
11/22/1986,43
11/23/1986,47
11/24/1986,47
11/25/1986,44
11/26/1986,42
11/27/1986,41
11/28/1986,40
11/29/1986,42
11/30/1986,45
12/1/1986,52
12/2/1986,50
12/3/1986,47
12/4/1986,45
12/5/1986,45
12/6/1986,49
12/7/1986,52
12/8/1986,52
12/9/1986,50
12/10/1986,48
12/11/1986,45
12/12/1986,45
12/13/1986,44
12/14/1986,45
12/15/1986,45
12/16/1986,45
12/17/1986,45
12/18/1986,45
12/19/1986,46
12/20/1986,54
12/21/1986,75
12/22/1986,72
12/23/1986,64
12/24/1986,62
12/25/1986,60
12/26/1986,55
12/27/1986,52
12/28/1986,50
12/29/1986,50
12/30/1986,48
12/31/1986,48
1/1/1987,48
1/2/1987,51
1/3/1987,77
1/4/1987,231
1/5/1987,186
1/6/1987,112
1/7/1987,88
1/8/1987,76
1/9/1987,68
1/10/1987,62
1/11/1987,58
1/12/1987,57
1/13/1987,56
1/14/1987,56
1/15/1987,55
1/16/1987,50
1/17/1987,44
1/18/1987,41
1/19/1987,53
1/20/1987,59
1/21/1987,54
1/22/1987,51
1/23/1987,51
1/24/1987,54
1/25/1987,60
1/26/1987,84
1/27/1987,77
1/28/1987,87
1/29/1987,143
1/30/1987,123
1/31/1987,95
2/1/1987,82
2/2/1987,84
2/3/1987,135
2/4/1987,144
2/5/1987,110
2/6/1987,90
2/7/1987,80
2/8/1987,74
2/9/1987,71
2/10/1987,69
2/11/1987,80
2/12/1987,159
2/13/1987,1040
2/14/1987,1160
2/15/1987,668
2/16/1987,584
2/17/1987,348
2/18/1987,250
2/19/1987,201
2/20/1987,171
2/21/1987,151
2/22/1987,141
2/23/1987,135
2/24/1987,127
2/25/1987,120
2/26/1987,113
2/27/1987,103
2/28/1987,100
3/1/1987,97
3/2/1987,96
3/3/1987,94
3/4/1987,93
3/5/1987,545
3/6/1987,1450
3/7/1987,634
3/8/1987,395
3/9/1987,327
3/10/1987,282
3/11/1987,263
3/12/1987,287
3/13/1987,1380
3/14/1987,1030
3/15/1987,1150
3/16/1987,840
3/17/1987,591
3/18/1987,473
3/19/1987,463
3/20/1987,412
3/21/1987,375
3/22/1987,381
3/23/1987,415
3/24/1987,485
3/25/1987,388
3/26/1987,333
3/27/1987,297
3/28/1987,279
3/29/1987,257
3/30/1987,241
3/31/1987,232
4/1/1987,227
4/2/1987,221
4/3/1987,220
4/4/1987,237
4/5/1987,219
4/6/1987,203
4/7/1987,195
4/8/1987,194
4/9/1987,196
4/10/1987,195
4/11/1987,200
4/12/1987,203
4/13/1987,201
4/14/1987,190
4/15/1987,187
4/16/1987,184
4/17/1987,178
4/18/1987,177
4/19/1987,176
4/20/1987,162
4/21/1987,151
4/22/1987,145
4/23/1987,146
4/24/1987,145
4/25/1987,142
4/26/1987,141
4/27/1987,142
4/28/1987,134
4/29/1987,135
4/30/1987,140
5/1/1987,180
5/2/1987,169
5/3/1987,144
5/4/1987,130
5/5/1987,121
5/6/1987,114
5/7/1987,109
5/8/1987,102
5/9/1987,100
5/10/1987,104
5/11/1987,97
5/12/1987,122
5/13/1987,102
5/14/1987,92
5/15/1987,79
5/16/1987,72
5/17/1987,66
5/18/1987,63
5/19/1987,60
5/20/1987,57
5/21/1987,57
5/22/1987,67
5/23/1987,70
5/24/1987,63
5/25/1987,57
5/26/1987,54
5/27/1987,53
5/28/1987,52
5/29/1987,51
5/30/1987,50
5/31/1987,47
6/1/1987,45
6/2/1987,43
6/3/1987,39
6/4/1987,36
6/5/1987,34
6/6/1987,33
6/7/1987,32
6/8/1987,30
6/9/1987,28
6/10/1987,27
6/11/1987,25
6/12/1987,22
6/13/1987,22
6/14/1987,22
6/15/1987,21
6/16/1987,21
6/17/1987,22
6/18/1987,26
6/19/1987,23
6/20/1987,21
6/21/1987,20
6/22/1987,20
6/23/1987,19
6/24/1987,19
6/25/1987,18
6/26/1987,17
6/27/1987,15
6/28/1987,13
6/29/1987,12
6/30/1987,12
7/1/1987,12
7/2/1987,11
7/3/1987,11
7/4/1987,11
7/5/1987,10
7/6/1987,10
7/7/1987,10
7/8/1987,10
7/9/1987,10
7/10/1987,9
7/11/1987,8
7/12/1987,8
7/13/1987,7
7/14/1987,7
7/15/1987,7
7/16/1987,7
7/17/1987,6
7/18/1987,5
7/19/1987,5
7/20/1987,4
7/21/1987,4
7/22/1987,4
7/23/1987,4
7/24/1987,4
7/25/1987,5
7/26/1987,5
7/27/1987,5
7/28/1987,6
7/29/1987,6
7/30/1987,5
7/31/1987,5
8/1/1987,5
8/2/1987,4
8/3/1987,4
8/4/1987,4
8/5/1987,4
8/6/1987,3
8/7/1987,3
8/8/1987,2
8/9/1987,2
8/10/1987,2
8/11/1987,2
8/12/1987,2
8/13/1987,1
8/14/1987,1
8/15/1987,1
8/16/1987,1
8/17/1987,1
8/18/1987,1
8/19/1987,1
8/20/1987,1
8/21/1987,1
8/22/1987,1
8/23/1987,1
8/24/1987,1
8/25/1987,1
8/26/1987,2
8/27/1987,1
8/28/1987,1
8/29/1987,1
8/30/1987,1
8/31/1987,1
9/1/1987,1
9/2/1987,1
9/3/1987,1
9/4/1987,0
9/5/1987,0
9/6/1987,0
9/7/1987,0
9/8/1987,1
9/9/1987,1
9/10/1987,0
9/11/1987,1
9/12/1987,1
9/13/1987,2
9/14/1987,2
9/15/1987,3
9/16/1987,3
9/17/1987,2
9/18/1987,2
9/19/1987,2
9/20/1987,3
9/21/1987,2
9/22/1987,3
9/23/1987,3
9/24/1987,2
9/25/1987,3
9/26/1987,2
9/27/1987,2
9/28/1987,2
9/29/1987,2
9/30/1987,2
10/1/1987,1
10/2/1987,2
10/3/1987,1
10/4/1987,1
10/5/1987,1
10/6/1987,2
10/7/1987,2
10/8/1987,1
10/9/1987,2
10/10/1987,2
10/11/1987,2
10/12/1987,2
10/13/1987,4
10/14/1987,4
10/15/1987,4
10/16/1987,6
10/17/1987,6
10/18/1987,8
10/19/1987,12
10/20/1987,8
10/21/1987,8
10/22/1987,8
10/23/1987,10
10/24/1987,11
10/25/1987,24
10/26/1987,32
10/27/1987,25
10/28/1987,22
10/29/1987,20
10/30/1987,29
10/31/1987,42
11/1/1987,32
11/2/1987,26
11/3/1987,23
11/4/1987,21
11/5/1987,22
11/6/1987,22
11/7/1987,22
11/8/1987,21
11/9/1987,22
11/10/1987,22
11/11/1987,21
11/12/1987,21
11/13/1987,24
11/14/1987,30
11/15/1987,36
11/16/1987,42
11/17/1987,36
11/18/1987,34
11/19/1987,32
11/20/1987,34
11/21/1987,38
11/22/1987,51
11/23/1987,47
11/24/1987,38
11/25/1987,33
11/26/1987,30
11/27/1987,29
11/28/1987,29
11/29/1987,27
11/30/1987,27
12/1/1987,29
12/2/1987,31
12/3/1987,37
12/4/1987,42
12/5/1987,38
12/6/1987,37
12/7/1987,38
12/8/1987,103
12/9/1987,87
12/10/1987,71
12/11/1987,89
12/12/1987,83
12/13/1987,67
12/14/1987,54
12/15/1987,42
12/16/1987,44
12/17/1987,49
12/18/1987,49
12/19/1987,45
12/20/1987,41
12/21/1987,42
12/22/1987,43
12/23/1987,83
12/24/1987,106
12/25/1987,64
12/26/1987,48
12/27/1987,49
12/28/1987,73
12/29/1987,192
12/30/1987,144
12/31/1987,103
1/1/1988,76
1/2/1988,58
1/3/1988,91
1/4/1988,153
1/5/1988,241
1/6/1988,292
1/7/1988,203
1/8/1988,168
1/9/1988,165
1/10/1988,155
1/11/1988,193
1/12/1988,270
1/13/1988,184
1/14/1988,152
1/15/1988,182
1/16/1988,538
1/17/1988,953
1/18/1988,559
1/19/1988,281
1/20/1988,202
1/21/1988,172
1/22/1988,153
1/23/1988,142
1/24/1988,133
1/25/1988,129
1/26/1988,128
1/27/1988,129
1/28/1988,129
1/29/1988,129
1/30/1988,145
1/31/1988,166
2/1/1988,148
2/2/1988,136
2/3/1988,129
2/4/1988,118
2/5/1988,112
2/6/1988,106
2/7/1988,107
2/8/1988,103
2/9/1988,101
2/10/1988,101
2/11/1988,103
2/12/1988,104
2/13/1988,108
2/14/1988,110
2/15/1988,110
2/16/1988,110
2/17/1988,110
2/18/1988,107
2/19/1988,106
2/20/1988,101
2/21/1988,98
2/22/1988,97
2/23/1988,99
2/24/1988,99
2/25/1988,99
2/26/1988,100
2/27/1988,102
2/28/1988,109
2/29/1988,134
3/1/1988,219
3/2/1988,416
3/3/1988,245
3/4/1988,210
3/5/1988,190
3/6/1988,184
3/7/1988,178
3/8/1988,172
3/9/1988,165
3/10/1988,163
3/11/1988,157
3/12/1988,147
3/13/1988,139
3/14/1988,132
3/15/1988,127
3/16/1988,123
3/17/1988,119
3/18/1988,113
3/19/1988,109
3/20/1988,108
3/21/1988,108
3/22/1988,108
3/23/1988,108
3/24/1988,107
3/25/1988,114
3/26/1988,112
3/27/1988,113
3/28/1988,114
3/29/1988,111
3/30/1988,106
3/31/1988,102
4/1/1988,99
4/2/1988,95
4/3/1988,92
4/4/1988,92
4/5/1988,91
4/6/1988,88
4/7/1988,85
4/8/1988,86
4/9/1988,87
4/10/1988,86
4/11/1988,83
4/12/1988,83
4/13/1988,85
4/14/1988,95
4/15/1988,144
4/16/1988,133
4/17/1988,118
4/18/1988,111
4/19/1988,144
4/20/1988,344
4/21/1988,343
4/22/1988,224
4/23/1988,251
4/24/1988,224
4/25/1988,197
4/26/1988,187
4/27/1988,186
4/28/1988,189
4/29/1988,183
4/30/1988,176
5/1/1988,168
5/2/1988,160
5/3/1988,149
5/4/1988,140
5/5/1988,135
5/6/1988,128
5/7/1988,134
5/8/1988,137
5/9/1988,139
5/10/1988,131
5/11/1988,122
5/12/1988,115
5/13/1988,112
5/14/1988,107
5/15/1988,103
5/16/1988,101
5/17/1988,100
5/18/1988,109
5/19/1988,104
5/20/1988,95
5/21/1988,86
5/22/1988,79
5/23/1988,74
5/24/1988,70
5/25/1988,66
5/26/1988,63
5/27/1988,55
5/28/1988,53
5/29/1988,55
5/30/1988,76
5/31/1988,86
6/1/1988,72
6/2/1988,65
6/3/1988,58
6/4/1988,52
6/5/1988,46
6/6/1988,44
6/7/1988,45
6/8/1988,47
6/9/1988,52
6/10/1988,51
6/11/1988,45
6/12/1988,40
6/13/1988,38
6/14/1988,35
6/15/1988,32
6/16/1988,29
6/17/1988,28
6/18/1988,26
6/19/1988,25
6/20/1988,23
6/21/1988,23
6/22/1988,22
6/23/1988,21
6/24/1988,22
6/25/1988,19
6/26/1988,18
6/27/1988,18
6/28/1988,17
6/29/1988,16
6/30/1988,14
7/1/1988,13
7/2/1988,11
7/3/1988,11
7/4/1988,10
7/5/1988,9
7/6/1988,8
7/7/1988,7
7/8/1988,8
7/9/1988,7
7/10/1988,6
7/11/1988,6
7/12/1988,6
7/13/1988,6
7/14/1988,4
7/15/1988,5
7/16/1988,5
7/17/1988,4
7/18/1988,4
7/19/1988,4
7/20/1988,3
7/21/1988,3
7/22/1988,3
7/23/1988,2
7/24/1988,1
7/25/1988,2
7/26/1988,2
7/27/1988,1
7/28/1988,0
7/29/1988,0
7/30/1988,0
7/31/1988,0
8/1/1988,0
8/2/1988,0
8/3/1988,0
8/4/1988,0
8/5/1988,0
8/6/1988,0
8/7/1988,0
8/8/1988,0
8/9/1988,0
8/10/1988,0
8/11/1988,0
8/12/1988,0
8/13/1988,0
8/14/1988,0
8/15/1988,0
8/16/1988,0
8/17/1988,0
8/18/1988,0
8/19/1988,0
8/20/1988,0
8/21/1988,0
8/22/1988,0
8/23/1988,0
8/24/1988,0
8/25/1988,0
8/26/1988,0
8/27/1988,0
8/28/1988,0
8/29/1988,0
8/30/1988,0
8/31/1988,0
9/1/1988,0
9/2/1988,0
9/3/1988,0
9/4/1988,0
9/5/1988,0
9/6/1988,0
9/7/1988,0
9/8/1988,0
9/9/1988,0
9/10/1988,0
9/11/1988,0
9/12/1988,0
9/13/1988,0
9/14/1988,0
9/15/1988,0
9/16/1988,0
9/17/1988,0
9/18/1988,0
9/19/1988,0
9/20/1988,0
9/21/1988,0
9/22/1988,0
9/23/1988,0
9/24/1988,0
9/25/1988,0
9/26/1988,0
9/27/1988,0
9/28/1988,0
9/29/1988,0
9/30/1988,0
10/1/1988,0
10/2/1988,0
10/3/1988,0
10/4/1988,0
10/5/1988,0
10/6/1988,0
10/7/1988,0
10/8/1988,0
10/9/1988,0
10/10/1988,0
10/11/1988,0
10/12/1988,0
10/13/1988,0
10/14/1988,0
10/15/1988,0
10/16/1988,0
10/17/1988,0
10/18/1988,0
10/19/1988,0
10/20/1988,0
10/21/1988,0
10/22/1988,0
10/23/1988,0
10/24/1988,0
10/25/1988,0
10/26/1988,0
10/27/1988,1
10/28/1988,2
10/29/1988,3
10/30/1988,3
10/31/1988,3
11/1/1988,3
11/2/1988,4
11/3/1988,5
11/4/1988,5
11/5/1988,6
11/6/1988,7
11/7/1988,10
11/8/1988,11
11/9/1988,12
11/10/1988,12
11/11/1988,12
11/12/1988,13
11/13/1988,14
11/14/1988,28
11/15/1988,96
11/16/1988,59
11/17/1988,42
11/18/1988,36
11/19/1988,46
11/20/1988,36
11/21/1988,29
11/22/1988,27
11/23/1988,42
11/24/1988,257
11/25/1988,134
11/26/1988,87
11/27/1988,76
11/28/1988,59
11/29/1988,48
11/30/1988,43
12/1/1988,41
12/2/1988,39
12/3/1988,37
12/4/1988,36
12/5/1988,35
12/6/1988,33
12/7/1988,32
12/8/1988,30
12/9/1988,30
12/10/1988,31
12/11/1988,31
12/12/1988,30
12/13/1988,30
12/14/1988,30
12/15/1988,29
12/16/1988,29
12/17/1988,28
12/18/1988,27
12/19/1988,29
12/20/1988,35
12/21/1988,58
12/22/1988,97
12/23/1988,100
12/24/1988,106
12/25/1988,121
12/26/1988,111
12/27/1988,75
12/28/1988,62
12/29/1988,59
12/30/1988,55
12/31/1988,75
1/1/1989,82
1/2/1989,72
1/3/1989,62
1/4/1989,56
1/5/1989,72
1/6/1989,108
1/7/1989,128
1/8/1989,97
1/9/1989,80
1/10/1989,96
1/11/1989,126
1/12/1989,130
1/13/1989,96
1/14/1989,84
1/15/1989,77
1/16/1989,68
1/17/1989,62
1/18/1989,60
1/19/1989,58
1/20/1989,57
1/21/1989,59
1/22/1989,62
1/23/1989,64
1/24/1989,68
1/25/1989,69
1/26/1989,65
1/27/1989,62
1/28/1989,61
1/29/1989,60
1/30/1989,60
1/31/1989,62
2/1/1989,73
2/2/1989,88
2/3/1989,138
2/4/1989,155
2/5/1989,107
2/6/1989,94
2/7/1989,76
2/8/1989,78
2/9/1989,114
2/10/1989,177
2/11/1989,204
2/12/1989,163
2/13/1989,139
2/14/1989,122
2/15/1989,111
2/16/1989,101
2/17/1989,96
2/18/1989,98
2/19/1989,119
2/20/1989,169
2/21/1989,166
2/22/1989,151
2/23/1989,172
2/24/1989,204
2/25/1989,231
2/26/1989,245
2/27/1989,266
2/28/1989,261
3/1/1989,240
3/2/1989,965
3/3/1989,1080
3/4/1989,544
3/5/1989,429
3/6/1989,530
3/7/1989,672
3/8/1989,1240
3/9/1989,1830
3/10/1989,1490
3/11/1989,2370
3/12/1989,1720
3/13/1989,1250
3/14/1989,1030
3/15/1989,842
3/16/1989,850
3/17/1989,857
3/18/1989,751
3/19/1989,2060
3/20/1989,1700
3/21/1989,1200
3/22/1989,1000
3/23/1989,887
3/24/1989,2370
3/25/1989,5450
3/26/1989,3050
3/27/1989,1820
3/28/1989,1710
3/29/1989,1840
3/30/1989,1430
3/31/1989,1210
4/1/1989,1160
4/2/1989,1010
4/3/1989,998
4/4/1989,888
4/5/1989,822
4/6/1989,793
4/7/1989,782
4/8/1989,756
4/9/1989,734
4/10/1989,690
4/11/1989,645
4/12/1989,618
4/13/1989,682
4/14/1989,631
4/15/1989,597
4/16/1989,565
4/17/1989,531
4/18/1989,497
4/19/1989,464
4/20/1989,448
4/21/1989,446
4/22/1989,504
4/23/1989,440
4/24/1989,486
4/25/1989,429
4/26/1989,407
4/27/1989,389
4/28/1989,355
4/29/1989,343
4/30/1989,340
5/1/1989,345
5/2/1989,343
5/3/1989,331
5/4/1989,323
5/5/1989,327
5/6/1989,331
5/7/1989,331
5/8/1989,325
5/9/1989,314
5/10/1989,325
5/11/1989,300
5/12/1989,269
5/13/1989,247
5/14/1989,245
5/15/1989,238
5/16/1989,225
5/17/1989,203
5/18/1989,187
5/19/1989,180
5/20/1989,169
5/21/1989,162
5/22/1989,156
5/23/1989,151
5/24/1989,161
5/25/1989,155
5/26/1989,139
5/27/1989,131
5/28/1989,124
5/29/1989,118
5/30/1989,114
5/31/1989,113
6/1/1989,104
6/2/1989,96
6/3/1989,92
6/4/1989,93
6/5/1989,113
6/6/1989,118
6/7/1989,106
6/8/1989,105
6/9/1989,104
6/10/1989,90
6/11/1989,84
6/12/1989,78
6/13/1989,74
6/14/1989,69
6/15/1989,64
6/16/1989,61
6/17/1989,57
6/18/1989,52
6/19/1989,49
6/20/1989,46
6/21/1989,43
6/22/1989,40
6/23/1989,39
6/24/1989,36
6/25/1989,35
6/26/1989,39
6/27/1989,39
6/28/1989,38
6/29/1989,36
6/30/1989,36
7/1/1989,35
7/2/1989,33
7/3/1989,32
7/4/1989,31
7/5/1989,28
7/6/1989,25
7/7/1989,25
7/8/1989,24
7/9/1989,22
7/10/1989,22
7/11/1989,21
7/12/1989,20
7/13/1989,18
7/14/1989,18
7/15/1989,16
7/16/1989,15
7/17/1989,15
7/18/1989,14
7/19/1989,14
7/20/1989,12
7/21/1989,12
7/22/1989,11
7/23/1989,9
7/24/1989,9
7/25/1989,9
7/26/1989,8
7/27/1989,7
7/28/1989,8
7/29/1989,7
7/30/1989,6
7/31/1989,7
8/1/1989,7
8/2/1989,6
8/3/1989,6
8/4/1989,6
8/5/1989,5
8/6/1989,5
8/7/1989,6
8/8/1989,6
8/9/1989,5
8/10/1989,6
8/11/1989,9
8/12/1989,11
8/13/1989,10
8/14/1989,8
8/15/1989,7
8/16/1989,6
8/17/1989,5
8/18/1989,5
8/19/1989,4
8/20/1989,4
8/21/1989,4
8/22/1989,4
8/23/1989,4
8/24/1989,3
8/25/1989,4
8/26/1989,4
8/27/1989,3
8/28/1989,3
8/29/1989,4
8/30/1989,4
8/31/1989,3
9/1/1989,3
9/2/1989,3
9/3/1989,2
9/4/1989,2
9/5/1989,3
9/6/1989,3
9/7/1989,2
9/8/1989,3
9/9/1989,3
9/10/1989,2
9/11/1989,2
9/12/1989,2
9/13/1989,1
9/14/1989,1
9/15/1989,2
9/16/1989,4
9/17/1989,8
9/18/1989,26
9/19/1989,100
9/20/1989,86
9/21/1989,51
9/22/1989,35
9/23/1989,27
9/24/1989,22
9/25/1989,19
9/26/1989,17
9/27/1989,16
9/28/1989,15
9/29/1989,17
9/30/1989,19
10/1/1989,28
10/2/1989,32
10/3/1989,27
10/4/1989,23
10/5/1989,21
10/6/1989,20
10/7/1989,20
10/8/1989,19
10/9/1989,18
10/10/1989,18
10/11/1989,17
10/12/1989,16
10/13/1989,16
10/14/1989,16
10/15/1989,16
10/16/1989,16
10/17/1989,16
10/18/1989,15
10/19/1989,16
10/20/1989,15
10/21/1989,16
10/22/1989,18
10/23/1989,36
10/24/1989,254
10/25/1989,332
10/26/1989,218
10/27/1989,140
10/28/1989,105
10/29/1989,91
10/30/1989,80
10/31/1989,71
11/1/1989,66
11/2/1989,61
11/3/1989,54
11/4/1989,52
11/5/1989,50
11/6/1989,48
11/7/1989,46
11/8/1989,45
11/9/1989,43
11/10/1989,41
11/11/1989,40
11/12/1989,39
11/13/1989,39
11/14/1989,38
11/15/1989,37
11/16/1989,36
11/17/1989,35
11/18/1989,35
11/19/1989,34
11/20/1989,34
11/21/1989,33
11/22/1989,35
11/23/1989,33
11/24/1989,35
11/25/1989,57
11/26/1989,322
11/27/1989,282
11/28/1989,147
11/29/1989,109
11/30/1989,91
12/1/1989,83
12/2/1989,75
12/3/1989,70
12/4/1989,67
12/5/1989,65
12/6/1989,65
12/7/1989,65
12/8/1989,64
12/9/1989,62
12/10/1989,60
12/11/1989,59
12/12/1989,57
12/13/1989,54
12/14/1989,54
12/15/1989,53
12/16/1989,52
12/17/1989,51
12/18/1989,49
12/19/1989,47
12/20/1989,46
12/21/1989,46
12/22/1989,47
12/23/1989,46
12/24/1989,45
12/25/1989,44
12/26/1989,44
12/27/1989,44
12/28/1989,43
12/29/1989,43
12/30/1989,41
12/31/1989,41
1/1/1990,41
1/2/1990,48
1/3/1990,52
1/4/1990,46
1/5/1990,37
1/6/1990,41
1/7/1990,49
1/8/1990,98
1/9/1990,208
1/10/1990,138
1/11/1990,106
1/12/1990,94
1/13/1990,149
1/14/1990,384
1/15/1990,431
1/16/1990,284
1/17/1990,254
1/18/1990,183
1/19/1990,162
1/20/1990,141
1/21/1990,127
1/22/1990,117
1/23/1990,118
1/24/1990,112
1/25/1990,106
1/26/1990,102
1/27/1990,98
1/28/1990,95
1/29/1990,88
1/30/1990,98
1/31/1990,131
2/1/1990,163
2/2/1990,158
2/3/1990,137
2/4/1990,216
2/5/1990,211
2/6/1990,193
2/7/1990,196
2/8/1990,151
2/9/1990,132
2/10/1990,138
2/11/1990,125
2/12/1990,121
2/13/1990,119
2/14/1990,117
2/15/1990,95
2/16/1990,357
2/17/1990,464
2/18/1990,481
2/19/1990,296
2/20/1990,238
2/21/1990,204
2/22/1990,202
2/23/1990,224
2/24/1990,242
2/25/1990,245
2/26/1990,241
2/27/1990,242
2/28/1990,257
3/1/1990,273
3/2/1990,282
3/3/1990,574
3/4/1990,694
3/5/1990,910
3/6/1990,623
3/7/1990,501
3/8/1990,444
3/9/1990,421
3/10/1990,424
3/11/1990,568
3/12/1990,466
3/13/1990,422
3/14/1990,382
3/15/1990,359
3/16/1990,343
3/17/1990,337
3/18/1990,348
3/19/1990,373
3/20/1990,399
3/21/1990,421
3/22/1990,440
3/23/1990,442
3/24/1990,433
3/25/1990,433
3/26/1990,426
3/27/1990,407
3/28/1990,385
3/29/1990,364
3/30/1990,337
3/31/1990,319
4/1/1990,306
4/2/1990,301
4/3/1990,299
4/4/1990,298
4/5/1990,293
4/6/1990,291
4/7/1990,285
4/8/1990,281
4/9/1990,270
4/10/1990,251
4/11/1990,246
4/12/1990,243
4/13/1990,238
4/14/1990,238
4/15/1990,242
4/16/1990,246
4/17/1990,306
4/18/1990,281
4/19/1990,251
4/20/1990,233
4/21/1990,219
4/22/1990,212
4/23/1990,307
4/24/1990,482
4/25/1990,340
4/26/1990,284
4/27/1990,262
4/28/1990,247
4/29/1990,234
4/30/1990,217
5/1/1990,195
5/2/1990,181
5/3/1990,170
5/4/1990,163
5/5/1990,156
5/6/1990,147
5/7/1990,139
5/8/1990,131
5/9/1990,123
5/10/1990,116
5/11/1990,113
5/12/1990,110
5/13/1990,102
5/14/1990,95
5/15/1990,91
5/16/1990,85
5/17/1990,81
5/18/1990,78
5/19/1990,74
5/20/1990,74
5/21/1990,84
5/22/1990,86
5/23/1990,86
5/24/1990,131
5/25/1990,126
5/26/1990,96
5/27/1990,97
5/28/1990,218
5/29/1990,280
5/30/1990,198
5/31/1990,254
6/1/1990,344
6/2/1990,271
6/3/1990,230
6/4/1990,196
6/5/1990,174
6/6/1990,157
6/7/1990,146
6/8/1990,141
6/9/1990,127
6/10/1990,114
6/11/1990,106
6/12/1990,97
6/13/1990,90
6/14/1990,86
6/15/1990,84
6/16/1990,83
6/17/1990,79
6/18/1990,73
6/19/1990,69
6/20/1990,67
6/21/1990,61
6/22/1990,57
6/23/1990,53
6/24/1990,50
6/25/1990,47
6/26/1990,46
6/27/1990,42
6/28/1990,38
6/29/1990,37
6/30/1990,37
7/1/1990,36
7/2/1990,36
7/3/1990,37
7/4/1990,37
7/5/1990,35
7/6/1990,33
7/7/1990,33
7/8/1990,30
7/9/1990,29
7/10/1990,28
7/11/1990,26
7/12/1990,24
7/13/1990,23
7/14/1990,21
7/15/1990,20
7/16/1990,19
7/17/1990,18
7/18/1990,16
7/19/1990,15
7/20/1990,15
7/21/1990,14
7/22/1990,13
7/23/1990,13
7/24/1990,12
7/25/1990,11
7/26/1990,10
7/27/1990,10
7/28/1990,9
7/29/1990,9
7/30/1990,9
7/31/1990,8
8/1/1990,8
8/2/1990,7
8/3/1990,8
8/4/1990,7
8/5/1990,6
8/6/1990,6
8/7/1990,6
8/8/1990,6
8/9/1990,4
8/10/1990,4
8/11/1990,4
8/12/1990,3
8/13/1990,3
8/14/1990,3
8/15/1990,3
8/16/1990,3
8/17/1990,3
8/18/1990,3
8/19/1990,3
8/20/1990,3
8/21/1990,4
8/22/1990,4
8/23/1990,4
8/24/1990,5
8/25/1990,5
8/26/1990,5
8/27/1990,5
8/28/1990,5
8/29/1990,5
8/30/1990,5
8/31/1990,5
9/1/1990,5
9/2/1990,5
9/3/1990,4
9/4/1990,4
9/5/1990,3
9/6/1990,3
9/7/1990,3
9/8/1990,4
9/9/1990,3
9/10/1990,3
9/11/1990,3
9/12/1990,3
9/13/1990,2
9/14/1990,3
9/15/1990,2
9/16/1990,2
9/17/1990,3
9/18/1990,3
9/19/1990,2
9/20/1990,2
9/21/1990,2
9/22/1990,4
9/23/1990,4
9/24/1990,4
9/25/1990,4
9/26/1990,4
9/27/1990,4
9/28/1990,6
9/29/1990,7
9/30/1990,7
10/1/1990,7
10/2/1990,7
10/3/1990,7
10/4/1990,7
10/5/1990,6
10/6/1990,6
10/7/1990,5
10/8/1990,6
10/9/1990,6
10/10/1990,5
10/11/1990,6
10/12/1990,6
10/13/1990,5
10/14/1990,5
10/15/1990,6
10/16/1990,6
10/17/1990,5
10/18/1990,6
10/19/1990,7
10/20/1990,7
10/21/1990,8
10/22/1990,11
10/23/1990,14
10/24/1990,12
10/25/1990,10
10/26/1990,10
10/27/1990,10
10/28/1990,10
10/29/1990,9
10/30/1990,9
10/31/1990,10
11/1/1990,11
11/2/1990,12
11/3/1990,19
11/4/1990,22
11/5/1990,19
11/6/1990,16
11/7/1990,15
11/8/1990,14
11/9/1990,14
11/10/1990,13
11/11/1990,13
11/12/1990,14
11/13/1990,15
11/14/1990,14
11/15/1990,14
11/16/1990,14
11/17/1990,14
11/18/1990,14
11/19/1990,15
11/20/1990,17
11/21/1990,19
11/22/1990,20
11/23/1990,21
11/24/1990,20
11/25/1990,21
11/26/1990,27
11/27/1990,36
11/28/1990,33
11/29/1990,26
11/30/1990,22
12/1/1990,20
12/2/1990,19
12/3/1990,19
12/4/1990,18
12/5/1990,17
12/6/1990,18
12/7/1990,18
12/8/1990,19
12/9/1990,17
12/10/1990,17
12/11/1990,20
12/12/1990,21
12/13/1990,25
12/14/1990,27
12/15/1990,25
12/16/1990,24
12/17/1990,23
12/18/1990,22
12/19/1990,20
12/20/1990,20
12/21/1990,22
12/22/1990,19
12/23/1990,14
12/24/1990,13
12/25/1990,15
12/26/1990,17
12/27/1990,17
12/28/1990,17
12/29/1990,17
12/30/1990,17
12/31/1990,18
1/1/1991,18
1/2/1991,18
1/3/1991,19
1/4/1991,19
1/5/1991,20
1/6/1991,20
1/7/1991,22
1/8/1991,25
1/9/1991,36
1/10/1991,34
1/11/1991,28
1/12/1991,25
1/13/1991,24
1/14/1991,24
1/15/1991,24
1/16/1991,24
1/17/1991,22
1/18/1991,21
1/19/1991,21
1/20/1991,21
1/21/1991,21
1/22/1991,21
1/23/1991,20
1/24/1991,19
1/25/1991,18
1/26/1991,17
1/27/1991,17
1/28/1991,17
1/29/1991,16
1/30/1991,17
1/31/1991,16
2/1/1991,16
2/2/1991,27
2/3/1991,35
2/4/1991,53
2/5/1991,86
2/6/1991,113
2/7/1991,78
2/8/1991,54
2/9/1991,42
2/10/1991,36
2/11/1991,32
2/12/1991,30
2/13/1991,28
2/14/1991,28
2/15/1991,27
2/16/1991,26
2/17/1991,26
2/18/1991,26
2/19/1991,26
2/20/1991,26
2/21/1991,25
2/22/1991,24
2/23/1991,23
2/24/1991,23
2/25/1991,23
2/26/1991,22
2/27/1991,23
2/28/1991,27
3/1/1991,246
3/2/1991,459
3/3/1991,364
3/4/1991,870
3/5/1991,1510
3/6/1991,564
3/7/1991,336
3/8/1991,243
3/9/1991,192
3/10/1991,173
3/11/1991,212
3/12/1991,190
3/13/1991,876
3/14/1991,570
3/15/1991,453
3/16/1991,366
3/17/1991,327
3/18/1991,432
3/19/1991,425
3/20/1991,645
3/21/1991,516
3/22/1991,335
3/23/1991,333
3/24/1991,2560
3/25/1991,3540
3/26/1991,2390
3/27/1991,1310
3/28/1991,803
3/29/1991,611
3/30/1991,514
3/31/1991,469
4/1/1991,489
4/2/1991,528
4/3/1991,464
4/4/1991,446
4/5/1991,471
4/6/1991,548
4/7/1991,628
4/8/1991,585
4/9/1991,537
4/10/1991,525
4/11/1991,497
4/12/1991,439
4/13/1991,408
4/14/1991,407
4/15/1991,427
4/16/1991,422
4/17/1991,387
4/18/1991,360
4/19/1991,337
4/20/1991,344
4/21/1991,371
4/22/1991,390
4/23/1991,391
4/24/1991,408
4/25/1991,441
4/26/1991,449
4/27/1991,421
4/28/1991,402
4/29/1991,396
4/30/1991,407
5/1/1991,412
5/2/1991,405
5/3/1991,365
5/4/1991,329
5/5/1991,317
5/6/1991,340
5/7/1991,367
5/8/1991,390
5/9/1991,397
5/10/1991,366
5/11/1991,323
5/12/1991,295
5/13/1991,279
5/14/1991,317
5/15/1991,292
5/16/1991,291
5/17/1991,332
5/18/1991,374
5/19/1991,361
5/20/1991,315
5/21/1991,302
5/22/1991,297
5/23/1991,311
5/24/1991,332
5/25/1991,342
5/26/1991,336
5/27/1991,308
5/28/1991,282
5/29/1991,270
5/30/1991,267
5/31/1991,303
6/1/1991,255
6/2/1991,246
6/3/1991,241
6/4/1991,232
6/5/1991,217
6/6/1991,203
6/7/1991,184
6/8/1991,169
6/9/1991,160
6/10/1991,151
6/11/1991,137
6/12/1991,122
6/13/1991,108
6/14/1991,100
6/15/1991,94
6/16/1991,87
6/17/1991,79
6/18/1991,71
6/19/1991,66
6/20/1991,62
6/21/1991,58
6/22/1991,55
6/23/1991,52
6/24/1991,50
6/25/1991,48
6/26/1991,46
6/27/1991,45
6/28/1991,48
6/29/1991,109
6/30/1991,143
7/1/1991,89
7/2/1991,69
7/3/1991,58
7/4/1991,53
7/5/1991,46
7/6/1991,39
7/7/1991,36
7/8/1991,35
7/9/1991,32
7/10/1991,31
7/11/1991,29
7/12/1991,28
7/13/1991,27
7/14/1991,25
7/15/1991,24
7/16/1991,23
7/17/1991,21
7/18/1991,20
7/19/1991,20
7/20/1991,19
7/21/1991,18
7/22/1991,18
7/23/1991,18
7/24/1991,17
7/25/1991,16
7/26/1991,15
7/27/1991,14
7/28/1991,12
7/29/1991,11
7/30/1991,10
7/31/1991,10
8/1/1991,8
8/2/1991,9
8/3/1991,8
8/4/1991,8
8/5/1991,9
8/6/1991,9
8/7/1991,9
8/8/1991,9
8/9/1991,10
8/10/1991,9
8/11/1991,8
8/12/1991,9
8/13/1991,8
8/14/1991,9
8/15/1991,7
8/16/1991,8
8/17/1991,8
8/18/1991,7
8/19/1991,8
8/20/1991,8
8/21/1991,7
8/22/1991,6
8/23/1991,6
8/24/1991,5
8/25/1991,4
8/26/1991,4
8/27/1991,4
8/28/1991,4
8/29/1991,3
8/30/1991,3
8/31/1991,3
9/1/1991,2
9/2/1991,3
9/3/1991,3
9/4/1991,2
9/5/1991,2
9/6/1991,2
9/7/1991,2
9/8/1991,2
9/9/1991,1
9/10/1991,2
9/11/1991,2
9/12/1991,1
9/13/1991,1
9/14/1991,1
9/15/1991,2
9/16/1991,3
9/17/1991,3
9/18/1991,3
9/19/1991,2
9/20/1991,3
9/21/1991,2
9/22/1991,2
9/23/1991,2
9/24/1991,2
9/25/1991,2
9/26/1991,1
9/27/1991,2
9/28/1991,2
9/29/1991,1
9/30/1991,1
10/1/1991,1
10/2/1991,1
10/3/1991,1
10/4/1991,2
10/5/1991,2
10/6/1991,1
10/7/1991,1
10/8/1991,2
10/9/1991,2
10/10/1991,1
10/11/1991,2
10/12/1991,2
10/13/1991,2
10/14/1991,2
10/15/1991,2
10/16/1991,2
10/17/1991,1
10/18/1991,2
10/19/1991,2
10/20/1991,2
10/21/1991,2
10/22/1991,2
10/23/1991,2
10/24/1991,2
10/25/1991,3
10/26/1991,13
10/27/1991,203
10/28/1991,121
10/29/1991,61
10/30/1991,41
10/31/1991,32
11/1/1991,28
11/2/1991,25
11/3/1991,23
11/4/1991,22
11/5/1991,21
11/6/1991,20
11/7/1991,20
11/8/1991,20
11/9/1991,20
11/10/1991,19
11/11/1991,19
11/12/1991,19
11/13/1991,19
11/14/1991,19
11/15/1991,17
11/16/1991,17
11/17/1991,20
11/18/1991,24
11/19/1991,51
11/20/1991,50
11/21/1991,36
11/22/1991,31
11/23/1991,30
11/24/1991,31
11/25/1991,30
11/26/1991,28
11/27/1991,28
11/28/1991,28
11/29/1991,31
11/30/1991,32
12/1/1991,30
12/2/1991,27
12/3/1991,25
12/4/1991,26
12/5/1991,25
12/6/1991,24
12/7/1991,32
12/8/1991,47
12/9/1991,52
12/10/1991,41
12/11/1991,33
12/12/1991,30
12/13/1991,28
12/14/1991,27
12/15/1991,26
12/16/1991,25
12/17/1991,25
12/18/1991,26
12/19/1991,31
12/20/1991,67
12/21/1991,54
12/22/1991,41
12/23/1991,38
12/24/1991,36
12/25/1991,34
12/26/1991,32
12/27/1991,31
12/28/1991,38
12/29/1991,48
12/30/1991,66
12/31/1991,75
1/1/1992,56
1/2/1992,46
1/3/1992,41
1/4/1992,40
1/5/1992,95
1/6/1992,151
1/7/1992,135
1/8/1992,134
1/9/1992,106
1/10/1992,80
1/11/1992,69
1/12/1992,61
1/13/1992,55
1/14/1992,49
1/15/1992,50
1/16/1992,49
1/17/1992,47
1/18/1992,46
1/19/1992,45
1/20/1992,45
1/21/1992,44
1/22/1992,43
1/23/1992,42
1/24/1992,40
1/25/1992,40
1/26/1992,43
1/27/1992,42
1/28/1992,43
1/29/1992,45
1/30/1992,47
1/31/1992,47
2/1/1992,46
2/2/1992,48
2/3/1992,48
2/4/1992,47
2/5/1992,43
2/6/1992,42
2/7/1992,42
2/8/1992,45
2/9/1992,51
2/10/1992,89
2/11/1992,400
2/12/1992,673
2/13/1992,594
2/14/1992,650
2/15/1992,3010
2/16/1992,1470
2/17/1992,1290
2/18/1992,731
2/19/1992,602
2/20/1992,2410
2/21/1992,1320
2/22/1992,1130
2/23/1992,881
2/24/1992,663
2/25/1992,531
2/26/1992,464
2/27/1992,429
2/28/1992,411
2/29/1992,395
3/1/1992,388
3/2/1992,366
3/3/1992,341
3/4/1992,337
3/5/1992,557
3/6/1992,2030
3/7/1992,1420
3/8/1992,790
3/9/1992,592
3/10/1992,491
3/11/1992,441
3/12/1992,419
3/13/1992,399
3/14/1992,398
3/15/1992,462
3/16/1992,764
3/17/1992,1080
3/18/1992,692
3/19/1992,557
3/20/1992,488
3/21/1992,442
3/22/1992,446
3/23/1992,492
3/24/1992,430
3/25/1992,388
3/26/1992,545
3/27/1992,565
3/28/1992,498
3/29/1992,459
3/30/1992,437
3/31/1992,483
4/1/1992,450
4/2/1992,429
4/3/1992,405
4/4/1992,394
4/5/1992,380
4/6/1992,353
4/7/1992,325
4/8/1992,305
4/9/1992,290
4/10/1992,276
4/11/1992,262
4/12/1992,290
4/13/1992,360
4/14/1992,324
4/15/1992,290
4/16/1992,266
4/17/1992,255
4/18/1992,291
4/19/1992,271
4/20/1992,248
4/21/1992,240
4/22/1992,236
4/23/1992,214
4/24/1992,200
4/25/1992,193
4/26/1992,188
4/27/1992,184
4/28/1992,179
4/29/1992,174
4/30/1992,174
5/1/1992,166
5/2/1992,157
5/3/1992,145
5/4/1992,133
5/5/1992,126
5/6/1992,118
5/7/1992,108
5/8/1992,109
5/9/1992,105
5/10/1992,98
5/11/1992,89
5/12/1992,82
5/13/1992,76
5/14/1992,73
5/15/1992,70
5/16/1992,67
5/17/1992,63
5/18/1992,57
5/19/1992,54
5/20/1992,51
5/21/1992,49
5/22/1992,48
5/23/1992,45
5/24/1992,40
5/25/1992,40
5/26/1992,36
5/27/1992,34
5/28/1992,31
5/29/1992,31
5/30/1992,33
5/31/1992,30
6/1/1992,29
6/2/1992,27
6/3/1992,26
6/4/1992,23
6/5/1992,22
6/6/1992,20
6/7/1992,19
6/8/1992,21
6/9/1992,18
6/10/1992,16
6/11/1992,17
6/12/1992,17
6/13/1992,15
6/14/1992,14
6/15/1992,16
6/16/1992,16
6/17/1992,18
6/18/1992,22
6/19/1992,23
6/20/1992,20
6/21/1992,17
6/22/1992,15
6/23/1992,14
6/24/1992,14
6/25/1992,12
6/26/1992,12
6/27/1992,10
6/28/1992,12
6/29/1992,17
6/30/1992,19
7/1/1992,26
7/2/1992,43
7/3/1992,35
7/4/1992,27
7/5/1992,21
7/6/1992,19
7/7/1992,17
7/8/1992,15
7/9/1992,13
7/10/1992,12
7/11/1992,10
7/12/1992,9
7/13/1992,9
7/14/1992,9
7/15/1992,8
7/16/1992,13
7/17/1992,13
7/18/1992,11
7/19/1992,9
7/20/1992,10
7/21/1992,9
7/22/1992,8
7/23/1992,6
7/24/1992,6
7/25/1992,5
7/26/1992,4
7/27/1992,4
7/28/1992,4
7/29/1992,3
7/30/1992,2
7/31/1992,3
8/1/1992,2
8/2/1992,2
8/3/1992,2
8/4/1992,2
8/5/1992,1
8/6/1992,0
8/7/1992,1
8/8/1992,0
8/9/1992,0
8/10/1992,1
8/11/1992,1
8/12/1992,0
8/13/1992,0
8/14/1992,0
8/15/1992,0
8/16/1992,0
8/17/1992,0
8/18/1992,0
8/19/1992,0
8/20/1992,0
8/21/1992,0
8/22/1992,0
8/23/1992,0
8/24/1992,0
8/25/1992,0
8/26/1992,0
8/27/1992,0
8/28/1992,0
8/29/1992,0
8/30/1992,0
8/31/1992,0
9/1/1992,0
9/2/1992,0
9/3/1992,0
9/4/1992,0
9/5/1992,0
9/6/1992,0
9/7/1992,0
9/8/1992,0
9/9/1992,0
9/10/1992,0
9/11/1992,0
9/12/1992,0
9/13/1992,0
9/14/1992,0
9/15/1992,0
9/16/1992,0
9/17/1992,0
9/18/1992,0
9/19/1992,0
9/20/1992,0
9/21/1992,0
9/22/1992,0
9/23/1992,0
9/24/1992,0
9/25/1992,0
9/26/1992,0
9/27/1992,0
9/28/1992,0
9/29/1992,0
9/30/1992,0
10/1/1992,0
10/2/1992,0
10/3/1992,0
10/4/1992,0
10/5/1992,0
10/6/1992,0
10/7/1992,0
10/8/1992,0
10/9/1992,0
10/10/1992,0
10/11/1992,0
10/12/1992,0
10/13/1992,0
10/14/1992,0
10/15/1992,0
10/16/1992,0
10/17/1992,0
10/18/1992,0
10/19/1992,0
10/20/1992,0
10/21/1992,0
10/22/1992,0
10/23/1992,0
10/24/1992,0
10/25/1992,12
10/26/1992,10
10/27/1992,9
10/28/1992,8
10/29/1992,10
10/30/1992,12
10/31/1992,68
11/1/1992,91
11/2/1992,53
11/3/1992,36
11/4/1992,27
11/5/1992,24
11/6/1992,21
11/7/1992,20
11/8/1992,18
11/9/1992,17
11/10/1992,15
11/11/1992,14
11/12/1992,14
11/13/1992,14
11/14/1992,14
11/15/1992,14
11/16/1992,14
11/17/1992,14
11/18/1992,14
11/19/1992,14
11/20/1992,14
11/21/1992,15
11/22/1992,16
11/23/1992,17
11/24/1992,19
11/25/1992,22
11/26/1992,22
11/27/1992,20
11/28/1992,18
11/29/1992,17
11/30/1992,17
12/1/1992,18
12/2/1992,18
12/3/1992,19
12/4/1992,19
12/5/1992,19
12/6/1992,22
12/7/1992,32
12/8/1992,89
12/9/1992,309
12/10/1992,696
12/11/1992,804
12/12/1992,418
12/13/1992,215
12/14/1992,144
12/15/1992,112
12/16/1992,94
12/17/1992,85
12/18/1992,94
12/19/1992,84
12/20/1992,69
12/21/1992,69
12/22/1992,67
12/23/1992,60
12/24/1992,57
12/25/1992,54
12/26/1992,53
12/27/1992,52
12/28/1992,159
12/29/1992,986
12/30/1992,772
12/31/1992,368
1/1/1993,963
1/2/1993,941
1/3/1993,388
1/4/1993,257
1/5/1993,203
1/6/1993,191
1/7/1993,1780
1/8/1993,2570
1/9/1993,1420
1/10/1993,944
1/11/1993,691
1/12/1993,548
1/13/1993,3900
1/14/1993,3450
1/15/1993,2030
1/16/1993,1940
1/17/1993,1940
1/18/1993,3770
1/19/1993,1700
1/20/1993,2410
1/21/1993,7100
1/22/1993,6600
1/23/1993,3220
1/24/1993,2030
1/25/1993,1490
1/26/1993,1190
1/27/1993,1000
1/28/1993,868
1/29/1993,771
1/30/1993,691
1/31/1993,624
2/1/1993,574
2/2/1993,532
2/3/1993,497
2/4/1993,468
2/5/1993,463
2/6/1993,518
2/7/1993,506
2/8/1993,828
2/9/1993,2860
2/10/1993,1610
2/11/1993,1640
2/12/1993,1340
2/13/1993,1050
2/14/1993,903
2/15/1993,817
2/16/1993,782
2/17/1993,866
2/18/1993,1250
2/19/1993,3510
2/20/1993,4540
2/21/1993,3030
2/22/1993,2170
2/23/1993,3510
2/24/1993,4560
2/25/1993,2290
2/26/1993,1970
2/27/1993,1590
2/28/1993,1300
3/1/1993,1130
3/2/1993,1030
3/3/1993,985
3/4/1993,953
3/5/1993,920
3/6/1993,919
3/7/1993,957
3/8/1993,1020
3/9/1993,1070
3/10/1993,1110
3/11/1993,1120
3/12/1993,1110
3/13/1993,1110
3/14/1993,1220
3/15/1993,1390
3/16/1993,1310
3/17/1993,2210
3/18/1993,2990
3/19/1993,2370
3/20/1993,1940
3/21/1993,1720
3/22/1993,1610
3/23/1993,1860
3/24/1993,5110
3/25/1993,5980
3/26/1993,5010
3/27/1993,3620
3/28/1993,3280
3/29/1993,2540
3/30/1993,2140
3/31/1993,1890
4/1/1993,3120
4/2/1993,2290
4/3/1993,1920
4/4/1993,1850
4/5/1993,1790
4/6/1993,1580
4/7/1993,1430
4/8/1993,1330
4/9/1993,1370
4/10/1993,1340
4/11/1993,1250
4/12/1993,1170
4/13/1993,1090
4/14/1993,1020
4/15/1993,974
4/16/1993,974
4/17/1993,943
4/18/1993,1070
4/19/1993,978
4/20/1993,914
4/21/1993,900
4/22/1993,920
4/23/1993,939
4/24/1993,949
4/25/1993,872
4/26/1993,838
4/27/1993,824
4/28/1993,829
4/29/1993,842
4/30/1993,894
5/1/1993,925
5/2/1993,800
5/3/1993,838
5/4/1993,975
5/5/1993,880
5/6/1993,813
5/7/1993,773
5/8/1993,730
5/9/1993,699
5/10/1993,696
5/11/1993,724
5/12/1993,740
5/13/1993,650
5/14/1993,571
5/15/1993,556
5/16/1993,543
5/17/1993,556
5/18/1993,572
5/19/1993,579
5/20/1993,583
5/21/1993,575
5/22/1993,536
5/23/1993,501
5/24/1993,496
5/25/1993,592
5/26/1993,752
5/27/1993,607
5/28/1993,519
5/29/1993,446
5/30/1993,404
5/31/1993,497
6/1/1993,917
6/2/1993,652
6/3/1993,541
6/4/1993,477
6/5/1993,546
6/6/1993,543
6/7/1993,565
6/8/1993,562
6/9/1993,494
6/10/1993,454
6/11/1993,438
6/12/1993,416
6/13/1993,386
6/14/1993,362
6/15/1993,336
6/16/1993,313
6/17/1993,288
6/18/1993,266
6/19/1993,249
6/20/1993,232
6/21/1993,218
6/22/1993,206
6/23/1993,190
6/24/1993,175
6/25/1993,161
6/26/1993,150
6/27/1993,140
6/28/1993,131
6/29/1993,125
6/30/1993,117
7/1/1993,109
7/2/1993,103
7/3/1993,104
7/4/1993,101
7/5/1993,97
7/6/1993,95
7/7/1993,89
7/8/1993,84
7/9/1993,79
7/10/1993,76
7/11/1993,72
7/12/1993,69
7/13/1993,66
7/14/1993,63
7/15/1993,59
7/16/1993,57
7/17/1993,54
7/18/1993,53
7/19/1993,52
7/20/1993,50
7/21/1993,49
7/22/1993,48
7/23/1993,48
7/24/1993,45
7/25/1993,44
7/26/1993,46
7/27/1993,44
7/28/1993,40
7/29/1993,38
7/30/1993,38
7/31/1993,35
8/1/1993,33
8/2/1993,30
8/3/1993,29
8/4/1993,27
8/5/1993,26
8/6/1993,27
8/7/1993,26
8/8/1993,25
8/9/1993,25
8/10/1993,25
8/11/1993,24
8/12/1993,23
8/13/1993,23
8/14/1993,22
8/15/1993,22
8/16/1993,23
8/17/1993,22
8/18/1993,22
8/19/1993,21
8/20/1993,21
8/21/1993,19
8/22/1993,18
8/23/1993,18
8/24/1993,17
8/25/1993,16
8/26/1993,15
8/27/1993,15
8/28/1993,14
8/29/1993,13
8/30/1993,13
8/31/1993,13
9/1/1993,12
9/2/1993,12
9/3/1993,12
9/4/1993,11
9/5/1993,10
9/6/1993,11
9/7/1993,11
9/8/1993,11
9/9/1993,10
9/10/1993,10
9/11/1993,10
9/12/1993,9
9/13/1993,9
9/14/1993,9
9/15/1993,9
9/16/1993,9
9/17/1993,9
9/18/1993,10
9/19/1993,10
9/20/1993,10
9/21/1993,11
9/22/1993,13
9/23/1993,12
9/24/1993,12
9/25/1993,11
9/26/1993,11
9/27/1993,11
9/28/1993,11
9/29/1993,10
9/30/1993,10
10/1/1993,10
10/2/1993,9
10/3/1993,8
10/4/1993,9
10/5/1993,10
10/6/1993,11
10/7/1993,11
10/8/1993,12
10/9/1993,11
10/10/1993,12
10/11/1993,13
10/12/1993,14
10/13/1993,14
10/14/1993,14
10/15/1993,16
10/16/1993,19
10/17/1993,55
10/18/1993,46
10/19/1993,34
10/20/1993,29
10/21/1993,24
10/22/1993,23
10/23/1993,22
10/24/1993,24
10/25/1993,23
10/26/1993,22
10/27/1993,22
10/28/1993,20
10/29/1993,20
10/30/1993,21
10/31/1993,20
11/1/1993,20
11/2/1993,20
11/3/1993,20
11/4/1993,19
11/5/1993,19
11/6/1993,18
11/7/1993,19
11/8/1993,19
11/9/1993,19
11/10/1993,20
11/11/1993,25
11/12/1993,23
11/13/1993,24
11/14/1993,34
11/15/1993,29
11/16/1993,27
11/17/1993,25
11/18/1993,24
11/19/1993,28
11/20/1993,26
11/21/1993,23
11/22/1993,24
11/23/1993,24
11/24/1993,24
11/25/1993,27
11/26/1993,28
11/27/1993,27
11/28/1993,27
11/29/1993,45
11/30/1993,84
12/1/1993,98
12/2/1993,66
12/3/1993,47
12/4/1993,40
12/5/1993,37
12/6/1993,35
12/7/1993,34
12/8/1993,33
12/9/1993,53
12/10/1993,78
12/11/1993,118
12/12/1993,217
12/13/1993,131
12/14/1993,291
12/15/1993,256
12/16/1993,133
12/17/1993,93
12/18/1993,78
12/19/1993,67
12/20/1993,59
12/21/1993,55
12/22/1993,51
12/23/1993,49
12/24/1993,48
12/25/1993,48
12/26/1993,47
12/27/1993,47
12/28/1993,47
12/29/1993,52
12/30/1993,50
12/31/1993,47
1/1/1994,46
1/2/1994,45
1/3/1994,45
1/4/1994,47
1/5/1994,57
1/6/1994,94
1/7/1994,85
1/8/1994,68
1/9/1994,61
1/10/1994,57
1/11/1994,53
1/12/1994,49
1/13/1994,49
1/14/1994,46
1/15/1994,48
1/16/1994,46
1/17/1994,45
1/18/1994,45
1/19/1994,45
1/20/1994,45
1/21/1994,44
1/22/1994,44
1/23/1994,56
1/24/1994,125
1/25/1994,247
1/26/1994,207
1/27/1994,153
1/28/1994,119
1/29/1994,97
1/30/1994,84
1/31/1994,78
2/1/1994,73
2/2/1994,68
2/3/1994,66
2/4/1994,61
2/5/1994,61
2/6/1994,63
2/7/1994,210
2/8/1994,350
2/9/1994,268
2/10/1994,190
2/11/1994,260
2/12/1994,220
2/13/1994,158
2/14/1994,135
2/15/1994,118
2/16/1994,108
2/17/1994,329
2/18/1994,868
2/19/1994,523
2/20/1994,451
2/21/1994,439
2/22/1994,588
2/23/1994,408
2/24/1994,318
2/25/1994,270
2/26/1994,248
2/27/1994,280
2/28/1994,349
3/1/1994,297
3/2/1994,267
3/3/1994,257
3/4/1994,256
3/5/1994,249
3/6/1994,278
3/7/1994,283
3/8/1994,261
3/9/1994,251
3/10/1994,251
3/11/1994,256
3/12/1994,259
3/13/1994,241
3/14/1994,235
3/15/1994,247
3/16/1994,259
3/17/1994,261
3/18/1994,241
3/19/1994,229
3/20/1994,222
3/21/1994,212
3/22/1994,204
3/23/1994,203
3/24/1994,189
3/25/1994,179
3/26/1994,169
3/27/1994,159
3/28/1994,153
3/29/1994,156
3/30/1994,159
3/31/1994,157
4/1/1994,160
4/2/1994,157
4/3/1994,157
4/4/1994,168
4/5/1994,175
4/6/1994,161
4/7/1994,152
4/8/1994,148
4/9/1994,164
4/10/1994,174
4/11/1994,150
4/12/1994,137
4/13/1994,130
4/14/1994,129
4/15/1994,131
4/16/1994,136
4/17/1994,146
4/18/1994,153
4/19/1994,153
4/20/1994,155
4/21/1994,152
4/22/1994,142
4/23/1994,135
4/24/1994,144
4/25/1994,154
4/26/1994,231
4/27/1994,196
4/28/1994,187
4/29/1994,165
4/30/1994,158
5/1/1994,160
5/2/1994,163
5/3/1994,156
5/4/1994,153
5/5/1994,152
5/6/1994,177
5/7/1994,252
5/8/1994,264
5/9/1994,237
5/10/1994,211
5/11/1994,199
5/12/1994,192
5/13/1994,185
5/14/1994,167
5/15/1994,152
5/16/1994,141
5/17/1994,133
5/18/1994,132
5/19/1994,150
5/20/1994,151
5/21/1994,141
5/22/1994,127
5/23/1994,115
5/24/1994,107
5/25/1994,100
5/26/1994,94
5/27/1994,88
5/28/1994,85
5/29/1994,78
5/30/1994,73
5/31/1994,69
6/1/1994,62
6/2/1994,60
6/3/1994,54
6/4/1994,49
6/5/1994,46
6/6/1994,44
6/7/1994,43
6/8/1994,42
6/9/1994,40
6/10/1994,37
6/11/1994,33
6/12/1994,30
6/13/1994,30
6/14/1994,29
6/15/1994,27
6/16/1994,27
6/17/1994,27
6/18/1994,22
6/19/1994,17
6/20/1994,19
6/21/1994,20
6/22/1994,19
6/23/1994,18
6/24/1994,18
6/25/1994,16
6/26/1994,15
6/27/1994,14
6/28/1994,13
6/29/1994,12
6/30/1994,11
7/1/1994,10
7/2/1994,10
7/3/1994,9
7/4/1994,9
7/5/1994,9
7/6/1994,8
7/7/1994,7
7/8/1994,7
7/9/1994,7
7/10/1994,6
7/11/1994,7
7/12/1994,7
7/13/1994,6
7/14/1994,5
7/15/1994,5
7/16/1994,4
7/17/1994,3
7/18/1994,4
7/19/1994,3
7/20/1994,3
7/21/1994,2
7/22/1994,2
7/23/1994,1
7/24/1994,1
7/25/1994,1
7/26/1994,2
7/27/1994,2
7/28/1994,1
7/29/1994,2
7/30/1994,1
7/31/1994,0
8/1/1994,0
8/2/1994,0
8/3/1994,1
8/4/1994,0
8/5/1994,0
8/6/1994,0
8/7/1994,0
8/8/1994,0
8/9/1994,0
8/10/1994,0
8/11/1994,0
8/12/1994,0
8/13/1994,0
8/14/1994,0
8/15/1994,0
8/16/1994,0
8/17/1994,0
8/18/1994,0
8/19/1994,0
8/20/1994,0
8/21/1994,0
8/22/1994,0
8/23/1994,0
8/24/1994,0
8/25/1994,0
8/26/1994,0
8/27/1994,0
8/28/1994,0
8/29/1994,0
8/30/1994,0
8/31/1994,0
9/1/1994,0
9/2/1994,0
9/3/1994,0
9/4/1994,0
9/5/1994,0
9/6/1994,0
9/7/1994,0
9/8/1994,0
9/9/1994,0
9/10/1994,0
9/11/1994,0
9/12/1994,0
9/13/1994,0
9/14/1994,0
9/15/1994,0
9/16/1994,0
9/17/1994,0
9/18/1994,0
9/19/1994,0
9/20/1994,0
9/21/1994,0
9/22/1994,0
9/23/1994,0
9/24/1994,0
9/25/1994,0
9/26/1994,0
9/27/1994,0
9/28/1994,0
9/29/1994,0
9/30/1994,0
10/1/1994,0
10/2/1994,0
10/3/1994,0
10/4/1994,0
10/5/1994,0
10/6/1994,0
10/7/1994,1
10/8/1994,19
10/9/1994,15
10/10/1994,14
10/11/1994,12
10/12/1994,11
10/13/1994,11
10/14/1994,10
10/15/1994,9
10/16/1994,9
10/17/1994,8
10/18/1994,7
10/19/1994,7
10/20/1994,7
10/21/1994,8
10/22/1994,9
10/23/1994,9
10/24/1994,9
10/25/1994,9
10/26/1994,9
10/27/1994,8
10/28/1994,9
10/29/1994,9
10/30/1994,9
10/31/1994,9
11/1/1994,9
11/2/1994,10
11/3/1994,10
11/4/1994,17
11/5/1994,21
11/6/1994,90
11/7/1994,211
11/8/1994,99
11/9/1994,69
11/10/1994,86
11/11/1994,85
11/12/1994,62
11/13/1994,47
11/14/1994,40
11/15/1994,40
11/16/1994,36
11/17/1994,39
11/18/1994,59
11/19/1994,77
11/20/1994,53
11/21/1994,43
11/22/1994,43
11/23/1994,40
11/24/1994,37
11/25/1994,50
11/26/1994,123
11/27/1994,122
11/28/1994,84
11/29/1994,70
11/30/1994,63
12/1/1994,56
12/2/1994,54
12/3/1994,228
12/4/1994,869
12/5/1994,791
12/6/1994,394
12/7/1994,300
12/8/1994,218
12/9/1994,165
12/10/1994,137
12/11/1994,120
12/12/1994,135
12/13/1994,186
12/14/1994,188
12/15/1994,172
12/16/1994,154
12/17/1994,133
12/18/1994,124
12/19/1994,120
12/20/1994,114
12/21/1994,111
12/22/1994,102
12/23/1994,101
12/24/1994,165
12/25/1994,476
12/26/1994,287
12/27/1994,216
12/28/1994,251
12/29/1994,289
12/30/1994,225
12/31/1994,192
1/1/1995,173
1/2/1995,160
1/3/1995,152
1/4/1995,349
1/5/1995,1340
1/6/1995,1410
1/7/1995,1290
1/8/1995,1710
1/9/1995,2880
1/10/1995,11800
1/11/1995,8030
1/12/1995,3290
1/13/1995,3320
1/14/1995,6870
1/15/1995,7830
1/16/1995,4180
1/17/1995,2750
1/18/1995,1980
1/19/1995,1580
1/20/1995,1320
1/21/1995,1130
1/22/1995,1100
1/23/1995,1570
1/24/1995,1820
1/25/1995,3650
1/26/1995,2960
1/27/1995,4750
1/28/1995,3430
1/29/1995,2360
1/30/1995,1920
1/31/1995,1740
2/1/1995,1630
2/2/1995,1540
2/3/1995,1400
2/4/1995,1290
2/5/1995,1330
2/6/1995,1300
2/7/1995,1240
2/8/1995,1370
2/9/1995,1220
2/10/1995,1070
2/11/1995,986
2/12/1995,933
2/13/1995,895
2/14/1995,1350
2/15/1995,1000
2/16/1995,891
2/17/1995,821
2/18/1995,759
2/19/1995,718
2/20/1995,699
2/21/1995,710
2/22/1995,715
2/23/1995,719
2/24/1995,727
2/25/1995,736
2/26/1995,739
2/27/1995,717
2/28/1995,697
3/1/1995,696
3/2/1995,915
3/3/1995,4160
3/4/1995,3070
3/5/1995,2130
3/6/1995,1660
3/7/1995,1530
3/8/1995,1350
3/9/1995,3080
3/10/1995,10200
3/11/1995,18100
3/12/1995,10400
3/13/1995,6340
3/14/1995,5680
3/15/1995,5120
3/16/1995,3940
3/17/1995,3220
3/18/1995,2940
3/19/1995,2930
3/20/1995,3750
3/21/1995,5800
3/22/1995,6870
3/23/1995,10800
3/24/1995,6010
3/25/1995,3980
3/26/1995,3110
3/27/1995,2650
3/28/1995,2360
3/29/1995,2150
3/30/1995,2010
3/31/1995,1880
4/1/1995,1830
4/2/1995,1830
4/3/1995,1780
4/4/1995,1790
4/5/1995,1860
4/6/1995,1930
4/7/1995,2430
4/8/1995,3500
4/9/1995,2960
4/10/1995,2510
4/11/1995,2230
4/12/1995,2090
4/13/1995,2480
4/14/1995,2340
4/15/1995,2030
4/16/1995,1880
4/17/1995,1760
4/18/1995,1650
4/19/1995,1550
4/20/1995,1610
4/21/1995,1600
4/22/1995,1420
4/23/1995,1350
4/24/1995,1340
4/25/1995,1370
4/26/1995,1390
4/27/1995,1440
4/28/1995,2200
4/29/1995,2740
4/30/1995,4150
5/1/1995,6260
5/2/1995,6900
5/3/1995,4300
5/4/1995,3320
5/5/1995,3100
5/6/1995,3080
5/7/1995,2610
5/8/1995,2360
5/9/1995,2160
5/10/1995,2030
5/11/1995,1910
5/12/1995,1810
5/13/1995,2480
5/14/1995,2720
5/15/1995,2400
5/16/1995,2120
5/17/1995,1930
5/18/1995,1810
5/19/1995,1760
5/20/1995,1760
5/21/1995,1750
5/22/1995,1680
5/23/1995,1630
5/24/1995,1580
5/25/1995,1560
5/26/1995,1450
5/27/1995,1410
5/28/1995,1380
5/29/1995,1340
5/30/1995,1320
5/31/1995,1290
6/1/1995,1300
6/2/1995,1250
6/3/1995,1210
6/4/1995,1150
6/5/1995,1130
6/6/1995,1020
6/7/1995,938
6/8/1995,846
6/9/1995,736
6/10/1995,721
6/11/1995,754
6/12/1995,796
6/13/1995,814
6/14/1995,811
6/15/1995,1090
6/16/1995,1390
6/17/1995,906
6/18/1995,783
6/19/1995,738
6/20/1995,671
6/21/1995,618
6/22/1995,575
6/23/1995,563
6/24/1995,574
6/25/1995,584
6/26/1995,572
6/27/1995,549
6/28/1995,528
6/29/1995,502
6/30/1995,475
7/1/1995,469
7/2/1995,458
7/3/1995,430
7/4/1995,410
7/5/1995,387
7/6/1995,367
7/7/1995,352
7/8/1995,334
7/9/1995,331
7/10/1995,313
7/11/1995,294
7/12/1995,278
7/13/1995,262
7/14/1995,245
7/15/1995,229
7/16/1995,212
7/17/1995,198
7/18/1995,211
7/19/1995,204
7/20/1995,191
7/21/1995,181
7/22/1995,169
7/23/1995,161
7/24/1995,153
7/25/1995,149
7/26/1995,144
7/27/1995,136
7/28/1995,130
7/29/1995,123
7/30/1995,116
7/31/1995,111
8/1/1995,103
8/2/1995,96
8/3/1995,91
8/4/1995,89
8/5/1995,86
8/6/1995,81
8/7/1995,80
8/8/1995,79
8/9/1995,77
8/10/1995,72
8/11/1995,73
8/12/1995,69
8/13/1995,67
8/14/1995,67
8/15/1995,64
8/16/1995,59
8/17/1995,57
8/18/1995,57
8/19/1995,53
8/20/1995,53
8/21/1995,52
8/22/1995,50
8/23/1995,48
8/24/1995,46
8/25/1995,45
8/26/1995,43
8/27/1995,42
8/28/1995,42
8/29/1995,42
8/30/1995,40
8/31/1995,38
9/1/1995,39
9/2/1995,37
9/3/1995,37
9/4/1995,37
9/5/1995,36
9/6/1995,35
9/7/1995,34
9/8/1995,33
9/9/1995,33
9/10/1995,33
9/11/1995,34
9/12/1995,34
9/13/1995,33
9/14/1995,33
9/15/1995,33
9/16/1995,32
9/17/1995,30
9/18/1995,30
9/19/1995,30
9/20/1995,29
9/21/1995,29
9/22/1995,29
9/23/1995,29
9/24/1995,30
9/25/1995,30
9/26/1995,30
9/27/1995,31
9/28/1995,33
9/29/1995,33
9/30/1995,33
10/1/1995,34
10/2/1995,33
10/3/1995,31
10/4/1995,31
10/5/1995,30
10/6/1995,29
10/7/1995,29
10/8/1995,29
10/9/1995,29
10/10/1995,29
10/11/1995,31
10/12/1995,28
10/13/1995,29
10/14/1995,28
10/15/1995,29
10/16/1995,29
10/17/1995,28
10/18/1995,27
10/19/1995,28
10/20/1995,29
10/21/1995,28
10/22/1995,28
10/23/1995,28
10/24/1995,28
10/25/1995,28
10/26/1995,28
10/27/1995,30
10/28/1995,33
10/29/1995,32
10/30/1995,33
10/31/1995,33
11/1/1995,34
11/2/1995,34
11/3/1995,35
11/4/1995,36
11/5/1995,35
11/6/1995,35
11/7/1995,34
11/8/1995,33
11/9/1995,34
11/10/1995,33
11/11/1995,32
11/12/1995,33
11/13/1995,32
11/14/1995,32
11/15/1995,32
11/16/1995,32
11/17/1995,31
11/18/1995,31
11/19/1995,31
11/20/1995,31
11/21/1995,31
11/22/1995,31
11/23/1995,31
11/24/1995,31
11/25/1995,31
11/26/1995,33
11/27/1995,37
11/28/1995,42
11/29/1995,39
11/30/1995,37
12/1/1995,36
12/2/1995,39
12/3/1995,40
12/4/1995,43
12/5/1995,50
12/6/1995,73
12/7/1995,58
12/8/1995,50
12/9/1995,49
12/10/1995,46
12/11/1995,57
12/12/1995,299
12/13/1995,711
12/14/1995,390
12/15/1995,290
12/16/1995,406
12/17/1995,223
12/18/1995,159
12/19/1995,132
12/20/1995,118
12/21/1995,106
12/22/1995,94
12/23/1995,89
12/24/1995,89
12/25/1995,84
12/26/1995,81
12/27/1995,79
12/28/1995,85
12/29/1995,132
12/30/1995,382
12/31/1995,383
1/1/1996,272
1/2/1996,213
1/3/1996,182
1/4/1996,166
1/5/1996,152
1/6/1996,141
1/7/1996,132
1/8/1996,126
1/9/1996,120
1/10/1996,116
1/11/1996,112
1/12/1996,109
1/13/1996,105
1/14/1996,102
1/15/1996,101
1/16/1996,742
1/17/1996,1550
1/18/1996,683
1/19/1996,861
1/20/1996,623
1/21/1996,972
1/22/1996,694
1/23/1996,494
1/24/1996,1380
1/25/1996,5400
1/26/1996,1330
1/27/1996,1890
1/28/1996,2370
1/29/1996,1200
1/30/1996,862
1/31/1996,825
2/1/1996,773
2/2/1996,635
2/3/1996,562
2/4/1996,2630
2/5/1996,5440
2/6/1996,3020
2/7/1996,2000
2/8/1996,1590
2/9/1996,1340
2/10/1996,1170
2/11/1996,1060
2/12/1996,980
2/13/1996,942
2/14/1996,904
2/15/1996,861
2/16/1996,895
2/17/1996,1040
2/18/1996,1270
2/19/1996,2240
2/20/1996,5370
2/21/1996,6270
2/22/1996,4560
2/23/1996,2900
2/24/1996,2470
2/25/1996,2160
2/26/1996,1830
2/27/1996,1550
2/28/1996,1340
2/29/1996,1190
3/1/1996,1090
3/2/1996,1020
3/3/1996,1000
3/4/1996,3180
3/5/1996,7850
3/6/1996,3460
3/7/1996,2460
3/8/1996,1980
3/9/1996,1740
3/10/1996,1630
3/11/1996,1770
3/12/1996,2880
3/13/1996,2550
3/14/1996,1960
3/15/1996,1680
3/16/1996,1540
3/17/1996,1440
3/18/1996,1410
3/19/1996,1400
3/20/1996,1390
3/21/1996,1350
3/22/1996,1290
3/23/1996,1220
3/24/1996,1100
3/25/1996,1010
3/26/1996,933
3/27/1996,874
3/28/1996,1140
3/29/1996,1170
3/30/1996,1020
3/31/1996,949
4/1/1996,1320
4/2/1996,2120
4/3/1996,1530
4/4/1996,1340
4/5/1996,1210
4/6/1996,1120
4/7/1996,1090
4/8/1996,1080
4/9/1996,1070
4/10/1996,1030
4/11/1996,966
4/12/1996,904
4/13/1996,844
4/14/1996,793
4/15/1996,770
4/16/1996,949
4/17/1996,1380
4/18/1996,1710
4/19/1996,1390
4/20/1996,1290
4/21/1996,1170
4/22/1996,1070
4/23/1996,994
4/24/1996,953
4/25/1996,938
4/26/1996,913
4/27/1996,904
4/28/1996,869
4/29/1996,826
4/30/1996,813
5/1/1996,807
5/2/1996,791
5/3/1996,754
5/4/1996,699
5/5/1996,643
5/6/1996,607
5/7/1996,574
5/8/1996,555
5/9/1996,533
5/10/1996,514
5/11/1996,499
5/12/1996,505
5/13/1996,518
5/14/1996,517
5/15/1996,581
5/16/1996,4020
5/17/1996,2590
5/18/1996,2270
5/19/1996,1880
5/20/1996,1490
5/21/1996,1270
5/22/1996,1380
5/23/1996,1190
5/24/1996,1050
5/25/1996,928
5/26/1996,846
5/27/1996,789
5/28/1996,749
5/29/1996,692
5/30/1996,640
5/31/1996,592
6/1/1996,546
6/2/1996,509
6/3/1996,478
6/4/1996,452
6/5/1996,427
6/6/1996,397
6/7/1996,375
6/8/1996,353
6/9/1996,329
6/10/1996,314
6/11/1996,294
6/12/1996,271
6/13/1996,243
6/14/1996,221
6/15/1996,209
6/16/1996,196
6/17/1996,189
6/18/1996,180
6/19/1996,172
6/20/1996,166
6/21/1996,160
6/22/1996,155
6/23/1996,149
6/24/1996,146
6/25/1996,147
6/26/1996,160
6/27/1996,228
6/28/1996,210
6/29/1996,174
6/30/1996,157
7/1/1996,142
7/2/1996,133
7/3/1996,138
7/4/1996,132
7/5/1996,128
7/6/1996,121
7/7/1996,117
7/8/1996,116
7/9/1996,106
7/10/1996,106
7/11/1996,103
7/12/1996,100
7/13/1996,95
7/14/1996,92
7/15/1996,92
7/16/1996,91
7/17/1996,89
7/18/1996,85
7/19/1996,83
7/20/1996,77
7/21/1996,75
7/22/1996,74
7/23/1996,72
7/24/1996,68
7/25/1996,66
7/26/1996,64
7/27/1996,60
7/28/1996,58
7/29/1996,58
7/30/1996,54
7/31/1996,53
8/1/1996,50
8/2/1996,49
8/3/1996,47
8/4/1996,45
8/5/1996,46
8/6/1996,46
8/7/1996,46
8/8/1996,46
8/9/1996,44
8/10/1996,42
8/11/1996,39
8/12/1996,38
8/13/1996,38
8/14/1996,38
8/15/1996,36
8/16/1996,35
8/17/1996,33
8/18/1996,33
8/19/1996,34
8/20/1996,35
8/21/1996,34
8/22/1996,34
8/23/1996,34
8/24/1996,32
8/25/1996,31
8/26/1996,31
8/27/1996,30
8/28/1996,30
8/29/1996,29
8/30/1996,30
8/31/1996,28
9/1/1996,27
9/2/1996,26
9/3/1996,28
9/4/1996,25
9/5/1996,25
9/6/1996,26
9/7/1996,25
9/8/1996,26
9/9/1996,27
9/10/1996,26
9/11/1996,26
9/12/1996,27
9/13/1996,28
9/14/1996,29
9/15/1996,32
9/16/1996,39
9/17/1996,48
9/18/1996,45
9/19/1996,39
9/20/1996,36
9/21/1996,33
9/22/1996,32
9/23/1996,32
9/24/1996,32
9/25/1996,31
9/26/1996,30
9/27/1996,30
9/28/1996,29
9/29/1996,27
9/30/1996,28
10/1/1996,27
10/2/1996,27
10/3/1996,28
10/4/1996,29
10/5/1996,29
10/6/1996,27
10/7/1996,27
10/8/1996,27
10/9/1996,25
10/10/1996,24
10/11/1996,25
10/12/1996,25
10/13/1996,26
10/14/1996,27
10/15/1996,27
10/16/1996,28
10/17/1996,28
10/18/1996,29
10/19/1996,33
10/20/1996,42
10/21/1996,44
10/22/1996,40
10/23/1996,37
10/24/1996,37
10/25/1996,40
10/26/1996,49
10/27/1996,57
10/28/1996,51
10/29/1996,50
10/30/1996,49
10/31/1996,72
11/1/1996,87
11/2/1996,68
11/3/1996,59
11/4/1996,55
11/5/1996,52
11/6/1996,50
11/7/1996,49
11/8/1996,49
11/9/1996,49
11/10/1996,49
11/11/1996,47
11/12/1996,45
11/13/1996,43
11/14/1996,43
11/15/1996,43
11/16/1996,43
11/17/1996,65
11/18/1996,541
11/19/1996,426
11/20/1996,295
11/21/1996,256
11/22/1996,594
11/23/1996,944
11/24/1996,461
11/25/1996,304
11/26/1996,239
11/27/1996,200
11/28/1996,174
11/29/1996,166
11/30/1996,156
12/1/1996,149
12/2/1996,206
12/3/1996,192
12/4/1996,167
12/5/1996,2950
12/6/1996,1760
12/7/1996,965
12/8/1996,653
12/9/1996,594
12/10/1996,2640
12/11/1996,2530
12/12/1996,7020
12/13/1996,5440
12/14/1996,2570
12/15/1996,1560
12/16/1996,1130
12/17/1996,900
12/18/1996,742
12/19/1996,622
12/20/1996,540
12/21/1996,7460
12/22/1996,6630
12/23/1996,2400
12/24/1996,1300
12/25/1996,954
12/26/1996,956
12/27/1996,4690
12/28/1996,3530
12/29/1996,2660
12/30/1996,7400
12/31/1996,9250
1/1/1997,25300
1/2/1997,61600
1/3/1997,19100
1/4/1997,8520
1/5/1997,5580
1/6/1997,4090
1/7/1997,3220
1/8/1997,2680
1/9/1997,2280
1/10/1997,2020
1/11/1997,1840
1/12/1997,1780
1/13/1997,1710
1/14/1997,1460
1/15/1997,1360
1/16/1997,1290
1/17/1997,1200
1/18/1997,1140
1/19/1997,1100
1/20/1997,1320
1/21/1997,1660
1/22/1997,6560
1/23/1997,11900
1/24/1997,4500
1/25/1997,7290
1/26/1997,14500
1/27/1997,9580
1/28/1997,5710
1/29/1997,4300
1/30/1997,3460
1/31/1997,2950
2/1/1997,2700
2/2/1997,2490
2/3/1997,2210
2/4/1997,2020
2/5/1997,1860
2/6/1997,1690
2/7/1997,1570
2/8/1997,1600
2/9/1997,1450
2/10/1997,1340
2/11/1997,1260
2/12/1997,1180
2/13/1997,1120
2/14/1997,1060
2/15/1997,1020
2/16/1997,995
2/17/1997,1100
2/18/1997,1080
2/19/1997,977
2/20/1997,941
2/21/1997,899
2/22/1997,862
2/23/1997,831
2/24/1997,788
2/25/1997,754
2/26/1997,733
2/27/1997,725
2/28/1997,720
3/1/1997,682
3/2/1997,672
3/3/1997,696
3/4/1997,650
3/5/1997,591
3/6/1997,566
3/7/1997,576
3/8/1997,567
3/9/1997,557
3/10/1997,552
3/11/1997,562
3/12/1997,566
3/13/1997,553
3/14/1997,543
3/15/1997,541
3/16/1997,549
3/17/1997,571
3/18/1997,565
3/19/1997,559
3/20/1997,531
3/21/1997,514
3/22/1997,526
3/23/1997,554
3/24/1997,573
3/25/1997,584
3/26/1997,582
3/27/1997,594
3/28/1997,578
3/29/1997,555
3/30/1997,539
3/31/1997,535
4/1/1997,520
4/2/1997,484
4/3/1997,453
4/4/1997,418
4/5/1997,394
4/6/1997,382
4/7/1997,377
4/8/1997,370
4/9/1997,362
4/10/1997,362
4/11/1997,351
4/12/1997,339
4/13/1997,330
4/14/1997,325
4/15/1997,322
4/16/1997,315
4/17/1997,317
4/18/1997,329
4/19/1997,484
4/20/1997,566
4/21/1997,520
4/22/1997,527
4/23/1997,551
4/24/1997,593
4/25/1997,493
4/26/1997,440
4/27/1997,420
4/28/1997,424
4/29/1997,417
4/30/1997,391
5/1/1997,373
5/2/1997,364
5/3/1997,349
5/4/1997,333
5/5/1997,320
5/6/1997,309
5/7/1997,302
5/8/1997,297
5/9/1997,293
5/10/1997,287
5/11/1997,282
5/12/1997,277
5/13/1997,270
5/14/1997,261
5/15/1997,250
5/16/1997,241
5/17/1997,228
5/18/1997,216
5/19/1997,206
5/20/1997,199
5/21/1997,187
5/22/1997,176
5/23/1997,176
5/24/1997,205
5/25/1997,211
5/26/1997,181
5/27/1997,170
5/28/1997,158
5/29/1997,154
5/30/1997,144
5/31/1997,135
6/1/1997,128
6/2/1997,124
6/3/1997,123
6/4/1997,140
6/5/1997,241
6/6/1997,213
6/7/1997,169
6/8/1997,145
6/9/1997,133
6/10/1997,125
6/11/1997,120
6/12/1997,115
6/13/1997,110
6/14/1997,108
6/15/1997,110
6/16/1997,112
6/17/1997,119
6/18/1997,107
6/19/1997,98
6/20/1997,91
6/21/1997,87
6/22/1997,83
6/23/1997,80
6/24/1997,80
6/25/1997,78
6/26/1997,74
6/27/1997,72
6/28/1997,69
6/29/1997,69
6/30/1997,70
7/1/1997,72
7/2/1997,76
7/3/1997,72
7/4/1997,69
7/5/1997,65
7/6/1997,62
7/7/1997,59
7/8/1997,58
7/9/1997,56
7/10/1997,54
7/11/1997,53
7/12/1997,52
7/13/1997,51
7/14/1997,52
7/15/1997,51
7/16/1997,50
7/17/1997,48
7/18/1997,49
7/19/1997,47
7/20/1997,45
7/21/1997,44
7/22/1997,44
7/23/1997,42
7/24/1997,41
7/25/1997,42
7/26/1997,44
7/27/1997,42
7/28/1997,41
7/29/1997,40
7/30/1997,38
7/31/1997,37
8/1/1997,36
8/2/1997,35
8/3/1997,33
8/4/1997,33
8/5/1997,33
8/6/1997,32
8/7/1997,30
8/8/1997,30
8/9/1997,29
8/10/1997,29
8/11/1997,30
8/12/1997,32
8/13/1997,32
8/14/1997,30
8/15/1997,30
8/16/1997,29
8/17/1997,28
8/18/1997,28
8/19/1997,28
8/20/1997,30
8/21/1997,33
8/22/1997,33
8/23/1997,31
8/24/1997,29
8/25/1997,29
8/26/1997,28
8/27/1997,28
8/28/1997,27
8/29/1997,27
8/30/1997,26
8/31/1997,26
9/1/1997,26
9/2/1997,26
9/3/1997,25
9/4/1997,24
9/5/1997,24
9/6/1997,23
9/7/1997,22
9/8/1997,22
9/9/1997,22
9/10/1997,22
9/11/1997,21
9/12/1997,21
9/13/1997,21
9/14/1997,22
9/15/1997,23
9/16/1997,22
9/17/1997,22
9/18/1997,22
9/19/1997,23
9/20/1997,22
9/21/1997,23
9/22/1997,24
9/23/1997,24
9/24/1997,23
9/25/1997,21
9/26/1997,22
9/27/1997,21
9/28/1997,20
9/29/1997,21
9/30/1997,21
10/1/1997,21
10/2/1997,22
10/3/1997,24
10/4/1997,32
10/5/1997,35
10/6/1997,32
10/7/1997,29
10/8/1997,28
10/9/1997,44
10/10/1997,61
10/11/1997,91
10/12/1997,98
10/13/1997,75
10/14/1997,65
10/15/1997,53
10/16/1997,54
10/17/1997,47
10/18/1997,45
10/19/1997,44
10/20/1997,43
10/21/1997,43
10/22/1997,43
10/23/1997,42
10/24/1997,42
10/25/1997,42
10/26/1997,41
10/27/1997,39
10/28/1997,44
10/29/1997,41
10/30/1997,44
10/31/1997,43
11/1/1997,42
11/2/1997,42
11/3/1997,47
11/4/1997,41
11/5/1997,39
11/6/1997,40
11/7/1997,43
11/8/1997,42
11/9/1997,47
11/10/1997,45
11/11/1997,48
11/12/1997,55
11/13/1997,56
11/14/1997,68
11/15/1997,88
11/16/1997,83
11/17/1997,78
11/18/1997,64
11/19/1997,65
11/20/1997,65
11/21/1997,90
11/22/1997,75
11/23/1997,66
11/24/1997,65
11/25/1997,63
11/26/1997,198
11/27/1997,534
11/28/1997,242
11/29/1997,152
11/30/1997,124
12/1/1997,109
12/2/1997,98
12/3/1997,89
12/4/1997,86
12/5/1997,84
12/6/1997,88
12/7/1997,615
12/8/1997,896
12/9/1997,368
12/10/1997,232
12/11/1997,181
12/12/1997,151
12/13/1997,128
12/14/1997,126
12/15/1997,141
12/16/1997,147
12/17/1997,124
12/18/1997,115
12/19/1997,112
12/20/1997,105
12/21/1997,99
12/22/1997,95
12/23/1997,90
12/24/1997,87
12/25/1997,85
12/26/1997,81
12/27/1997,74
12/28/1997,76
12/29/1997,81
12/30/1997,80
12/31/1997,80
1/1/1998,78
1/2/1998,111
1/3/1998,194
1/4/1998,614
1/5/1998,437
1/6/1998,254
1/7/1998,204
1/8/1998,199
1/9/1998,199
1/10/1998,270
1/11/1998,1150
1/12/1998,5270
1/13/1998,3040
1/14/1998,1380
1/15/1998,6730
1/16/1998,4440
1/17/1998,3120
1/18/1998,3150
1/19/1998,4390
1/20/1998,2090
1/21/1998,1440
1/22/1998,1120
1/23/1998,934
1/24/1998,802
1/25/1998,698
1/26/1998,623
1/27/1998,575
1/28/1998,532
1/29/1998,1640
1/30/1998,1400
1/31/1998,957
2/1/1998,911
2/2/1998,2320
2/3/1998,14700
2/4/1998,5070
2/5/1998,2900
2/6/1998,4780
2/7/1998,7380
2/8/1998,6130
2/9/1998,3700
2/10/1998,2680
2/11/1998,2590
2/12/1998,2270
2/13/1998,2290
2/14/1998,3900
2/15/1998,3770
2/16/1998,2580
2/17/1998,2340
2/18/1998,1850
2/19/1998,2240
2/20/1998,2880
2/21/1998,3350
2/22/1998,4190
2/23/1998,3780
2/24/1998,3370
2/25/1998,2410
2/26/1998,2020
2/27/1998,1770
2/28/1998,1580
3/1/1998,1450
3/2/1998,1350
3/3/1998,1380
3/4/1998,1310
3/5/1998,1280
3/6/1998,2300
3/7/1998,1670
3/8/1998,1420
3/9/1998,1310
3/10/1998,1210
3/11/1998,1150
3/12/1998,1130
3/13/1998,1160
3/14/1998,1200
3/15/1998,1180
3/16/1998,1230
3/17/1998,1330
3/18/1998,1390
3/19/1998,1400
3/20/1998,1440
3/21/1998,1500
3/22/1998,1620
3/23/1998,1910
3/24/1998,7820
3/25/1998,11000
3/26/1998,6150
3/27/1998,4370
3/28/1998,3670
3/29/1998,3030
3/30/1998,2540
3/31/1998,2420
4/1/1998,2320
4/2/1998,2010
4/3/1998,3410
4/4/1998,2890
4/5/1998,2400
4/6/1998,2180
4/7/1998,2320
4/8/1998,2000
4/9/1998,1810
4/10/1998,1700
4/11/1998,1710
4/12/1998,1820
4/13/1998,2810
4/14/1998,2580
4/15/1998,2070
4/16/1998,1810
4/17/1998,1650
4/18/1998,1550
4/19/1998,1500
4/20/1998,1500
4/21/1998,1560
4/22/1998,1720
4/23/1998,1910
4/24/1998,2110
4/25/1998,1940
4/26/1998,1770
4/27/1998,1670
4/28/1998,1670
4/29/1998,1720
4/30/1998,1760
5/1/1998,1790
5/2/1998,2350
5/3/1998,3140
5/4/1998,2530
5/5/1998,2720
5/6/1998,2650
5/7/1998,2300
5/8/1998,2110
5/9/1998,1990
5/10/1998,1950
5/11/1998,1720
5/12/1998,2140
5/13/1998,2340
5/14/1998,1930
5/15/1998,1700
5/16/1998,1590
5/17/1998,1600
5/18/1998,1440
5/19/1998,1370
5/20/1998,1340
5/21/1998,1300
5/22/1998,1220
5/23/1998,1170
5/24/1998,1140
5/25/1998,1320
5/26/1998,1460
5/27/1998,1290
5/28/1998,1600
5/29/1998,2320
5/30/1998,1520
5/31/1998,1360
6/1/1998,1330
6/2/1998,1350
6/3/1998,1330
6/4/1998,1250
6/5/1998,1190
6/6/1998,1180
6/7/1998,1720
6/8/1998,1530
6/9/1998,1380
6/10/1998,1310
6/11/1998,1440
6/12/1998,1420
6/13/1998,1460
6/14/1998,1410
6/15/1998,1340
6/16/1998,1250
6/17/1998,1150
6/18/1998,1050
6/19/1998,1020
6/20/1998,890
6/21/1998,894
6/22/1998,867
6/23/1998,845
6/24/1998,778
6/25/1998,727
6/26/1998,716
6/27/1998,687
6/28/1998,642
6/29/1998,602
6/30/1998,567
7/1/1998,536
7/2/1998,507
7/3/1998,490
7/4/1998,462
7/5/1998,438
7/6/1998,413
7/7/1998,388
7/8/1998,366
7/9/1998,346
7/10/1998,328
7/11/1998,312
7/12/1998,296
7/13/1998,278
7/14/1998,264
7/15/1998,249
7/16/1998,234
7/17/1998,223
7/18/1998,213
7/19/1998,205
7/20/1998,195
7/21/1998,185
7/22/1998,180
7/23/1998,183
7/24/1998,183
7/25/1998,174
7/26/1998,166
7/27/1998,159
7/28/1998,152
7/29/1998,145
7/30/1998,136
7/31/1998,137
8/1/1998,135
8/2/1998,131
8/3/1998,125
8/4/1998,118
8/5/1998,111
8/6/1998,106
8/7/1998,104
8/8/1998,101
8/9/1998,98
8/10/1998,98
8/11/1998,96
8/12/1998,92
8/13/1998,89
8/14/1998,87
8/15/1998,83
8/16/1998,79
8/17/1998,81
8/18/1998,80
8/19/1998,80
8/20/1998,80
8/21/1998,81
8/22/1998,78
8/23/1998,77
8/24/1998,74
8/25/1998,72
8/26/1998,70
8/27/1998,71
8/28/1998,72
8/29/1998,71
8/30/1998,68
8/31/1998,66
9/1/1998,64
9/2/1998,62
9/3/1998,60
9/4/1998,59
9/5/1998,58
9/6/1998,64
9/7/1998,74
9/8/1998,76
9/9/1998,72
9/10/1998,71
9/11/1998,83
9/12/1998,74
9/13/1998,69
9/14/1998,67
9/15/1998,64
9/16/1998,61
9/17/1998,58
9/18/1998,57
9/19/1998,56
9/20/1998,56
9/21/1998,58
9/22/1998,58
9/23/1998,59
9/24/1998,61
9/25/1998,63
9/26/1998,67
9/27/1998,70
9/28/1998,77
9/29/1998,81
9/30/1998,85
10/1/1998,87
10/2/1998,80
10/3/1998,76
10/4/1998,75
10/5/1998,71
10/6/1998,69
10/7/1998,67
10/8/1998,65
10/9/1998,61
10/10/1998,61
10/11/1998,61
10/12/1998,61
10/13/1998,61
10/14/1998,61
10/15/1998,61
10/16/1998,60
10/17/1998,60
10/18/1998,59
10/19/1998,58
10/20/1998,58
10/21/1998,57
10/22/1998,55
10/23/1998,55
10/24/1998,59
10/25/1998,70
10/26/1998,91
10/27/1998,76
10/28/1998,70
10/29/1998,69
10/30/1998,67
10/31/1998,67
11/1/1998,67
11/2/1998,69
11/3/1998,74
11/4/1998,72
11/5/1998,69
11/6/1998,69
11/7/1998,84
11/8/1998,116
11/9/1998,133
11/10/1998,103
11/11/1998,99
11/12/1998,101
11/13/1998,96
11/14/1998,87
11/15/1998,83
11/16/1998,81
11/17/1998,83
11/18/1998,97
11/19/1998,109
11/20/1998,91
11/21/1998,86
11/22/1998,94
11/23/1998,133
11/24/1998,202
11/25/1998,241
11/26/1998,152
11/27/1998,131
11/28/1998,166
11/29/1998,149
11/30/1998,215
12/1/1998,757
12/2/1998,374
12/3/1998,309
12/4/1998,525
12/5/1998,329
12/6/1998,267
12/7/1998,233
12/8/1998,202
12/9/1998,203
12/10/1998,189
12/11/1998,175
12/12/1998,166
12/13/1998,161
12/14/1998,188
12/15/1998,207
12/16/1998,183
12/17/1998,178
12/18/1998,184
12/19/1998,182
12/20/1998,175
12/21/1998,170
12/22/1998,134
12/23/1998,138
12/24/1998,143
12/25/1998,162
12/26/1998,154
12/27/1998,148
12/28/1998,143
12/29/1998,138
12/30/1998,135
12/31/1998,135
1/1/1999,139
1/2/1999,137
1/3/1999,131
1/4/1999,128
1/5/1999,125
1/6/1999,122
1/7/1999,122
1/8/1999,121
1/9/1999,118
1/10/1999,115
1/11/1999,114
1/12/1999,112
1/13/1999,112
1/14/1999,110
1/15/1999,112
1/16/1999,195
1/17/1999,297
1/18/1999,571
1/19/1999,3210
1/20/1999,4400
1/21/1999,2660
1/22/1999,1450
1/23/1999,2690
1/24/1999,2130
1/25/1999,1290
1/26/1999,1050
1/27/1999,900
1/28/1999,735
1/29/1999,640
1/30/1999,575
1/31/1999,832
2/1/1999,907
2/2/1999,662
2/3/1999,579
2/4/1999,537
2/5/1999,530
2/6/1999,536
2/7/1999,5980
2/8/1999,5960
2/9/1999,13000
2/10/1999,6310
2/11/1999,3630
2/12/1999,2690
2/13/1999,2170
2/14/1999,1860
2/15/1999,1630
2/16/1999,1560
2/17/1999,5120
2/18/1999,3330
2/19/1999,3270
2/20/1999,2620
2/21/1999,4950
2/22/1999,2860
2/23/1999,2290
2/24/1999,1980
2/25/1999,2370
2/26/1999,2120
2/27/1999,1850
2/28/1999,1700
3/1/1999,2080
3/2/1999,1970
3/3/1999,3120
3/4/1999,2920
3/5/1999,2380
3/6/1999,2090
3/7/1999,1850
3/8/1999,1650
3/9/1999,1890
3/10/1999,1650
3/11/1999,1460
3/12/1999,1330
3/13/1999,1250
3/14/1999,1200
3/15/1999,1150
3/16/1999,1090
3/17/1999,1050
3/18/1999,1020
3/19/1999,1010
3/20/1999,1040
3/21/1999,1040
3/22/1999,1000
3/23/1999,970
3/24/1999,953
3/25/1999,935
3/26/1999,910
3/27/1999,898
3/28/1999,866
3/29/1999,835
3/30/1999,818
3/31/1999,979
4/1/1999,913
4/2/1999,828
4/3/1999,791
4/4/1999,807
4/5/1999,794
4/6/1999,1070
4/7/1999,942
4/8/1999,1110
4/9/1999,1360
4/10/1999,1170
4/11/1999,1160
4/12/1999,1120
4/13/1999,1100
4/14/1999,1140
4/15/1999,1230
4/16/1999,1330
4/17/1999,1460
4/18/1999,1560
4/19/1999,1600
4/20/1999,1540
4/21/1999,1460
4/22/1999,1350
4/23/1999,1220
4/24/1999,1120
4/25/1999,1060
4/26/1999,1060
4/27/1999,1030
4/28/1999,998
4/29/1999,939
4/30/1999,847
5/1/1999,808
5/2/1999,814
5/3/1999,1000
5/4/1999,1060
5/5/1999,891
5/6/1999,858
5/7/1999,885
5/8/1999,892
5/9/1999,866
5/10/1999,815
5/11/1999,782
5/12/1999,798
5/13/1999,814
5/14/1999,771
5/15/1999,717
5/16/1999,674
5/17/1999,631
5/18/1999,633
5/19/1999,614
5/20/1999,614
5/21/1999,623
5/22/1999,642
5/23/1999,673
5/24/1999,710
5/25/1999,722
5/26/1999,756
5/27/1999,731
5/28/1999,693
5/29/1999,643
5/30/1999,571
5/31/1999,516
6/1/1999,493
6/2/1999,470
6/3/1999,506
6/4/1999,451
6/5/1999,406
6/6/1999,381
6/7/1999,359
6/8/1999,340
6/9/1999,324
6/10/1999,309
6/11/1999,298
6/12/1999,289
6/13/1999,281
6/14/1999,279
6/15/1999,272
6/16/1999,265
6/17/1999,258
6/18/1999,245
6/19/1999,231
6/20/1999,217
6/21/1999,207
6/22/1999,194
6/23/1999,187
6/24/1999,177
6/25/1999,167
6/26/1999,157
6/27/1999,148
6/28/1999,140
6/29/1999,135
6/30/1999,125
7/1/1999,116
7/2/1999,113
7/3/1999,109
7/4/1999,107
7/5/1999,106
7/6/1999,103
7/7/1999,99
7/8/1999,94
7/9/1999,91
7/10/1999,85
7/11/1999,83
7/12/1999,81
7/13/1999,77
7/14/1999,75
7/15/1999,73
7/16/1999,72
7/17/1999,70
7/18/1999,68
7/19/1999,67
7/20/1999,67
7/21/1999,67
7/22/1999,66
7/23/1999,65
7/24/1999,62
7/25/1999,62
7/26/1999,61
7/27/1999,60
7/28/1999,59
7/29/1999,57
7/30/1999,57
7/31/1999,55
8/1/1999,53
8/2/1999,54
8/3/1999,53
8/4/1999,51
8/5/1999,49
8/6/1999,49
8/7/1999,49
8/8/1999,51
8/9/1999,53
8/10/1999,54
8/11/1999,53
8/12/1999,55
8/13/1999,53
8/14/1999,50
8/15/1999,48
8/16/1999,47
8/17/1999,46
8/18/1999,44
8/19/1999,41
8/20/1999,40
8/21/1999,38
8/22/1999,37
8/23/1999,37
8/24/1999,37
8/25/1999,36
8/26/1999,34
8/27/1999,34
8/28/1999,36
8/29/1999,39
8/30/1999,37
8/31/1999,35
9/1/1999,34
9/2/1999,33
9/3/1999,34
9/4/1999,34
9/5/1999,33
9/6/1999,33
9/7/1999,33
9/8/1999,31
9/9/1999,30
9/10/1999,30
9/11/1999,30
9/12/1999,30
9/13/1999,30
9/14/1999,29
9/15/1999,29
9/16/1999,29
9/17/1999,28
9/18/1999,27
9/19/1999,27
9/20/1999,28
9/21/1999,29
9/22/1999,29
9/23/1999,29
9/24/1999,28
9/25/1999,28
9/26/1999,27
9/27/1999,27
9/28/1999,27
9/29/1999,26
9/30/1999,26
10/1/1999,26
10/2/1999,25
10/3/1999,25
10/4/1999,26
10/5/1999,26
10/6/1999,27
10/7/1999,27
10/8/1999,27
10/9/1999,28
10/10/1999,28
10/11/1999,28
10/12/1999,27
10/13/1999,25
10/14/1999,23
10/15/1999,23
10/16/1999,23
10/17/1999,22
10/18/1999,23
10/19/1999,23
10/20/1999,23
10/21/1999,23
10/22/1999,24
10/23/1999,24
10/24/1999,24
10/25/1999,24
10/26/1999,24
10/27/1999,24
10/28/1999,33
10/29/1999,77
10/30/1999,76
10/31/1999,51
11/1/1999,42
11/2/1999,38
11/3/1999,37
11/4/1999,37
11/5/1999,36
11/6/1999,36
11/7/1999,38
11/8/1999,57
11/9/1999,121
11/10/1999,92
11/11/1999,67
11/12/1999,57
11/13/1999,54
11/14/1999,51
11/15/1999,51
11/16/1999,53
11/17/1999,74
11/18/1999,123
11/19/1999,101
11/20/1999,175
11/21/1999,200
11/22/1999,110
11/23/1999,87
11/24/1999,76
11/25/1999,69
11/26/1999,67
11/27/1999,64
11/28/1999,63
11/29/1999,62
11/30/1999,70
12/1/1999,107
12/2/1999,126
12/3/1999,101
12/4/1999,96
12/5/1999,82
12/6/1999,75
12/7/1999,71
12/8/1999,68
12/9/1999,70
12/10/1999,67
12/11/1999,69
12/12/1999,67
12/13/1999,66
12/14/1999,67
12/15/1999,72
12/16/1999,69
12/17/1999,67
12/18/1999,65
12/19/1999,64
12/20/1999,64
12/21/1999,64
12/22/1999,63
12/23/1999,62
12/24/1999,61
12/25/1999,61
12/26/1999,61
12/27/1999,60
12/28/1999,60
12/29/1999,59
12/30/1999,58
12/31/1999,57
1/1/2000,58
1/2/2000,60
1/3/2000,59
1/4/2000,58
1/5/2000,58
1/6/2000,64
1/7/2000,62
1/8/2000,58
1/9/2000,61
1/10/2000,59
1/11/2000,63
1/12/2000,96
1/13/2000,131
1/14/2000,101
1/15/2000,90
1/16/2000,130
1/17/2000,312
1/18/2000,538
1/19/2000,824
1/20/2000,684
1/21/2000,686
1/22/2000,471
1/23/2000,521
1/24/2000,4960
1/25/2000,6990
1/26/2000,2520
1/27/2000,1380
1/28/2000,959
1/29/2000,744
1/30/2000,693
1/31/2000,781
2/1/2000,636
2/2/2000,569
2/3/2000,606
2/4/2000,1190
2/5/2000,880
2/6/2000,695
2/7/2000,595
2/8/2000,528
2/9/2000,486
2/10/2000,649
2/11/2000,1440
2/12/2000,5290
2/13/2000,5040
2/14/2000,9680
2/15/2000,5180
2/16/2000,3900
2/17/2000,2910
2/18/2000,2010
2/19/2000,1660
2/20/2000,1430
2/21/2000,1600
2/22/2000,1700
2/23/2000,5160
2/24/2000,2410
2/25/2000,1680
2/26/2000,1370
2/27/2000,7020
2/28/2000,5010
2/29/2000,3500
3/1/2000,2720
3/2/2000,2120
3/3/2000,1840
3/4/2000,1560
3/5/2000,2040
3/6/2000,1770
3/7/2000,1530
3/8/2000,1630
3/9/2000,1660
3/10/2000,1470
3/11/2000,1320
3/12/2000,1230
3/13/2000,1160
3/14/2000,1110
3/15/2000,1120
3/16/2000,1130
3/17/2000,1130
3/18/2000,1090
3/19/2000,1080
3/20/2000,1100
3/21/2000,1040
3/22/2000,977
3/23/2000,926
3/24/2000,900
3/25/2000,879
3/26/2000,867
3/27/2000,863
3/28/2000,874
3/29/2000,847
3/30/2000,805
3/31/2000,750
4/1/2000,702
4/2/2000,668
4/3/2000,669
4/4/2000,675
4/5/2000,702
4/6/2000,697
4/7/2000,667
4/8/2000,638
4/9/2000,618
4/10/2000,597
4/11/2000,571
4/12/2000,555
4/13/2000,659
4/14/2000,1050
4/15/2000,832
4/16/2000,734
4/17/2000,846
4/18/2000,1040
4/19/2000,782
4/20/2000,700
4/21/2000,650
4/22/2000,608
4/23/2000,594
4/24/2000,562
4/25/2000,532
4/26/2000,511
4/27/2000,498
4/28/2000,497
4/29/2000,486
4/30/2000,460
5/1/2000,443
5/2/2000,432
5/3/2000,420
5/4/2000,403
5/5/2000,390
5/6/2000,388
5/7/2000,452
5/8/2000,988
5/9/2000,1050
5/10/2000,744
5/11/2000,640
5/12/2000,551
5/13/2000,496
5/14/2000,456
5/15/2000,551
5/16/2000,985
5/17/2000,836
5/18/2000,702
5/19/2000,620
5/20/2000,568
5/21/2000,528
5/22/2000,494
5/23/2000,459
5/24/2000,432
5/25/2000,410
5/26/2000,384
5/27/2000,353
5/28/2000,323
5/29/2000,299
5/30/2000,278
5/31/2000,257
6/1/2000,245
6/2/2000,231
6/3/2000,217
6/4/2000,202
6/5/2000,192
6/6/2000,184
6/7/2000,173
6/8/2000,187
6/9/2000,240
6/10/2000,215
6/11/2000,194
6/12/2000,180
6/13/2000,166
6/14/2000,154
6/15/2000,138
6/16/2000,127
6/17/2000,120
6/18/2000,113
6/19/2000,112
6/20/2000,109
6/21/2000,99
6/22/2000,98
6/23/2000,94
6/24/2000,90
6/25/2000,88
6/26/2000,85
6/27/2000,83
6/28/2000,79
6/29/2000,75
6/30/2000,74
7/1/2000,73
7/2/2000,69
7/3/2000,67
7/4/2000,67
7/5/2000,67
7/6/2000,66
7/7/2000,66
7/8/2000,65
7/9/2000,64
7/10/2000,63
7/11/2000,56
7/12/2000,55
7/13/2000,54
7/14/2000,55
7/15/2000,54
7/16/2000,54
7/17/2000,54
7/18/2000,53
7/19/2000,52
7/20/2000,48
7/21/2000,46
7/22/2000,45
7/23/2000,45
7/24/2000,45
7/25/2000,45
7/26/2000,41
7/27/2000,38
7/28/2000,38
7/29/2000,36
7/30/2000,35
7/31/2000,35
8/1/2000,34
8/2/2000,32
8/3/2000,31
8/4/2000,30
8/5/2000,29
8/6/2000,28
8/7/2000,27
8/8/2000,27
8/9/2000,27
8/10/2000,25
8/11/2000,25
8/12/2000,25
8/13/2000,24
8/14/2000,24
8/15/2000,24
8/16/2000,23
8/17/2000,21
8/18/2000,21
8/19/2000,21
8/20/2000,20
8/21/2000,21
8/22/2000,21
8/23/2000,21
8/24/2000,22
8/25/2000,22
8/26/2000,21
8/27/2000,20
8/28/2000,20
8/29/2000,20
8/30/2000,22
8/31/2000,23
9/1/2000,25
9/2/2000,38
9/3/2000,90
9/4/2000,80
9/5/2000,54
9/6/2000,44
9/7/2000,38
9/8/2000,36
9/9/2000,33
9/10/2000,31
9/11/2000,31
9/12/2000,30
9/13/2000,30
9/14/2000,30
9/15/2000,29
9/16/2000,29
9/17/2000,28
9/18/2000,28
9/19/2000,28
9/20/2000,26
9/21/2000,25
9/22/2000,26
9/23/2000,26
9/24/2000,29
9/25/2000,31
9/26/2000,29
9/27/2000,28
9/28/2000,27
9/29/2000,26
9/30/2000,24
10/1/2000,26
10/2/2000,26
10/3/2000,26
10/4/2000,26
10/5/2000,25
10/6/2000,23
10/7/2000,23
10/8/2000,23
10/9/2000,24
10/10/2000,40
10/11/2000,67
10/12/2000,71
10/13/2000,56
10/14/2000,48
10/15/2000,43
10/16/2000,41
10/17/2000,40
10/18/2000,42
10/19/2000,41
10/20/2000,40
10/21/2000,38
10/22/2000,36
10/23/2000,36
10/24/2000,36
10/25/2000,37
10/26/2000,42
10/27/2000,79
10/28/2000,77
10/29/2000,182
10/30/2000,233
10/31/2000,137
11/1/2000,96
11/2/2000,78
11/3/2000,69
11/4/2000,64
11/5/2000,60
11/6/2000,56
11/7/2000,54
11/8/2000,52
11/9/2000,51
11/10/2000,52
11/11/2000,66
11/12/2000,70
11/13/2000,61
11/14/2000,61
11/15/2000,63
11/16/2000,62
11/17/2000,59
11/18/2000,58
11/19/2000,54
11/20/2000,54
11/21/2000,54
11/22/2000,56
11/23/2000,58
11/24/2000,58
11/25/2000,56
11/26/2000,55
11/27/2000,55
11/28/2000,55
11/29/2000,57
11/30/2000,85
12/1/2000,106
12/2/2000,81
12/3/2000,72
12/4/2000,67
12/5/2000,60
12/6/2000,60
12/7/2000,58
12/8/2000,56
12/9/2000,54
12/10/2000,54
12/11/2000,54
12/12/2000,61
12/13/2000,77
12/14/2000,85
12/15/2000,117
12/16/2000,155
12/17/2000,116
12/18/2000,96
12/19/2000,89
12/20/2000,82
12/21/2000,77
12/22/2000,70
12/23/2000,71
12/24/2000,71
12/25/2000,69
12/26/2000,67
12/27/2000,65
12/28/2000,63
12/29/2000,61
12/30/2000,61
12/31/2000,60
1/1/2001,60
1/2/2001,59
1/3/2001,60
1/4/2001,60
1/5/2001,59
1/6/2001,55
1/7/2001,55
1/8/2001,69
1/9/2001,78
1/10/2001,83
1/11/2001,214
1/12/2001,244
1/13/2001,154
1/14/2001,118
1/15/2001,103
1/16/2001,95
1/17/2001,84
1/18/2001,73
1/19/2001,75
1/20/2001,80
1/21/2001,77
1/22/2001,74
1/23/2001,74
1/24/2001,268
1/25/2001,395
1/26/2001,542
1/27/2001,313
1/28/2001,218
1/29/2001,179
1/30/2001,169
1/31/2001,147
2/1/2001,131
2/2/2001,121
2/3/2001,115
2/4/2001,113
2/5/2001,114
2/6/2001,119
2/7/2001,127
2/8/2001,125
2/9/2001,112
2/10/2001,185
2/11/2001,497
2/12/2001,529
2/13/2001,362
2/14/2001,282
2/15/2001,239
2/16/2001,209
2/17/2001,190
2/18/2001,185
2/19/2001,241
2/20/2001,736
2/21/2001,622
2/22/2001,711
2/23/2001,807
2/24/2001,730
2/25/2001,808
2/26/2001,581
2/27/2001,454
2/28/2001,377
3/1/2001,331
3/2/2001,337
3/3/2001,412
3/4/2001,428
3/5/2001,858
3/6/2001,841
3/7/2001,612
3/8/2001,518
3/9/2001,483
3/10/2001,474
3/11/2001,423
3/12/2001,387
3/13/2001,358
3/14/2001,343
3/15/2001,339
3/16/2001,338
3/17/2001,329
3/18/2001,328
3/19/2001,344
3/20/2001,377
3/21/2001,419
3/22/2001,440
3/23/2001,457
3/24/2001,459
3/25/2001,544
3/26/2001,635
3/27/2001,531
3/28/2001,481
3/29/2001,484
3/30/2001,470
3/31/2001,447
4/1/2001,441
4/2/2001,429
4/3/2001,395
4/4/2001,354
4/5/2001,327
4/6/2001,303
4/7/2001,385
4/8/2001,411
4/9/2001,333
4/10/2001,301
4/11/2001,297
4/12/2001,466
4/13/2001,381
4/14/2001,337
4/15/2001,317
4/16/2001,309
4/17/2001,317
4/18/2001,335
4/19/2001,393
4/20/2001,616
4/21/2001,984
4/22/2001,762
4/23/2001,642
4/24/2001,614
4/25/2001,631
4/26/2001,639
4/27/2001,620
4/28/2001,583
4/29/2001,539
4/30/2001,499
5/1/2001,488
5/2/2001,476
5/3/2001,437
5/4/2001,396
5/5/2001,374
5/6/2001,369
5/7/2001,362
5/8/2001,365
5/9/2001,374
5/10/2001,363
5/11/2001,347
5/12/2001,336
5/13/2001,326
5/14/2001,309
5/15/2001,287
5/16/2001,268
5/17/2001,255
5/18/2001,242
5/19/2001,222
5/20/2001,207
5/21/2001,195
5/22/2001,183
5/23/2001,168
5/24/2001,157
5/25/2001,145
5/26/2001,134
5/27/2001,122
5/28/2001,112
5/29/2001,105
5/30/2001,97
5/31/2001,91
6/1/2001,83
6/2/2001,78
6/3/2001,74
6/4/2001,70
6/5/2001,68
6/6/2001,66
6/7/2001,61
6/8/2001,57
6/9/2001,53
6/10/2001,51
6/11/2001,48
6/12/2001,48
6/13/2001,45
6/14/2001,43
6/15/2001,43
6/16/2001,41
6/17/2001,38
6/18/2001,37
6/19/2001,35
6/20/2001,33
6/21/2001,31
6/22/2001,29
6/23/2001,27
6/24/2001,24
6/25/2001,23
6/26/2001,25
6/27/2001,26
6/28/2001,30
6/29/2001,31
6/30/2001,30
7/1/2001,27
7/2/2001,25
7/3/2001,23
7/4/2001,21
7/5/2001,21
7/6/2001,19
7/7/2001,18
7/8/2001,18
7/9/2001,18
7/10/2001,18
7/11/2001,17
7/12/2001,16
7/13/2001,14
7/14/2001,14
7/15/2001,14
7/16/2001,14
7/17/2001,14
7/18/2001,14
7/19/2001,13
7/20/2001,13
7/21/2001,12
7/22/2001,12
7/23/2001,12
7/24/2001,12
7/25/2001,11
7/26/2001,11
7/27/2001,10
7/28/2001,9
7/29/2001,9
7/30/2001,9
7/31/2001,8
8/1/2001,8
8/2/2001,7
8/3/2001,8
8/4/2001,8
8/5/2001,8
8/6/2001,8
8/7/2001,8
8/8/2001,7
8/9/2001,7
8/10/2001,7
8/11/2001,6
8/12/2001,5
8/13/2001,6
8/14/2001,5
8/15/2001,5
8/16/2001,5
8/17/2001,5
8/18/2001,5
8/19/2001,4
8/20/2001,4
8/21/2001,4
8/22/2001,4
8/23/2001,4
8/24/2001,4
8/25/2001,5
8/26/2001,4
8/27/2001,6
8/28/2001,6
8/29/2001,5
8/30/2001,5
8/31/2001,5
9/1/2001,5
9/2/2001,5
9/3/2001,4
9/4/2001,4
9/5/2001,5
9/6/2001,5
9/7/2001,5
9/8/2001,5
9/9/2001,5
9/10/2001,5
9/11/2001,5
9/12/2001,5
9/13/2001,6
9/14/2001,6
9/15/2001,7
9/16/2001,7
9/17/2001,6
9/18/2001,7
9/19/2001,7
9/20/2001,7
9/21/2001,6
9/22/2001,6
9/23/2001,6
9/24/2001,6
9/25/2001,7
9/26/2001,8
9/27/2001,9
9/28/2001,10
9/29/2001,11
9/30/2001,12
10/1/2001,10
10/2/2001,10
10/3/2001,10
10/4/2001,10
10/5/2001,8
10/6/2001,8
10/7/2001,8
10/8/2001,8
10/9/2001,9
10/10/2001,9
10/11/2001,9
10/12/2001,9
10/13/2001,10
10/14/2001,10
10/15/2001,10
10/16/2001,11
10/17/2001,10
10/18/2001,10
10/19/2001,10
10/20/2001,10
10/21/2001,9
10/22/2001,9
10/23/2001,9
10/24/2001,10
10/25/2001,11
10/26/2001,11
10/27/2001,12
10/28/2001,12
10/29/2001,12
10/30/2001,15
10/31/2001,17
11/1/2001,25
11/2/2001,37
11/3/2001,29
11/4/2001,25
11/5/2001,22
11/6/2001,20
11/7/2001,20
11/8/2001,20
11/9/2001,20
11/10/2001,20
11/11/2001,21
11/12/2001,32
11/13/2001,113
11/14/2001,124
11/15/2001,65
11/16/2001,46
11/17/2001,37
11/18/2001,33
11/19/2001,30
11/20/2001,29
11/21/2001,29
11/22/2001,41
11/23/2001,152
11/24/2001,123
11/25/2001,141
11/26/2001,160
11/27/2001,97
11/28/2001,71
11/29/2001,65
11/30/2001,86
12/1/2001,102
12/2/2001,169
12/3/2001,583
12/4/2001,305
12/5/2001,200
12/6/2001,202
12/7/2001,175
12/8/2001,148
12/9/2001,130
12/10/2001,124
12/11/2001,112
12/12/2001,99
12/13/2001,91
12/14/2001,189
12/15/2001,232
12/16/2001,159
12/17/2001,176
12/18/2001,292
12/19/2001,228
12/20/2001,422
12/21/2001,473
12/22/2001,311
12/23/2001,493
12/24/2001,420
12/25/2001,278
12/26/2001,221
12/27/2001,191
12/28/2001,259
12/29/2001,666
12/30/2001,713
12/31/2001,1140
1/1/2002,907
1/2/2002,1480
1/3/2002,2300
1/4/2002,1130
1/5/2002,792
1/6/2002,725
1/7/2002,687
1/8/2002,631
1/9/2002,581
1/10/2002,523
1/11/2002,466
1/12/2002,426
1/13/2002,401
1/14/2002,379
1/15/2002,355
1/16/2002,331
1/17/2002,307
1/18/2002,287
1/19/2002,266
1/20/2002,252
1/21/2002,239
1/22/2002,245
1/23/2002,233
1/24/2002,207
1/25/2002,203
1/26/2002,260
1/27/2002,632
1/28/2002,418
1/29/2002,338
1/30/2002,274
1/31/2002,248
2/1/2002,250
2/2/2002,244
2/3/2002,225
2/4/2002,214
2/5/2002,206
2/6/2002,201
2/7/2002,198
2/8/2002,375
2/9/2002,431
2/10/2002,345
2/11/2002,318
2/12/2002,307
2/13/2002,303
2/14/2002,304
2/15/2002,303
2/16/2002,306
2/17/2002,946
2/18/2002,939
2/19/2002,710
2/20/2002,1870
2/21/2002,1400
2/22/2002,1090
2/23/2002,956
2/24/2002,851
2/25/2002,739
2/26/2002,659
2/27/2002,613
2/28/2002,577
3/1/2002,543
3/2/2002,502
3/3/2002,460
3/4/2002,425
3/5/2002,404
3/6/2002,623
3/7/2002,2550
3/8/2002,1810
3/9/2002,1170
3/10/2002,1270
3/11/2002,1110
3/12/2002,897
3/13/2002,810
3/14/2002,740
3/15/2002,675
3/16/2002,638
3/17/2002,629
3/18/2002,588
3/19/2002,528
3/20/2002,494
3/21/2002,472
3/22/2002,481
3/23/2002,1370
3/24/2002,1720
3/25/2002,1120
3/26/2002,892
3/27/2002,775
3/28/2002,714
3/29/2002,683
3/30/2002,685
3/31/2002,693
4/1/2002,703
4/2/2002,715
4/3/2002,721
4/4/2002,750
4/5/2002,760
4/6/2002,704
4/7/2002,656
4/8/2002,625
4/9/2002,614
4/10/2002,654
4/11/2002,654
4/12/2002,646
4/13/2002,640
4/14/2002,635
4/15/2002,656
4/16/2002,622
4/17/2002,615
4/18/2002,586
4/19/2002,502
4/20/2002,451
4/21/2002,418
4/22/2002,397
4/23/2002,387
4/24/2002,380
4/25/2002,382
4/26/2002,399
4/27/2002,418
4/28/2002,423
4/29/2002,394
4/30/2002,442
5/1/2002,404
5/2/2002,370
5/3/2002,351
5/4/2002,338
5/5/2002,337
5/6/2002,339
5/7/2002,343
5/8/2002,349
5/9/2002,340
5/10/2002,327
5/11/2002,317
5/12/2002,298
5/13/2002,288
5/14/2002,281
5/15/2002,282
5/16/2002,284
5/17/2002,280
5/18/2002,279
5/19/2002,283
5/20/2002,314
5/21/2002,513
5/22/2002,440
5/23/2002,350
5/24/2002,320
5/25/2002,303
5/26/2002,283
5/27/2002,264
5/28/2002,256
5/29/2002,250
5/30/2002,246
5/31/2002,238
6/1/2002,228
6/2/2002,215
6/3/2002,200
6/4/2002,184
6/5/2002,172
6/6/2002,161
6/7/2002,150
6/8/2002,140
6/9/2002,125
6/10/2002,118
6/11/2002,112
6/12/2002,105
6/13/2002,98
6/14/2002,92
6/15/2002,88
6/16/2002,83
6/17/2002,79
6/18/2002,75
6/19/2002,71
6/20/2002,67
6/21/2002,65
6/22/2002,61
6/23/2002,59
6/24/2002,57
6/25/2002,50
6/26/2002,48
6/27/2002,50
6/28/2002,49
6/29/2002,46
6/30/2002,45
7/1/2002,43
7/2/2002,40
7/3/2002,38
7/4/2002,34
7/5/2002,32
7/6/2002,32
7/7/2002,30
7/8/2002,29
7/9/2002,29
7/10/2002,27
7/11/2002,25
7/12/2002,24
7/13/2002,22
7/14/2002,21
7/15/2002,20
7/16/2002,20
7/17/2002,19
7/18/2002,18
7/19/2002,18
7/20/2002,17
7/21/2002,16
7/22/2002,17
7/23/2002,16
7/24/2002,15
7/25/2002,14
7/26/2002,14
7/27/2002,13
7/28/2002,12
7/29/2002,12
7/30/2002,12
7/31/2002,11
8/1/2002,11
8/2/2002,11
8/3/2002,10
8/4/2002,10
8/5/2002,10
8/6/2002,11
8/7/2002,10
8/8/2002,10
8/9/2002,9
8/10/2002,9
8/11/2002,9
8/12/2002,9
8/13/2002,9
8/14/2002,8
8/15/2002,7
8/16/2002,8
8/17/2002,7
8/18/2002,7
8/19/2002,7
8/20/2002,6
8/21/2002,4
8/22/2002,4
8/23/2002,5
8/24/2002,5
8/25/2002,6
8/26/2002,6
8/27/2002,7
8/28/2002,7
8/29/2002,5
8/30/2002,5
8/31/2002,7
9/1/2002,7
9/2/2002,7
9/3/2002,7
9/4/2002,5
9/5/2002,4
9/6/2002,5
9/7/2002,4
9/8/2002,5
9/9/2002,5
9/10/2002,6
9/11/2002,6
9/12/2002,6
9/13/2002,7
9/14/2002,7
9/15/2002,6
9/16/2002,6
9/17/2002,6
9/18/2002,6
9/19/2002,5
9/20/2002,6
9/21/2002,5
9/22/2002,5
9/23/2002,6
9/24/2002,7
9/25/2002,6
9/26/2002,4
9/27/2002,5
9/28/2002,5
9/29/2002,5
9/30/2002,5
10/1/2002,6
10/2/2002,7
10/3/2002,7
10/4/2002,8
10/5/2002,8
10/6/2002,8
10/7/2002,9
10/8/2002,8
10/9/2002,7
10/10/2002,7
10/11/2002,7
10/12/2002,7
10/13/2002,6
10/14/2002,7
10/15/2002,8
10/16/2002,8
10/17/2002,7
10/18/2002,8
10/19/2002,8
10/20/2002,9
10/21/2002,9
10/22/2002,10
10/23/2002,10
10/24/2002,10
10/25/2002,11
10/26/2002,11
10/27/2002,11
10/28/2002,12
10/29/2002,12
10/30/2002,12
10/31/2002,12
11/1/2002,12
11/2/2002,12
11/3/2002,12
11/4/2002,12
11/5/2002,13
11/6/2002,13
11/7/2002,16
11/8/2002,28
11/9/2002,293
11/10/2002,234
11/11/2002,147
11/12/2002,120
11/13/2002,82
11/14/2002,68
11/15/2002,62
11/16/2002,57
11/17/2002,51
11/18/2002,46
11/19/2002,43
11/20/2002,42
11/21/2002,40
11/22/2002,40
11/23/2002,40
11/24/2002,40
11/25/2002,39
11/26/2002,38
11/27/2002,38
11/28/2002,37
11/29/2002,36
11/30/2002,36
12/1/2002,36
12/2/2002,36
12/3/2002,36
12/4/2002,36
12/5/2002,37
12/6/2002,36
12/7/2002,36
12/8/2002,35
12/9/2002,35
12/10/2002,36
12/11/2002,37
12/12/2002,39
12/13/2002,48
12/14/2002,95
12/15/2002,366
12/16/2002,692
12/17/2002,958
12/18/2002,506
12/19/2002,333
12/20/2002,392
12/21/2002,466
12/22/2002,344
12/23/2002,230
12/24/2002,175
12/25/2002,149
12/26/2002,131
12/27/2002,121
12/28/2002,156
12/29/2002,870
12/30/2002,603
12/31/2002,489
1/1/2003,469
1/2/2003,320
1/3/2003,261
1/4/2003,234
1/5/2003,217
1/6/2003,206
1/7/2003,198
1/8/2003,191
1/9/2003,189
1/10/2003,218
1/11/2003,302
1/12/2003,313
1/13/2003,274
1/14/2003,253
1/15/2003,242
1/16/2003,227
1/17/2003,213
1/18/2003,212
1/19/2003,222
1/20/2003,225
1/21/2003,225
1/22/2003,234
1/23/2003,259
1/24/2003,359
1/25/2003,382
1/26/2003,353
1/27/2003,347
1/28/2003,350
1/29/2003,351
1/30/2003,320
1/31/2003,299
2/1/2003,300
2/2/2003,314
2/3/2003,294
2/4/2003,265
2/5/2003,243
2/6/2003,223
2/7/2003,209
2/8/2003,197
2/9/2003,187
2/10/2003,178
2/11/2003,170
2/12/2003,166
2/13/2003,179
2/14/2003,281
2/15/2003,277
2/16/2003,352
2/17/2003,424
2/18/2003,332
2/19/2003,297
2/20/2003,305
2/21/2003,278
2/22/2003,261
2/23/2003,249
2/24/2003,241
2/25/2003,243
2/26/2003,237
2/27/2003,239
2/28/2003,236
3/1/2003,221
3/2/2003,208
3/3/2003,198
3/4/2003,195
3/5/2003,191
3/6/2003,181
3/7/2003,174
3/8/2003,170
3/9/2003,164
3/10/2003,159
3/11/2003,154
3/12/2003,151
3/13/2003,154
3/14/2003,164
3/15/2003,398
3/16/2003,693
3/17/2003,459
3/18/2003,392
3/19/2003,346
3/20/2003,355
3/21/2003,364
3/22/2003,324
3/23/2003,421
3/24/2003,665
3/25/2003,556
3/26/2003,497
3/27/2003,664
3/28/2003,564
3/29/2003,493
3/30/2003,445
3/31/2003,417
4/1/2003,411
4/2/2003,478
4/3/2003,488
4/4/2003,484
4/5/2003,708
4/6/2003,553
4/7/2003,468
4/8/2003,429
4/9/2003,430
4/10/2003,454
4/11/2003,488
4/12/2003,609
4/13/2003,2920
4/14/2003,2370
4/15/2003,1480
4/16/2003,1130
4/17/2003,957
4/18/2003,915
4/19/2003,809
4/20/2003,730
4/21/2003,724
4/22/2003,838
4/23/2003,713
4/24/2003,755
4/25/2003,1360
4/26/2003,1790
4/27/2003,1490
4/28/2003,2130
4/29/2003,1920
4/30/2003,1630
5/1/2003,1420
5/2/2003,1290
5/3/2003,1370
5/4/2003,1840
5/5/2003,1770
5/6/2003,1560
5/7/2003,1380
5/8/2003,1350
5/9/2003,1510
5/10/2003,1280
5/11/2003,1160
5/12/2003,1130
5/13/2003,1140
5/14/2003,1180
5/15/2003,1170
5/16/2003,1150
5/17/2003,1080
5/18/2003,1000
5/19/2003,941
5/20/2003,874
5/21/2003,838
5/22/2003,832
5/23/2003,836
5/24/2003,819
5/25/2003,784
5/26/2003,728
5/27/2003,673
5/28/2003,644
5/29/2003,617
5/30/2003,604
5/31/2003,559
6/1/2003,510
6/2/2003,462
6/3/2003,427
6/4/2003,394
6/5/2003,369
6/6/2003,340
6/7/2003,314
6/8/2003,291
6/9/2003,272
6/10/2003,250
6/11/2003,229
6/12/2003,212
6/13/2003,199
6/14/2003,185
6/15/2003,174
6/16/2003,164
6/17/2003,151
6/18/2003,141
6/19/2003,130
6/20/2003,125
6/21/2003,118
6/22/2003,113
6/23/2003,108
6/24/2003,102
6/25/2003,99
6/26/2003,92
6/27/2003,86
6/28/2003,80
6/29/2003,74
6/30/2003,71
7/1/2003,67
7/2/2003,63
7/3/2003,60
7/4/2003,59
7/5/2003,56
7/6/2003,54
7/7/2003,53
7/8/2003,51
7/9/2003,48
7/10/2003,46
7/11/2003,45
7/12/2003,43
7/13/2003,41
7/14/2003,38
7/15/2003,38
7/16/2003,36
7/17/2003,34
7/18/2003,33
7/19/2003,31
7/20/2003,30
7/21/2003,28
7/22/2003,26
7/23/2003,25
7/24/2003,24
7/25/2003,24
7/26/2003,24
7/27/2003,23
7/28/2003,21
7/29/2003,20
7/30/2003,20
7/31/2003,18
8/1/2003,19
8/2/2003,20
8/3/2003,36
8/4/2003,58
8/5/2003,40
8/6/2003,32
8/7/2003,27
8/8/2003,26
8/9/2003,25
8/10/2003,23
8/11/2003,21
8/12/2003,20
8/13/2003,19
8/14/2003,17
8/15/2003,17
8/16/2003,16
8/17/2003,15
8/18/2003,15
8/19/2003,14
8/20/2003,14
8/21/2003,13
8/22/2003,14
8/23/2003,14
8/24/2003,18
8/25/2003,16
8/26/2003,16
8/27/2003,14
8/28/2003,13
8/29/2003,13
8/30/2003,13
8/31/2003,13
9/1/2003,11
9/2/2003,11
9/3/2003,10
9/4/2003,10
9/5/2003,9
9/6/2003,10
9/7/2003,10
9/8/2003,11
9/9/2003,11
9/10/2003,10
9/11/2003,9
9/12/2003,9
9/13/2003,9
9/14/2003,9
9/15/2003,10
9/16/2003,9
9/17/2003,8
9/18/2003,8
9/19/2003,8
9/20/2003,8
9/21/2003,7
9/22/2003,8
9/23/2003,8
9/24/2003,8
9/25/2003,7
9/26/2003,7
9/27/2003,7
9/28/2003,7
9/29/2003,8
9/30/2003,8
10/1/2003,7
10/2/2003,7
10/3/2003,7
10/4/2003,7
10/5/2003,7
10/6/2003,8
10/7/2003,9
10/8/2003,8
10/9/2003,8
10/10/2003,8
10/11/2003,8
10/12/2003,8
10/13/2003,8
10/14/2003,8
10/15/2003,9
10/16/2003,8
10/17/2003,9
10/18/2003,9
10/19/2003,8
10/20/2003,9
10/21/2003,9
10/22/2003,10
10/23/2003,10
10/24/2003,9
10/25/2003,9
10/26/2003,9
10/27/2003,9
10/28/2003,8
10/29/2003,8
10/30/2003,9
10/31/2003,10
11/1/2003,10
11/2/2003,11
11/3/2003,16
11/4/2003,25
11/5/2003,29
11/6/2003,28
11/7/2003,26
11/8/2003,27
11/9/2003,39
11/10/2003,58
11/11/2003,59
11/12/2003,42
11/13/2003,34
11/14/2003,30
11/15/2003,31
11/16/2003,35
11/17/2003,57
11/18/2003,45
11/19/2003,37
11/20/2003,34
11/21/2003,32
11/22/2003,30
11/23/2003,28
11/24/2003,27
11/25/2003,27
11/26/2003,27
11/27/2003,27
11/28/2003,27
11/29/2003,27
11/30/2003,27
12/1/2003,28
12/2/2003,29
12/3/2003,29
12/4/2003,30
12/5/2003,32
12/6/2003,33
12/7/2003,63
12/8/2003,228
12/9/2003,117
12/10/2003,93
12/11/2003,168
12/12/2003,185
12/13/2003,164
12/14/2003,332
12/15/2003,348
12/16/2003,186
12/17/2003,131
12/18/2003,106
12/19/2003,95
12/20/2003,99
12/21/2003,119
12/22/2003,194
12/23/2003,155
12/24/2003,218
12/25/2003,784
12/26/2003,603
12/27/2003,344
12/28/2003,245
12/29/2003,302
12/30/2003,448
12/31/2003,334
1/1/2004,830
1/2/2004,1100
1/3/2004,635
1/4/2004,397
1/5/2004,295
1/6/2004,255
1/7/2004,268
1/8/2004,257
1/9/2004,246
1/10/2004,236
1/11/2004,226
1/12/2004,216
1/13/2004,208
1/14/2004,204
1/15/2004,204
1/16/2004,204
1/17/2004,203
1/18/2004,199
1/19/2004,195
1/20/2004,194
1/21/2004,190
1/22/2004,182
1/23/2004,174
1/24/2004,172
1/25/2004,176
1/26/2004,172
1/27/2004,224
1/28/2004,372
1/29/2004,278
1/30/2004,235
1/31/2004,231
2/1/2004,213
2/2/2004,297
2/3/2004,537
2/4/2004,485
2/5/2004,354
2/6/2004,298
2/7/2004,299
2/8/2004,286
2/9/2004,250
2/10/2004,235
2/11/2004,218
2/12/2004,208
2/13/2004,199
2/14/2004,194
2/15/2004,188
2/16/2004,201
2/17/2004,447
2/18/2004,1270
2/19/2004,1270
2/20/2004,870
2/21/2004,707
2/22/2004,620
2/23/2004,577
2/24/2004,570
2/25/2004,1170
2/26/2004,3810
2/27/2004,2900
2/28/2004,1500
2/29/2004,1110
3/1/2004,1040
3/2/2004,1170
3/3/2004,865
3/4/2004,743
3/5/2004,655
3/6/2004,594
3/7/2004,560
3/8/2004,566
3/9/2004,611
3/10/2004,688
3/11/2004,753
3/12/2004,761
3/13/2004,756
3/14/2004,743
3/15/2004,760
3/16/2004,781
3/17/2004,772
3/18/2004,766
3/19/2004,784
3/20/2004,762
3/21/2004,757
3/22/2004,771
3/23/2004,778
3/24/2004,740
3/25/2004,691
3/26/2004,833
3/27/2004,758
3/28/2004,677
3/29/2004,629
3/30/2004,620
3/31/2004,611
4/1/2004,594
4/2/2004,571
4/3/2004,531
4/4/2004,521
4/5/2004,519
4/6/2004,522
4/7/2004,512
4/8/2004,494
4/9/2004,492
4/10/2004,486
4/11/2004,469
4/12/2004,445
4/13/2004,433
4/14/2004,419
4/15/2004,398
4/16/2004,378
4/17/2004,353
4/18/2004,329
4/19/2004,306
4/20/2004,299
4/21/2004,321
4/22/2004,324
4/23/2004,305
4/24/2004,285
4/25/2004,279
4/26/2004,285
4/27/2004,295
4/28/2004,308
4/29/2004,313
4/30/2004,300
5/1/2004,278
5/2/2004,269
5/3/2004,273
5/4/2004,277
5/5/2004,280
5/6/2004,277
5/7/2004,263
5/8/2004,239
5/9/2004,225
5/10/2004,212
5/11/2004,201
5/12/2004,187
5/13/2004,172
5/14/2004,162
5/15/2004,152
5/16/2004,147
5/17/2004,144
5/18/2004,138
5/19/2004,133
5/20/2004,124
5/21/2004,121
5/22/2004,115
5/23/2004,109
5/24/2004,106
5/25/2004,102
5/26/2004,99
5/27/2004,97
5/28/2004,92
5/29/2004,110
5/30/2004,114
5/31/2004,97
6/1/2004,88
6/2/2004,80
6/3/2004,74
6/4/2004,70
6/5/2004,66
6/6/2004,62
6/7/2004,58
6/8/2004,57
6/9/2004,56
6/10/2004,54
6/11/2004,56
6/12/2004,54
6/13/2004,51
6/14/2004,48
6/15/2004,46
6/16/2004,43
6/17/2004,40
6/18/2004,37
6/19/2004,35
6/20/2004,34
6/21/2004,34
6/22/2004,33
6/23/2004,31
6/24/2004,30
6/25/2004,30
6/26/2004,27
6/27/2004,26
6/28/2004,26
6/29/2004,25
6/30/2004,24
7/1/2004,24
7/2/2004,24
7/3/2004,24
7/4/2004,22
7/5/2004,23
7/6/2004,22
7/7/2004,20
7/8/2004,18
7/9/2004,18
7/10/2004,17
7/11/2004,16
7/12/2004,17
7/13/2004,16
7/14/2004,15
7/15/2004,14
7/16/2004,14
7/17/2004,13
7/18/2004,13
7/19/2004,12
7/20/2004,12
7/21/2004,11
7/22/2004,10
7/23/2004,10
7/24/2004,10
7/25/2004,10
7/26/2004,10
7/27/2004,9
7/28/2004,9
7/29/2004,8
7/30/2004,8
7/31/2004,7
8/1/2004,7
8/2/2004,8
8/3/2004,8
8/4/2004,8
8/5/2004,7
8/6/2004,7
8/7/2004,7
8/8/2004,7
8/9/2004,8
8/10/2004,9
8/11/2004,8
8/12/2004,6
8/13/2004,5
8/14/2004,5
8/15/2004,4
8/16/2004,5
8/17/2004,5
8/18/2004,5
8/19/2004,4
8/20/2004,4
8/21/2004,4
8/22/2004,3
8/23/2004,5
8/24/2004,5
8/25/2004,5
8/26/2004,5
8/27/2004,5
8/28/2004,5
8/29/2004,5
8/30/2004,6
8/31/2004,6
9/1/2004,5
9/2/2004,5
9/3/2004,5
9/4/2004,4
9/5/2004,4
9/6/2004,4
9/7/2004,5
9/8/2004,4
9/9/2004,3
9/10/2004,4
9/11/2004,4
9/12/2004,4
9/13/2004,4
9/14/2004,4
9/15/2004,4
9/16/2004,3
9/17/2004,4
9/18/2004,3
9/19/2004,4
9/20/2004,5
9/21/2004,6
9/22/2004,7
9/23/2004,8
9/24/2004,10
9/25/2004,9
9/26/2004,8
9/27/2004,8
9/28/2004,8
9/29/2004,8
9/30/2004,8
10/1/2004,8
10/2/2004,7
10/3/2004,8
10/4/2004,8
10/5/2004,8
10/6/2004,8
10/7/2004,8
10/8/2004,7
10/9/2004,7
10/10/2004,7
10/11/2004,7
10/12/2004,7
10/13/2004,6
10/14/2004,7
10/15/2004,7
10/16/2004,7
10/17/2004,8
10/18/2004,10
10/19/2004,60
10/20/2004,156
10/21/2004,209
10/22/2004,104
10/23/2004,66
10/24/2004,57
10/25/2004,56
10/26/2004,91
10/27/2004,147
10/28/2004,112
10/29/2004,77
10/30/2004,62
10/31/2004,55
11/1/2004,51
11/2/2004,49
11/3/2004,54
11/4/2004,110
11/5/2004,105
11/6/2004,77
11/7/2004,64
11/8/2004,59
11/9/2004,56
11/10/2004,57
11/11/2004,72
11/12/2004,81
11/13/2004,84
11/14/2004,74
11/15/2004,64
11/16/2004,58
11/17/2004,54
11/18/2004,52
11/19/2004,49
11/20/2004,48
11/21/2004,46
11/22/2004,45
11/23/2004,44
11/24/2004,43
11/25/2004,43
11/26/2004,44
11/27/2004,96
11/28/2004,233
11/29/2004,151
11/30/2004,99
12/1/2004,79
12/2/2004,72
12/3/2004,66
12/4/2004,61
12/5/2004,59
12/6/2004,58
12/7/2004,72
12/8/2004,558
12/9/2004,479
12/10/2004,268
12/11/2004,194
12/12/2004,159
12/13/2004,141
12/14/2004,132
12/15/2004,123
12/16/2004,115
12/17/2004,107
12/18/2004,101
12/19/2004,96
12/20/2004,93
12/21/2004,90
12/22/2004,86
12/23/2004,83
12/24/2004,79
12/25/2004,75
12/26/2004,72
12/27/2004,73
12/28/2004,90
12/29/2004,164
12/30/2004,1280
12/31/2004,3540
1/1/2005,2300
1/2/2005,1300
1/3/2005,1120
1/4/2005,774
1/5/2005,525
1/6/2005,406
1/7/2005,469
1/8/2005,2820
1/9/2005,3270
1/10/2005,2310
1/11/2005,4150
1/12/2005,2100
1/13/2005,1250
1/14/2005,919
1/15/2005,728
1/16/2005,611
1/17/2005,540
1/18/2005,495
1/19/2005,473
1/20/2005,488
1/21/2005,519
1/22/2005,528
1/23/2005,526
1/24/2005,525
1/25/2005,530
1/26/2005,668
1/27/2005,1220
1/28/2005,1430
1/29/2005,1420
1/30/2005,1000
1/31/2005,829
2/1/2005,718
2/2/2005,634
2/3/2005,580
2/4/2005,545
2/5/2005,523
2/6/2005,504
2/7/2005,504
2/8/2005,524
2/9/2005,477
2/10/2005,446
2/11/2005,426
2/12/2005,455
2/13/2005,501
2/14/2005,506
2/15/2005,557
2/16/2005,976
2/17/2005,1210
2/18/2005,1120
2/19/2005,1100
2/20/2005,1430
2/21/2005,1540
2/22/2005,1660
2/23/2005,1360
2/24/2005,1160
2/25/2005,1030
2/26/2005,941
2/27/2005,859
2/28/2005,1500
3/1/2005,1130
3/2/2005,1700
3/3/2005,1390
3/4/2005,1140
3/5/2005,1020
3/6/2005,915
3/7/2005,849
3/8/2005,866
3/9/2005,931
3/10/2005,969
3/11/2005,1020
3/12/2005,1040
3/13/2005,1050
3/14/2005,1030
3/15/2005,947
3/16/2005,844
3/17/2005,768
3/18/2005,708
3/19/2005,770
3/20/2005,1460
3/21/2005,1490
3/22/2005,3160
3/23/2005,9800
3/24/2005,5390
3/25/2005,3040
3/26/2005,2240
3/27/2005,1930
3/28/2005,4140
3/29/2005,3610
3/30/2005,3280
3/31/2005,2530
4/1/2005,2150
4/2/2005,1930
4/3/2005,1800
4/4/2005,1920
4/5/2005,1660
4/6/2005,1500
4/7/2005,1620
4/8/2005,1910
4/9/2005,2230
4/10/2005,1750
4/11/2005,1550
4/12/2005,1490
4/13/2005,1450
4/14/2005,1370
4/15/2005,1290
4/16/2005,1240
4/17/2005,1260
4/18/2005,1300
4/19/2005,1260
4/20/2005,1170
4/21/2005,1070
4/22/2005,1010
4/23/2005,1030
4/24/2005,1060
4/25/2005,1020
4/26/2005,985
4/27/2005,994
4/28/2005,1130
4/29/2005,1200
4/30/2005,1110
5/1/2005,1100
5/2/2005,1090
5/3/2005,1050
5/4/2005,1040
5/5/2005,1110
5/6/2005,1510
5/7/2005,1390
5/8/2005,1260
5/9/2005,2540
5/10/2005,2860
5/11/2005,2160
5/12/2005,1850
5/13/2005,1670
5/14/2005,1600
5/15/2005,1580
5/16/2005,2130
5/17/2005,2550
5/18/2005,2080
5/19/2005,2050
5/20/2005,1970
5/21/2005,1800
5/22/2005,1590
5/23/2005,1520
5/24/2005,1460
5/25/2005,1370
5/26/2005,1320
5/27/2005,1300
5/28/2005,1240
5/29/2005,1150
5/30/2005,993
5/31/2005,901
6/1/2005,855
6/2/2005,823
6/3/2005,767
6/4/2005,709
6/5/2005,669
6/6/2005,632
6/7/2005,579
6/8/2005,558
6/9/2005,778
6/10/2005,777
6/11/2005,659
6/12/2005,603
6/13/2005,554
6/14/2005,528
6/15/2005,509
6/16/2005,474
6/17/2005,545
6/18/2005,609
6/19/2005,497
6/20/2005,428
6/21/2005,385
6/22/2005,368
6/23/2005,356
6/24/2005,341
6/25/2005,322
6/26/2005,306
6/27/2005,285
6/28/2005,267
6/29/2005,252
6/30/2005,238
7/1/2005,224
7/2/2005,211
7/3/2005,207
7/4/2005,197
7/5/2005,184
7/6/2005,174
7/7/2005,161
7/8/2005,154
7/9/2005,151
7/10/2005,141
7/11/2005,135
7/12/2005,129
7/13/2005,123
7/14/2005,116
7/15/2005,109
7/16/2005,107
7/17/2005,101
7/18/2005,96
7/19/2005,93
7/20/2005,89
7/21/2005,84
7/22/2005,83
7/23/2005,79
7/24/2005,77
7/25/2005,74
7/26/2005,71
7/27/2005,71
7/28/2005,68
7/29/2005,66
7/30/2005,63
7/31/2005,61
8/1/2005,59
8/2/2005,56
8/3/2005,54
8/4/2005,52
8/5/2005,52
8/6/2005,50
8/7/2005,48
8/8/2005,46
8/9/2005,44
8/10/2005,44
8/11/2005,41
8/12/2005,40
8/13/2005,38
8/14/2005,39
8/15/2005,40
8/16/2005,39
8/17/2005,41
8/18/2005,41
8/19/2005,38
8/20/2005,37
8/21/2005,37
8/22/2005,36
8/23/2005,34
8/24/2005,33
8/25/2005,32
8/26/2005,31
8/27/2005,30
8/28/2005,30
8/29/2005,30
8/30/2005,28
8/31/2005,28
9/1/2005,28
9/2/2005,27
9/3/2005,26
9/4/2005,26
9/5/2005,25
9/6/2005,24
9/7/2005,25
9/8/2005,25
9/9/2005,26
9/10/2005,25
9/11/2005,26
9/12/2005,26
9/13/2005,26
9/14/2005,26
9/15/2005,25
9/16/2005,26
9/17/2005,26
9/18/2005,25
9/19/2005,24
9/20/2005,25
9/21/2005,25
9/22/2005,24
9/23/2005,24
9/24/2005,24
9/25/2005,23
9/26/2005,24
9/27/2005,28
9/28/2005,35
9/29/2005,37
9/30/2005,32
10/1/2005,29
10/2/2005,28
10/3/2005,27
10/4/2005,26
10/5/2005,26
10/6/2005,26
10/7/2005,26
10/8/2005,26
10/9/2005,26
10/10/2005,26
10/11/2005,26
10/12/2005,26
10/13/2005,26
10/14/2005,26
10/15/2005,28
10/16/2005,28
10/17/2005,30
10/18/2005,31
10/19/2005,30
10/20/2005,28
10/21/2005,29
10/22/2005,30
10/23/2005,30
10/24/2005,30
10/25/2005,29
10/26/2005,28
10/27/2005,30
10/28/2005,31
10/29/2005,44
10/30/2005,47
10/31/2005,39
11/1/2005,37
11/2/2005,37
11/3/2005,36
11/4/2005,36
11/5/2005,37
11/6/2005,40
11/7/2005,43
11/8/2005,40
11/9/2005,40
11/10/2005,42
11/11/2005,42
11/12/2005,39
11/13/2005,38
11/14/2005,37
11/15/2005,36
11/16/2005,36
11/17/2005,36
11/18/2005,35
11/19/2005,34
11/20/2005,34
11/21/2005,33
11/22/2005,33
11/23/2005,33
11/24/2005,33
11/25/2005,34
11/26/2005,38
11/27/2005,54
11/28/2005,57
11/29/2005,54
11/30/2005,96
12/1/2005,169
12/2/2005,618
12/3/2005,407
12/4/2005,194
12/5/2005,135
12/6/2005,110
12/7/2005,96
12/8/2005,91
12/9/2005,102
12/10/2005,93
12/11/2005,84
12/12/2005,78
12/13/2005,75
12/14/2005,72
12/15/2005,69
12/16/2005,67
12/17/2005,66
12/18/2005,116
12/19/2005,522
12/20/2005,429
12/21/2005,371
12/22/2005,1480
12/23/2005,1940
12/24/2005,897
12/25/2005,929
12/26/2005,3460
12/27/2005,1370
12/28/2005,2560
12/29/2005,3200
12/30/2005,1920
12/31/2005,22900
1/1/2006,6790
1/2/2006,6940
1/3/2006,5030
1/4/2006,2860
1/5/2006,2410
1/6/2006,2030
1/7/2006,1870
1/8/2006,1590
1/9/2006,1370
1/10/2006,1200
1/11/2006,1120
1/12/2006,1090
1/13/2006,982
1/14/2006,1380
1/15/2006,1820
1/16/2006,1300
1/17/2006,1090
1/18/2006,1530
1/19/2006,1510
1/20/2006,1230
1/21/2006,1090
1/22/2006,986
1/23/2006,896
1/24/2006,832
1/25/2006,784
1/26/2006,790
1/27/2006,812
1/28/2006,750
1/29/2006,793
1/30/2006,825
1/31/2006,1270
2/1/2006,1090
2/2/2006,1630
2/3/2006,1970
2/4/2006,1810
2/5/2006,1860
2/6/2006,1610
2/7/2006,1430
2/8/2006,1290
2/9/2006,1190
2/10/2006,1090
2/11/2006,1020
2/12/2006,950
2/13/2006,890
2/14/2006,843
2/15/2006,806
2/16/2006,757
2/17/2006,717
2/18/2006,722
2/19/2006,720
2/20/2006,684
2/21/2006,641
2/22/2006,606
2/23/2006,582
2/24/2006,554
2/25/2006,538
2/26/2006,528
2/27/2006,696
2/28/2006,3590
3/1/2006,2940
3/2/2006,2720
3/3/2006,3450
3/4/2006,2770
3/5/2006,2100
3/6/2006,3270
3/7/2006,3470
3/8/2006,3010
3/9/2006,2390
3/10/2006,2280
3/11/2006,2200
3/12/2006,2100
3/13/2006,1880
3/14/2006,2580
3/15/2006,2350
3/16/2006,1830
3/17/2006,2720
3/18/2006,2350
3/19/2006,1900
3/20/2006,1700
3/21/2006,1840
3/22/2006,1540
3/23/2006,1390
3/24/2006,1320
3/25/2006,3870
3/26/2006,3610
3/27/2006,2700
3/28/2006,3230
3/29/2006,3870
3/30/2006,2850
3/31/2006,3650
4/1/2006,4960
4/2/2006,3170
4/3/2006,9150
4/4/2006,21100
4/5/2006,16400
4/6/2006,7880
4/7/2006,5410
4/8/2006,5120
4/9/2006,4230
4/10/2006,5310
4/11/2006,5560
4/12/2006,5010
4/13/2006,4400
4/14/2006,4030
4/15/2006,3960
4/16/2006,5690
4/17/2006,5940
4/18/2006,4250
4/19/2006,3600
4/20/2006,3250
4/21/2006,3100
4/22/2006,3050
4/23/2006,2930
4/24/2006,2810
4/25/2006,2720
4/26/2006,2640
4/27/2006,2710
4/28/2006,2880
4/29/2006,3140
4/30/2006,3240
5/1/2006,3100
5/2/2006,2880
5/3/2006,2640
5/4/2006,2450
5/5/2006,2270
5/6/2006,2090
5/7/2006,1950
5/8/2006,1890
5/9/2006,1830
5/10/2006,1730
5/11/2006,1670
5/12/2006,1630
5/13/2006,1560
5/14/2006,1500
5/15/2006,1430
5/16/2006,1420
5/17/2006,1370
5/18/2006,1340
5/19/2006,1300
5/20/2006,1250
5/21/2006,1170
5/22/2006,1460
5/23/2006,1340
5/24/2006,1150
5/25/2006,1080
5/26/2006,1000
5/27/2006,895
5/28/2006,864
5/29/2006,787
5/30/2006,731
5/31/2006,701
6/1/2006,689
6/2/2006,679
6/3/2006,665
6/4/2006,647
6/5/2006,639
6/6/2006,623
6/7/2006,605
6/8/2006,570
6/9/2006,530
6/10/2006,494
6/11/2006,467
6/12/2006,442
6/13/2006,431
6/14/2006,421
6/15/2006,395
6/16/2006,371
6/17/2006,347
6/18/2006,326
6/19/2006,309
6/20/2006,295
6/21/2006,278
6/22/2006,266
6/23/2006,252
6/24/2006,238
6/25/2006,226
6/26/2006,218
6/27/2006,210
6/28/2006,203
6/29/2006,199
6/30/2006,192
7/1/2006,181
7/2/2006,174
7/3/2006,171
7/4/2006,167
7/5/2006,163
7/6/2006,159
7/7/2006,154
7/8/2006,147
7/9/2006,141
7/10/2006,136
7/11/2006,131
7/12/2006,126
7/13/2006,123
7/14/2006,121
7/15/2006,117
7/16/2006,113
7/17/2006,111
7/18/2006,106
7/19/2006,104
7/20/2006,101
7/21/2006,98
7/22/2006,95
7/23/2006,94
7/24/2006,92
7/25/2006,90
7/26/2006,85
7/27/2006,80
7/28/2006,77
7/29/2006,76
7/30/2006,74
7/31/2006,74
8/1/2006,74
8/2/2006,73
8/3/2006,73
8/4/2006,71
8/5/2006,70
8/6/2006,68
8/7/2006,68
8/8/2006,68
8/9/2006,68
8/10/2006,66
8/11/2006,64
8/12/2006,61
8/13/2006,58
8/14/2006,57
8/15/2006,57
8/16/2006,57
8/17/2006,56
8/18/2006,56
8/19/2006,55
8/20/2006,54
8/21/2006,54
8/22/2006,53
8/23/2006,53
8/24/2006,51
8/25/2006,50
8/26/2006,49
8/27/2006,49
8/28/2006,49
8/29/2006,48
8/30/2006,47
8/31/2006,46
9/1/2006,46
9/2/2006,45
9/3/2006,44
9/4/2006,44
9/5/2006,44
9/6/2006,42
9/7/2006,42
9/8/2006,40
9/9/2006,40
9/10/2006,40
9/11/2006,42
9/12/2006,43
9/13/2006,43
9/14/2006,42
9/15/2006,40
9/16/2006,40
9/17/2006,43
9/18/2006,45
9/19/2006,46
9/20/2006,45
9/21/2006,43
9/22/2006,42
9/23/2006,42
9/24/2006,41
9/25/2006,40
9/26/2006,39
9/27/2006,38
9/28/2006,38
9/29/2006,37
9/30/2006,36
10/1/2006,36
10/2/2006,37
10/3/2006,39
10/4/2006,44
10/5/2006,50
10/6/2006,62
10/7/2006,87
10/8/2006,69
10/9/2006,60
10/10/2006,56
10/11/2006,54
10/12/2006,58
10/13/2006,59
10/14/2006,55
10/15/2006,53
10/16/2006,53
10/17/2006,53
10/18/2006,53
10/19/2006,55
10/20/2006,55
10/21/2006,53
10/22/2006,52
10/23/2006,52
10/24/2006,51
10/25/2006,50
10/26/2006,49
10/27/2006,47
10/28/2006,46
10/29/2006,47
10/30/2006,48
10/31/2006,48
11/1/2006,48
11/2/2006,51
11/3/2006,67
11/4/2006,90
11/5/2006,94
11/6/2006,78
11/7/2006,67
11/8/2006,62
11/9/2006,60
11/10/2006,68
11/11/2006,68
11/12/2006,65
11/13/2006,71
11/14/2006,78
11/15/2006,181
11/16/2006,118
11/17/2006,92
11/18/2006,80
11/19/2006,73
11/20/2006,69
11/21/2006,66
11/22/2006,64
11/23/2006,62
11/24/2006,64
11/25/2006,68
11/26/2006,64
11/27/2006,68
11/28/2006,82
11/29/2006,96
11/30/2006,79
12/1/2006,70
12/2/2006,68
12/3/2006,66
12/4/2006,65
12/5/2006,64
12/6/2006,63
12/7/2006,63
12/8/2006,62
12/9/2006,68
12/10/2006,91
12/11/2006,154
12/12/2006,124
12/13/2006,135
12/14/2006,160
12/15/2006,155
12/16/2006,156
12/17/2006,151
12/18/2006,123
12/19/2006,106
12/20/2006,95
12/21/2006,94
12/22/2006,158
12/23/2006,216
12/24/2006,146
12/25/2006,124
12/26/2006,114
12/27/2006,211
12/28/2006,361
12/29/2006,209
12/30/2006,160
12/31/2006,140
1/1/2007,127
1/2/2007,119
1/3/2007,112
1/4/2007,187
1/5/2007,670
1/6/2007,350
1/7/2007,252
1/8/2007,212
1/9/2007,188
1/10/2007,172
1/11/2007,159
1/12/2007,149
1/13/2007,130
1/14/2007,92
1/15/2007,107
1/16/2007,121
1/17/2007,128
1/18/2007,122
1/19/2007,119
1/20/2007,115
1/21/2007,111
1/22/2007,107
1/23/2007,103
1/24/2007,102
1/25/2007,101
1/26/2007,101
1/27/2007,99
1/28/2007,98
1/29/2007,97
1/30/2007,95
1/31/2007,95
2/1/2007,94
2/2/2007,92
2/3/2007,92
2/4/2007,89
2/5/2007,89
2/6/2007,88
2/7/2007,90
2/8/2007,94
2/9/2007,118
2/10/2007,634
2/11/2007,2540
2/12/2007,1380
2/13/2007,849
2/14/2007,625
2/15/2007,499
2/16/2007,422
2/17/2007,373
2/18/2007,338
2/19/2007,313
2/20/2007,285
2/21/2007,261
2/22/2007,338
2/23/2007,490
2/24/2007,381
2/25/2007,967
2/26/2007,2240
2/27/2007,2830
2/28/2007,1310
3/1/2007,907
3/2/2007,663
3/3/2007,545
3/4/2007,488
3/5/2007,449
3/6/2007,429
3/7/2007,421
3/8/2007,439
3/9/2007,463
3/10/2007,478
3/11/2007,486
3/12/2007,534
3/13/2007,637
3/14/2007,715
3/15/2007,752
3/16/2007,757
3/17/2007,776
3/18/2007,754
3/19/2007,704
3/20/2007,646
3/21/2007,644
3/22/2007,568
3/23/2007,507
3/24/2007,470
3/25/2007,446
3/26/2007,451
3/27/2007,653
3/28/2007,515
3/29/2007,456
3/30/2007,429
3/31/2007,409
4/1/2007,404
4/2/2007,397
4/3/2007,382
4/4/2007,366
4/5/2007,355
4/6/2007,346
4/7/2007,344
4/8/2007,345
4/9/2007,334
4/10/2007,320
4/11/2007,310
4/12/2007,330
4/13/2007,313
4/14/2007,287
4/15/2007,313
4/16/2007,287
4/17/2007,262
4/18/2007,253
4/19/2007,249
4/20/2007,239
4/21/2007,232
4/22/2007,481
4/23/2007,639
4/24/2007,427
4/25/2007,388
4/26/2007,385
4/27/2007,372
4/28/2007,363
4/29/2007,349
4/30/2007,339
5/1/2007,327
5/2/2007,322
5/3/2007,378
5/4/2007,344
5/5/2007,349
5/6/2007,323
5/7/2007,302
5/8/2007,286
5/9/2007,275
5/10/2007,268
5/11/2007,262
5/12/2007,254
5/13/2007,243
5/14/2007,233
5/15/2007,221
5/16/2007,208
5/17/2007,199
5/18/2007,188
5/19/2007,177
5/20/2007,168
5/21/2007,158
5/22/2007,150
5/23/2007,141
5/24/2007,133
5/25/2007,126
5/26/2007,120
5/27/2007,114
5/28/2007,111
5/29/2007,106
5/30/2007,103
5/31/2007,97
6/1/2007,94
6/2/2007,91
6/3/2007,88
6/4/2007,84
6/5/2007,81
6/6/2007,80
6/7/2007,86
6/8/2007,86
6/9/2007,82
6/10/2007,77
6/11/2007,73
6/12/2007,68
6/13/2007,65
6/14/2007,62
6/15/2007,58
6/16/2007,54
6/17/2007,51
6/18/2007,49
6/19/2007,46
6/20/2007,45
6/21/2007,43
6/22/2007,42
6/23/2007,39
6/24/2007,37
6/25/2007,36
6/26/2007,36
6/27/2007,35
6/28/2007,32
6/29/2007,31
6/30/2007,30
7/1/2007,30
7/2/2007,30
7/3/2007,30
7/4/2007,29
7/5/2007,27
7/6/2007,26
7/7/2007,24
7/8/2007,23
7/9/2007,22
7/10/2007,21
7/11/2007,21
7/12/2007,22
7/13/2007,23
7/14/2007,23
7/15/2007,22
7/16/2007,21
7/17/2007,21
7/18/2007,20
7/19/2007,19
7/20/2007,19
7/21/2007,19
7/22/2007,19
7/23/2007,19
7/24/2007,18
7/25/2007,17
7/26/2007,17
7/27/2007,16
7/28/2007,15
7/29/2007,14
7/30/2007,14
7/31/2007,13
8/1/2007,12
8/2/2007,11
8/3/2007,12
8/4/2007,11
8/5/2007,11
8/6/2007,10
8/7/2007,10
8/8/2007,10
8/9/2007,11
8/10/2007,11
8/11/2007,11
8/12/2007,11
8/13/2007,11
8/14/2007,10
8/15/2007,10
8/16/2007,10
8/17/2007,10
8/18/2007,9
8/19/2007,9
8/20/2007,9
8/21/2007,10
8/22/2007,9
8/23/2007,10
8/24/2007,10
8/25/2007,10
8/26/2007,9
8/27/2007,9
8/28/2007,8
8/29/2007,8
8/30/2007,8
8/31/2007,8
9/1/2007,8
9/2/2007,7
9/3/2007,7
9/4/2007,7
9/5/2007,7
9/6/2007,7
9/7/2007,8
9/8/2007,8
9/9/2007,8
9/10/2007,9
9/11/2007,8
9/12/2007,9
9/13/2007,8
9/14/2007,8
9/15/2007,9
9/16/2007,9
9/17/2007,9
9/18/2007,10
9/19/2007,10
9/20/2007,10
9/21/2007,10
9/22/2007,11
9/23/2007,14
9/24/2007,17
9/25/2007,18
9/26/2007,17
9/27/2007,16
9/28/2007,15
9/29/2007,15
9/30/2007,15
10/1/2007,15
10/2/2007,15
10/3/2007,15
10/4/2007,15
10/5/2007,14
10/6/2007,14
10/7/2007,16
10/8/2007,20
10/9/2007,20
10/10/2007,24
10/11/2007,23
10/12/2007,29
10/13/2007,30
10/14/2007,26
10/15/2007,24
10/16/2007,23
10/17/2007,23
10/18/2007,26
10/19/2007,32
10/20/2007,36
10/21/2007,38
10/22/2007,41
10/23/2007,35
10/24/2007,31
10/25/2007,29
10/26/2007,27
10/27/2007,26
10/28/2007,26
10/29/2007,25
10/30/2007,24
10/31/2007,26
11/1/2007,26
11/2/2007,26
11/3/2007,26
11/4/2007,25
11/5/2007,24
11/6/2007,23
11/7/2007,22
11/8/2007,22
11/9/2007,22
11/10/2007,22
11/11/2007,29
11/12/2007,50
11/13/2007,66
11/14/2007,44
11/15/2007,36
11/16/2007,31
11/17/2007,30
11/18/2007,29
11/19/2007,28
11/20/2007,28
11/21/2007,27
11/22/2007,27
11/23/2007,27
11/24/2007,27
11/25/2007,27
11/26/2007,27
11/27/2007,27
11/28/2007,27
11/29/2007,27
11/30/2007,27
12/1/2007,27
12/2/2007,27
12/3/2007,27
12/4/2007,27
12/5/2007,28
12/6/2007,30
12/7/2007,47
12/8/2007,116
12/9/2007,95
12/10/2007,61
12/11/2007,46
12/12/2007,40
12/13/2007,36
12/14/2007,34
12/15/2007,34
12/16/2007,34
12/17/2007,39
12/18/2007,56
12/19/2007,92
12/20/2007,153
12/21/2007,183
12/22/2007,111
12/23/2007,78
12/24/2007,64
12/25/2007,56
12/26/2007,53
12/27/2007,48
12/28/2007,46
12/29/2007,46
12/30/2007,56
12/31/2007,59
1/1/2008,60
1/2/2008,56
1/3/2008,51
1/4/2008,378
1/5/2008,1310
1/6/2008,1120
1/7/2008,434
1/8/2008,286
1/9/2008,310
1/10/2008,274
1/11/2008,215
1/12/2008,185
1/13/2008,157
1/14/2008,138
1/15/2008,124
1/16/2008,114
1/17/2008,105
1/18/2008,98
1/19/2008,93
1/20/2008,89
1/21/2008,87
1/22/2008,92
1/23/2008,196
1/24/2008,536
1/25/2008,290
1/26/2008,201
1/27/2008,419
1/28/2008,1210
1/29/2008,649
1/30/2008,484
1/31/2008,391
2/1/2008,726
2/2/2008,513
2/3/2008,1220
2/4/2008,1000
2/5/2008,589
2/6/2008,411
2/7/2008,330
2/8/2008,282
2/9/2008,250
2/10/2008,229
2/11/2008,216
2/12/2008,209
2/13/2008,203
2/14/2008,200
2/15/2008,195
2/16/2008,182
2/17/2008,173
2/18/2008,168
2/19/2008,168
2/20/2008,205
2/21/2008,258
2/22/2008,289
2/23/2008,404
2/24/2008,588
2/25/2008,1160
2/26/2008,735
2/27/2008,541
2/28/2008,445
2/29/2008,393
3/1/2008,378
3/2/2008,383
3/3/2008,357
3/4/2008,325
3/5/2008,310
3/6/2008,296
3/7/2008,285
3/8/2008,275
3/9/2008,272
3/10/2008,282
3/11/2008,287
3/12/2008,304
3/13/2008,342
3/14/2008,587
3/15/2008,538
3/16/2008,457
3/17/2008,385
3/18/2008,338
3/19/2008,316
3/20/2008,318
3/21/2008,320
3/22/2008,320
3/23/2008,321
3/24/2008,336
3/25/2008,354
3/26/2008,367
3/27/2008,384
3/28/2008,381
3/29/2008,368
3/30/2008,359
3/31/2008,353
4/1/2008,325
4/2/2008,315
4/3/2008,307
4/4/2008,305
4/5/2008,319
4/6/2008,323
4/7/2008,328
4/8/2008,323
4/9/2008,312
4/10/2008,291
4/11/2008,282
4/12/2008,299
4/13/2008,338
4/14/2008,387
4/15/2008,407
4/16/2008,385
4/17/2008,349
4/18/2008,343
4/19/2008,357
4/20/2008,353
4/21/2008,327
4/22/2008,299
4/23/2008,288
4/24/2008,282
4/25/2008,260
4/26/2008,250
4/27/2008,267
4/28/2008,318
4/29/2008,360
4/30/2008,362
5/1/2008,334
5/2/2008,301
5/3/2008,287
5/4/2008,279
5/5/2008,292
5/6/2008,312
5/7/2008,328
5/8/2008,333
5/9/2008,314
5/10/2008,295
5/11/2008,282
5/12/2008,279
5/13/2008,268
5/14/2008,244
5/15/2008,239
5/16/2008,258
5/17/2008,273
5/18/2008,264
5/19/2008,254
5/20/2008,233
5/21/2008,209
5/22/2008,187
5/23/2008,166
5/24/2008,153
5/25/2008,185
5/26/2008,183
5/27/2008,185
5/28/2008,168
5/29/2008,181
5/30/2008,161
5/31/2008,147
6/1/2008,138
6/2/2008,131
6/3/2008,124
6/4/2008,116
6/5/2008,111
6/6/2008,106
6/7/2008,99
6/8/2008,94
6/9/2008,89
6/10/2008,82
6/11/2008,77
6/12/2008,75
6/13/2008,69
6/14/2008,65
6/15/2008,60
6/16/2008,55
6/17/2008,52
6/18/2008,47
6/19/2008,45
6/20/2008,44
6/21/2008,40
6/22/2008,36
6/23/2008,34
6/24/2008,34
6/25/2008,33
6/26/2008,32
6/27/2008,34
6/28/2008,32
6/29/2008,28
6/30/2008,27
7/1/2008,27
7/2/2008,25
7/3/2008,24
7/4/2008,23
7/5/2008,23
7/6/2008,22
7/7/2008,22
7/8/2008,22
7/9/2008,20
7/10/2008,20
7/11/2008,18
7/12/2008,17
7/13/2008,16
7/14/2008,15
7/15/2008,14
7/16/2008,13
7/17/2008,13
7/18/2008,12
7/19/2008,12
7/20/2008,12
7/21/2008,10
7/22/2008,10
7/23/2008,10
7/24/2008,10
7/25/2008,9
7/26/2008,10
7/27/2008,9
7/28/2008,8
7/29/2008,10
7/30/2008,9
7/31/2008,9
8/1/2008,7
8/2/2008,7
8/3/2008,7
8/4/2008,6
8/5/2008,7
8/6/2008,5
8/7/2008,6
8/8/2008,5
8/9/2008,5
8/10/2008,5
8/11/2008,5
8/12/2008,5
8/13/2008,5
8/14/2008,4
8/15/2008,5
8/16/2008,4
8/17/2008,3
8/18/2008,3
8/19/2008,3
8/20/2008,3
8/21/2008,3
8/22/2008,3
8/23/2008,3
8/24/2008,3
8/25/2008,4
8/26/2008,3
8/27/2008,3
8/28/2008,4
8/29/2008,3
8/30/2008,3
8/31/2008,2
9/1/2008,3
9/2/2008,2
9/3/2008,2
9/4/2008,2
9/5/2008,2
9/6/2008,2
9/7/2008,2
9/8/2008,2
9/9/2008,2
9/10/2008,2
9/11/2008,2
9/12/2008,2
9/13/2008,2
9/14/2008,2
9/15/2008,3
9/16/2008,3
9/17/2008,2
9/18/2008,3
9/19/2008,3
9/20/2008,3
9/21/2008,2
9/22/2008,3
9/23/2008,3
9/24/2008,3
9/25/2008,4
9/26/2008,4
9/27/2008,4
9/28/2008,4
9/29/2008,4
9/30/2008,4
10/1/2008,3
10/2/2008,4
10/3/2008,4
10/4/2008,5
10/5/2008,5
10/6/2008,14
10/7/2008,26
10/8/2008,20
10/9/2008,17
10/10/2008,14
10/11/2008,13
10/12/2008,12
10/13/2008,12
10/14/2008,12
10/15/2008,12
10/16/2008,13
10/17/2008,13
10/18/2008,14
10/19/2008,13
10/20/2008,13
10/21/2008,13
10/22/2008,13
10/23/2008,13
10/24/2008,13
10/25/2008,14
10/26/2008,13
10/27/2008,14
10/28/2008,14
10/29/2008,13
10/30/2008,13
10/31/2008,14
11/1/2008,17
11/2/2008,40
11/3/2008,124
11/4/2008,98
11/5/2008,66
11/6/2008,54
11/7/2008,37
11/8/2008,30
11/9/2008,29
11/10/2008,32
11/11/2008,37
11/12/2008,34
11/13/2008,30
11/14/2008,28
11/15/2008,26
11/16/2008,25
11/17/2008,25
11/18/2008,24
11/19/2008,24
11/20/2008,23
11/21/2008,23
11/22/2008,22
11/23/2008,22
11/24/2008,22
11/25/2008,22
11/26/2008,22
11/27/2008,22
11/28/2008,23
11/29/2008,26
11/30/2008,25
12/1/2008,24
12/2/2008,24
12/3/2008,23
12/4/2008,23
12/5/2008,22
12/6/2008,22
12/7/2008,22
12/8/2008,22
12/9/2008,22
12/10/2008,22
12/11/2008,22
12/12/2008,22
12/13/2008,22
12/14/2008,23
12/15/2008,26
12/16/2008,29
12/17/2008,32
12/18/2008,31
12/19/2008,28
12/20/2008,29
12/21/2008,41
12/22/2008,57
12/23/2008,128
12/24/2008,100
12/25/2008,91
12/26/2008,217
12/27/2008,113
12/28/2008,76
12/29/2008,60
12/30/2008,51
12/31/2008,47
1/1/2009,46
1/2/2009,44
1/3/2009,51
1/4/2009,112
1/5/2009,87
1/6/2009,70
1/7/2009,63
1/8/2009,56
1/9/2009,53
1/10/2009,52
1/11/2009,50
1/12/2009,49
1/13/2009,47
1/14/2009,47
1/15/2009,50
1/16/2009,52
1/17/2009,53
1/18/2009,53
1/19/2009,54
1/20/2009,53
1/21/2009,52
1/22/2009,66
1/23/2009,223
1/24/2009,745
1/25/2009,760
1/26/2009,473
1/27/2009,304
1/28/2009,223
1/29/2009,187
1/30/2009,162
1/31/2009,144
2/1/2009,129
2/2/2009,120
2/3/2009,113
2/4/2009,108
2/5/2009,105
2/6/2009,105
2/7/2009,109
2/8/2009,111
2/9/2009,169
2/10/2009,177
2/11/2009,131
2/12/2009,174
2/13/2009,319
2/14/2009,638
2/15/2009,390
2/16/2009,409
2/17/2009,1440
2/18/2009,1390
2/19/2009,621
2/20/2009,394
2/21/2009,293
2/22/2009,298
2/23/2009,1080
2/24/2009,1980
2/25/2009,1330
2/26/2009,1060
2/27/2009,941
2/28/2009,764
3/1/2009,699
3/2/2009,2070
3/3/2009,5120
3/4/2009,5710
3/5/2009,2520
3/6/2009,1660
3/7/2009,1260
3/8/2009,1030
3/9/2009,880
3/10/2009,748
3/11/2009,661
3/12/2009,593
3/13/2009,542
3/14/2009,505
3/15/2009,486
3/16/2009,466
3/17/2009,468
3/18/2009,479
3/19/2009,501
3/20/2009,542
3/21/2009,589
3/22/2009,773
3/23/2009,776
3/24/2009,653
3/25/2009,606
3/26/2009,575
3/27/2009,564
3/28/2009,564
3/29/2009,575
3/30/2009,573
3/31/2009,541
4/1/2009,509
4/2/2009,498
4/3/2009,504
4/4/2009,483
4/5/2009,444
4/6/2009,415
4/7/2009,405
4/8/2009,491
4/9/2009,521
4/10/2009,568
4/11/2009,586
4/12/2009,500
4/13/2009,468
4/14/2009,474
4/15/2009,478
4/16/2009,450
4/17/2009,420
4/18/2009,409
4/19/2009,422
4/20/2009,466
4/21/2009,529
4/22/2009,570
4/23/2009,580
4/24/2009,555
4/25/2009,518
4/26/2009,441
4/27/2009,401
4/28/2009,384
4/29/2009,394
4/30/2009,394
5/1/2009,398
5/2/2009,1290
5/3/2009,1730
5/4/2009,2080
5/5/2009,2060
5/6/2009,2060
5/7/2009,1640
5/8/2009,1390
5/9/2009,1170
5/10/2009,1000
5/11/2009,900
5/12/2009,814
5/13/2009,719
5/14/2009,619
5/15/2009,582
5/16/2009,563
5/17/2009,539
5/18/2009,510
5/19/2009,467
5/20/2009,422
5/21/2009,384
5/22/2009,352
5/23/2009,321
5/24/2009,295
5/25/2009,271
5/26/2009,247
5/27/2009,226
5/28/2009,209
5/29/2009,197
5/30/2009,197
5/31/2009,179
6/1/2009,170
6/2/2009,159
6/3/2009,151
6/4/2009,146
6/5/2009,142
6/6/2009,139
6/7/2009,137
6/8/2009,132
6/9/2009,121
6/10/2009,113
6/11/2009,109
6/12/2009,104
6/13/2009,100
6/14/2009,96
6/15/2009,102
6/16/2009,95
6/17/2009,91
6/18/2009,86
6/19/2009,80
6/20/2009,75
6/21/2009,72
6/22/2009,67
6/23/2009,65
6/24/2009,62
6/25/2009,55
6/26/2009,51
6/27/2009,46
6/28/2009,43
6/29/2009,40
6/30/2009,38
7/1/2009,37
7/2/2009,35
7/3/2009,34
7/4/2009,31
7/5/2009,31
7/6/2009,29
7/7/2009,29
7/8/2009,28
7/9/2009,27
7/10/2009,27
7/11/2009,26
7/12/2009,26
7/13/2009,26
7/14/2009,26
7/15/2009,25
7/16/2009,22
7/17/2009,20
7/18/2009,19
7/19/2009,18
7/20/2009,20
7/21/2009,17
7/22/2009,14
7/23/2009,14
7/24/2009,14
7/25/2009,13
7/26/2009,12
7/27/2009,12
7/28/2009,12
7/29/2009,12
7/30/2009,11
7/31/2009,11
8/1/2009,11
8/2/2009,9
8/3/2009,10
8/4/2009,9
8/5/2009,9
8/6/2009,8
8/7/2009,8
8/8/2009,9
8/9/2009,8
8/10/2009,8
8/11/2009,9
8/12/2009,8
8/13/2009,8
8/14/2009,8
8/15/2009,7
8/16/2009,7
8/17/2009,5
8/18/2009,6
8/19/2009,7
8/20/2009,5
8/21/2009,4
8/22/2009,5
8/23/2009,5
8/24/2009,5
8/25/2009,4
8/26/2009,4
8/27/2009,4
8/28/2009,4
8/29/2009,4
8/30/2009,4
8/31/2009,4
9/1/2009,3
9/2/2009,4
9/3/2009,4
9/4/2009,3
9/5/2009,3
9/6/2009,4
9/7/2009,3
9/8/2009,3
9/9/2009,4
9/10/2009,4
9/11/2009,4
9/12/2009,5
9/13/2009,5
9/14/2009,6
9/15/2009,6
9/16/2009,7
9/17/2009,6
9/18/2009,7
9/19/2009,7
9/20/2009,6
9/21/2009,6
9/22/2009,5
9/23/2009,6
9/24/2009,6
9/25/2009,4
9/26/2009,5
9/27/2009,4
9/28/2009,4
9/29/2009,4
9/30/2009,4
10/1/2009,4
10/2/2009,5
10/3/2009,5
10/4/2009,5
10/5/2009,6
10/6/2009,7
10/7/2009,8
10/8/2009,10
10/9/2009,9
10/10/2009,8
10/11/2009,8
10/12/2009,8
10/13/2009,11
10/14/2009,48
10/15/2009,163
10/16/2009,74
10/17/2009,41
10/18/2009,29
10/19/2009,25
10/20/2009,22
10/21/2009,21
10/22/2009,21
10/23/2009,21
10/24/2009,20
10/25/2009,19
10/26/2009,19
10/27/2009,18
10/28/2009,18
10/29/2009,18
10/30/2009,19
10/31/2009,19
11/1/2009,19
11/2/2009,19
11/3/2009,17
11/4/2009,17
11/5/2009,16
11/6/2009,16
11/7/2009,16
11/8/2009,14
11/9/2009,14
11/10/2009,16
11/11/2009,16
11/12/2009,16
11/13/2009,18
11/14/2009,18
11/15/2009,19
11/16/2009,20
11/17/2009,19
11/18/2009,19
11/19/2009,19
11/20/2009,20
11/21/2009,25
11/22/2009,31
11/23/2009,32
11/24/2009,26
11/25/2009,24
11/26/2009,24
11/27/2009,24
11/28/2009,24
11/29/2009,24
11/30/2009,25
12/1/2009,24
12/2/2009,24
12/3/2009,22
12/4/2009,22
12/5/2009,22
12/6/2009,21
12/7/2009,26
12/8/2009,33
12/9/2009,30
12/10/2009,25
12/11/2009,29
12/12/2009,51
12/13/2009,339
12/14/2009,298
12/15/2009,162
12/16/2009,111
12/17/2009,89
12/18/2009,78
12/19/2009,70
12/20/2009,63
12/21/2009,58
12/22/2009,65
12/23/2009,154
12/24/2009,112
12/25/2009,88
12/26/2009,77
12/27/2009,71
12/28/2009,70
12/29/2009,73
12/30/2009,72
12/31/2009,73
1/1/2010,78
1/2/2010,72
1/3/2010,69
1/4/2010,67
1/5/2010,62
1/6/2010,60
1/7/2010,57
1/8/2010,56
1/9/2010,56
1/10/2010,63
1/11/2010,69
1/12/2010,75
1/13/2010,117
1/14/2010,212
1/15/2010,173
1/16/2010,135
1/17/2010,122
1/18/2010,207
1/19/2010,567
1/20/2010,770
1/21/2010,1100
1/22/2010,1600
1/23/2010,794
1/24/2010,461
1/25/2010,516
1/26/2010,870
1/27/2010,640
1/28/2010,457
1/29/2010,360
1/30/2010,426
1/31/2010,379
2/1/2010,306
2/2/2010,264
2/3/2010,239
2/4/2010,223
2/5/2010,389
2/6/2010,450
2/7/2010,500
2/8/2010,425
2/9/2010,432
2/10/2010,414
2/11/2010,348
2/12/2010,306
2/13/2010,276
2/14/2010,258
2/15/2010,243
2/16/2010,236
2/17/2010,238
2/18/2010,247
2/19/2010,263
2/20/2010,269
2/21/2010,286
2/22/2010,294
2/23/2010,267
2/24/2010,303
2/25/2010,485
2/26/2010,461
2/27/2010,3150
2/28/2010,1590
3/1/2010,995
3/2/2010,784
3/3/2010,1230
3/4/2010,1670
3/5/2010,1060
3/6/2010,848
3/7/2010,723
3/8/2010,629
3/9/2010,572
3/10/2010,539
3/11/2010,512
3/12/2010,512
3/13/2010,980
3/14/2010,748
3/15/2010,613
3/16/2010,545
3/17/2010,508
3/18/2010,499
3/19/2010,503
3/20/2010,506
3/21/2010,506
3/22/2010,501
3/23/2010,496
3/24/2010,486
3/25/2010,482
3/26/2010,484
3/27/2010,447
3/28/2010,416
3/29/2010,408
3/30/2010,445
3/31/2010,705
4/1/2010,666
4/2/2010,538
4/3/2010,549
4/4/2010,523
4/5/2010,980
4/6/2010,838
4/7/2010,666
4/8/2010,611
4/9/2010,596
4/10/2010,612
4/11/2010,664
4/12/2010,953
4/13/2010,1290
4/14/2010,998
4/15/2010,864
4/16/2010,785
4/17/2010,759
4/18/2010,764
4/19/2010,803
4/20/2010,1080
4/21/2010,1490
4/22/2010,1400
4/23/2010,1150
4/24/2010,1030
4/25/2010,1040
4/26/2010,1150
4/27/2010,1280
4/28/2010,2010
4/29/2010,1860
4/30/2010,1580
5/1/2010,1380
5/2/2010,1270
5/3/2010,1200
5/4/2010,1160
5/5/2010,1180
5/6/2010,1150
5/7/2010,1070
5/8/2010,1000
5/9/2010,972
5/10/2010,949
5/11/2010,1120
5/12/2010,964
5/13/2010,886
5/14/2010,888
5/15/2010,924
5/16/2010,967
5/17/2010,1020
5/18/2010,1130
5/19/2010,1100
5/20/2010,1070
5/21/2010,1060
5/22/2010,961
5/23/2010,850
5/24/2010,752
5/25/2010,689
5/26/2010,772
5/27/2010,1220
5/28/2010,1460
5/29/2010,1330
5/30/2010,1240
5/31/2010,1220
6/1/2010,1170
6/2/2010,1150
6/3/2010,1130
6/4/2010,1130
6/5/2010,1150
6/6/2010,1150
6/7/2010,1140
6/8/2010,1070
6/9/2010,964
6/10/2010,867
6/11/2010,745
6/12/2010,662
6/13/2010,587
6/14/2010,560
6/15/2010,553
6/16/2010,536
6/17/2010,488
6/18/2010,436
6/19/2010,402
6/20/2010,374
6/21/2010,349
6/22/2010,323
6/23/2010,299
6/24/2010,283
6/25/2010,267
6/26/2010,255
6/27/2010,237
6/28/2010,226
6/29/2010,210
6/30/2010,189
7/1/2010,175
7/2/2010,163
7/3/2010,150
7/4/2010,140
7/5/2010,129
7/6/2010,120
7/7/2010,116
7/8/2010,115
7/9/2010,111
7/10/2010,103
7/11/2010,95
7/12/2010,86
7/13/2010,82
7/14/2010,78
7/15/2010,73
7/16/2010,70
7/17/2010,66
7/18/2010,62
7/19/2010,59
7/20/2010,54
7/21/2010,48
7/22/2010,44
7/23/2010,44
7/24/2010,40
7/25/2010,39
7/26/2010,38
7/27/2010,37
7/28/2010,35
7/29/2010,33
7/30/2010,32
7/31/2010,30
8/1/2010,28
8/2/2010,28
8/3/2010,28
8/4/2010,27
8/5/2010,26
8/6/2010,26
8/7/2010,27
8/8/2010,24
8/9/2010,22
8/10/2010,24
8/11/2010,23
8/12/2010,21
8/13/2010,20
8/14/2010,20
8/15/2010,19
8/16/2010,19
8/17/2010,19
8/18/2010,19
8/19/2010,17
8/20/2010,18
8/21/2010,16
8/22/2010,15
8/23/2010,14
8/24/2010,15
8/25/2010,15
8/26/2010,15
8/27/2010,15
8/28/2010,13
8/29/2010,12
8/30/2010,12
8/31/2010,13
9/1/2010,13
9/2/2010,13
9/3/2010,14
9/4/2010,13
9/5/2010,12
9/6/2010,12
9/7/2010,12
9/8/2010,12
9/9/2010,11
9/10/2010,11
9/11/2010,12
9/12/2010,13
9/13/2010,13
9/14/2010,13
9/15/2010,13
9/16/2010,13
9/17/2010,13
9/18/2010,12
9/19/2010,11
9/20/2010,12
9/21/2010,12
9/22/2010,13
9/23/2010,13
9/24/2010,12
9/25/2010,12
9/26/2010,12
9/27/2010,13
9/28/2010,12
9/29/2010,11
9/30/2010,10
10/1/2010,10
10/2/2010,10
10/3/2010,10
10/4/2010,9
10/5/2010,10
10/6/2010,13
10/7/2010,22
10/8/2010,20
10/9/2010,21
10/10/2010,23
10/11/2010,21
10/12/2010,20
10/13/2010,18
10/14/2010,16
10/15/2010,16
10/16/2010,15
10/17/2010,14
10/18/2010,15
10/19/2010,17
10/20/2010,18
10/21/2010,20
10/22/2010,20
10/23/2010,21
10/24/2010,48
10/25/2010,890
10/26/2010,326
10/27/2010,142
10/28/2010,100
10/29/2010,81
10/30/2010,72
10/31/2010,63
11/1/2010,60
11/2/2010,58
11/3/2010,54
11/4/2010,51
11/5/2010,47
11/6/2010,44
11/7/2010,49
11/8/2010,142
11/9/2010,202
11/10/2010,126
11/11/2010,111
11/12/2010,103
11/13/2010,90
11/14/2010,82
11/15/2010,78
11/16/2010,73
11/17/2010,73
11/18/2010,70
11/19/2010,68
11/20/2010,97
11/21/2010,317
11/22/2010,263
11/23/2010,519
11/24/2010,704
11/25/2010,275
11/26/2010,184
11/27/2010,197
11/28/2010,318
11/29/2010,241
11/30/2010,173
12/1/2010,151
12/2/2010,137
12/3/2010,133
12/4/2010,147
12/5/2010,201
12/6/2010,483
12/7/2010,653
12/8/2010,435
12/9/2010,428
12/10/2010,676
12/11/2010,682
12/12/2010,602
12/13/2010,529
12/14/2010,565
12/15/2010,1580
12/16/2010,1080
12/17/2010,898
12/18/2010,4510
12/19/2010,8040
12/20/2010,6240
12/21/2010,2940
12/22/2010,2300
12/23/2010,1840
12/24/2010,1470
12/25/2010,1360
12/26/2010,2610
12/27/2010,1750
12/28/2010,1570
12/29/2010,6630
12/30/2010,3480
12/31/2010,2150
1/1/2011,1900
1/2/2011,2630
1/3/2011,2290
1/4/2011,1710
1/5/2011,1410
1/6/2011,1230
1/7/2011,1100
1/8/2011,1010
1/9/2011,925
1/10/2011,847
1/11/2011,776
1/12/2011,736
1/13/2011,700
1/14/2011,717
1/15/2011,685
1/16/2011,679
1/17/2011,734
1/18/2011,821
1/19/2011,858
1/20/2011,838
1/21/2011,793
1/22/2011,751
1/23/2011,737
1/24/2011,702
1/25/2011,670
1/26/2011,647
1/27/2011,621
1/28/2011,598
1/29/2011,573
1/30/2011,923
1/31/2011,926
2/1/2011,703
2/2/2011,627
2/3/2011,568
2/4/2011,529
2/5/2011,509
2/6/2011,502
2/7/2011,502
2/8/2011,502
2/9/2011,491
2/10/2011,461
2/11/2011,444
2/12/2011,427
2/13/2011,410
2/14/2011,399
2/15/2011,396
2/16/2011,728
2/17/2011,1160
2/18/2011,2230
2/19/2011,3400
2/20/2011,1710
2/21/2011,1190
2/22/2011,973
2/23/2011,843
2/24/2011,770
2/25/2011,2770
2/26/2011,2120
2/27/2011,1310
2/28/2011,1030
3/1/2011,891
3/2/2011,862
3/3/2011,1590
3/4/2011,1620
3/5/2011,1370
3/6/2011,1610
3/7/2011,4870
3/8/2011,3250
3/9/2011,2500
3/10/2011,2150
3/11/2011,2070
3/12/2011,1940
3/13/2011,1830
3/14/2011,3190
3/15/2011,3440
3/16/2011,10400
3/17/2011,6820
3/18/2011,5040
3/19/2011,5540
3/20/2011,6490
3/21/2011,5800
3/22/2011,4150
3/23/2011,3700
3/24/2011,6040
3/25/2011,6480
3/26/2011,6910
3/27/2011,5400
3/28/2011,3840
3/29/2011,3160
3/30/2011,2770
3/31/2011,2660
4/1/2011,2870
4/2/2011,3260
4/3/2011,3420
4/4/2011,3170
4/5/2011,2990
4/6/2011,2940
4/7/2011,2810
4/8/2011,2600
4/9/2011,2280
4/10/2011,2000
4/11/2011,1830
4/12/2011,1730
4/13/2011,1680
4/14/2011,1630
4/15/2011,1510
4/16/2011,1480
4/17/2011,1580
4/18/2011,1760
4/19/2011,2030
4/20/2011,2130
4/21/2011,2290
4/22/2011,2440
4/23/2011,2170
4/24/2011,1980
4/25/2011,2010
4/26/2011,1900
4/27/2011,1780
4/28/2011,1680
4/29/2011,1640
4/30/2011,1540
5/1/2011,1430
5/2/2011,1380
5/3/2011,1390
5/4/2011,1430
5/5/2011,1510
5/6/2011,1640
5/7/2011,1680
5/8/2011,1690
5/9/2011,1560
5/10/2011,1380
5/11/2011,1250
5/12/2011,1190
5/13/2011,1200
5/14/2011,1260
5/15/2011,1410
5/16/2011,1400
5/17/2011,1180
5/18/2011,1640
5/19/2011,1420
5/20/2011,1200
5/21/2011,1180
5/22/2011,1270
5/23/2011,1270
5/24/2011,1220
5/25/2011,1200
5/26/2011,1200
5/27/2011,1090
5/28/2011,1030
5/29/2011,1060
5/30/2011,1000
5/31/2011,919
6/1/2011,877
6/2/2011,902
6/3/2011,858
6/4/2011,842
6/5/2011,880
6/6/2011,1440
6/7/2011,1430
6/8/2011,1210
6/9/2011,1170
6/10/2011,1160
6/11/2011,1170
6/12/2011,1150
6/13/2011,1110
6/14/2011,1070
6/15/2011,1080
6/16/2011,1080
6/17/2011,1010
6/18/2011,932
6/19/2011,883
6/20/2011,845
6/21/2011,817
6/22/2011,819
6/23/2011,807
6/24/2011,749
6/25/2011,661
6/26/2011,610
6/27/2011,575
6/28/2011,549
6/29/2011,739
6/30/2011,894
7/1/2011,715
7/2/2011,604
7/3/2011,546
7/4/2011,505
7/5/2011,471
7/6/2011,438
7/7/2011,425
7/8/2011,389
7/9/2011,347
7/10/2011,316
7/11/2011,289
7/12/2011,266
7/13/2011,249
7/14/2011,234
7/15/2011,227
7/16/2011,215
7/17/2011,200
7/18/2011,189
7/19/2011,181
7/20/2011,172
7/21/2011,160
7/22/2011,150
7/23/2011,143
7/24/2011,136
7/25/2011,132
7/26/2011,125
7/27/2011,119
7/28/2011,113
7/29/2011,108
7/30/2011,102
7/31/2011,100
8/1/2011,98
8/2/2011,94
8/3/2011,90
8/4/2011,87
8/5/2011,87
8/6/2011,84
8/7/2011,83
8/8/2011,82
8/9/2011,80
8/10/2011,78
8/11/2011,74
8/12/2011,72
8/13/2011,71
8/14/2011,68
8/15/2011,64
8/16/2011,63
8/17/2011,61
8/18/2011,59
8/19/2011,57
8/20/2011,58
8/21/2011,58
8/22/2011,56
8/23/2011,52
8/24/2011,50
8/25/2011,48
8/26/2011,48
8/27/2011,48
8/28/2011,46
8/29/2011,44
8/30/2011,44
8/31/2011,43
9/1/2011,41
9/2/2011,40
9/3/2011,39
9/4/2011,39
9/5/2011,38
9/6/2011,39
9/7/2011,39
9/8/2011,38
9/9/2011,37
9/10/2011,36
9/11/2011,35
9/12/2011,34
9/13/2011,43
9/14/2011,42
9/15/2011,40
9/16/2011,42
9/17/2011,41
9/18/2011,38
9/19/2011,38
9/20/2011,37
9/21/2011,37
9/22/2011,34
9/23/2011,33
9/24/2011,33
9/25/2011,32
9/26/2011,32
9/27/2011,34
9/28/2011,33
9/29/2011,34
9/30/2011,32
10/1/2011,31
10/2/2011,30
10/3/2011,31
10/4/2011,32
10/5/2011,48
10/6/2011,107
10/7/2011,104
10/8/2011,79
10/9/2011,64
10/10/2011,66
10/11/2011,97
10/12/2011,138
10/13/2011,105
10/14/2011,80
10/15/2011,71
10/16/2011,64
10/17/2011,61
10/18/2011,57
10/19/2011,56
10/20/2011,54
10/21/2011,54
10/22/2011,54
10/23/2011,53
10/24/2011,54
10/25/2011,55
10/26/2011,53
10/27/2011,52
10/28/2011,52
10/29/2011,52
10/30/2011,51
10/31/2011,47
11/1/2011,50
11/2/2011,51
11/3/2011,50
11/4/2011,49
11/5/2011,54
11/6/2011,59
11/7/2011,61
11/8/2011,64
11/9/2011,59
11/10/2011,57
11/11/2011,55
11/12/2011,56
11/13/2011,59
11/14/2011,64
11/15/2011,60
11/16/2011,58
11/17/2011,56
11/18/2011,56
11/19/2011,59
11/20/2011,79
11/21/2011,79
11/22/2011,76
11/23/2011,68
11/24/2011,65
11/25/2011,64
11/26/2011,62
11/27/2011,61
11/28/2011,60
11/29/2011,59
11/30/2011,58
12/1/2011,56
12/2/2011,54
12/3/2011,52
12/4/2011,52
12/5/2011,52
12/6/2011,51
12/7/2011,52
12/8/2011,52
12/9/2011,54
12/10/2011,54
12/11/2011,53
12/12/2011,53
12/13/2011,54
12/14/2011,54
12/15/2011,53
12/16/2011,53
12/17/2011,56
12/18/2011,55
12/19/2011,54
12/20/2011,53
12/21/2011,53
12/22/2011,52
12/23/2011,51
12/24/2011,46
12/25/2011,52
12/26/2011,54
12/27/2011,54
12/28/2011,53
12/29/2011,53
12/30/2011,54
12/31/2011,54
1/1/2012,54
1/2/2012,53
1/3/2012,52
1/4/2012,52
1/5/2012,51
1/6/2012,50
1/7/2012,50
1/8/2012,50
1/9/2012,49
1/10/2012,49
1/11/2012,49
1/12/2012,49
1/13/2012,48
1/14/2012,49
1/15/2012,48
1/16/2012,47
1/17/2012,46
1/18/2012,46
1/19/2012,43
1/20/2012,60
1/21/2012,485
1/22/2012,550
1/23/2012,409
1/24/2012,557
1/25/2012,269
1/26/2012,187
1/27/2012,161
1/28/2012,150
1/29/2012,132
1/30/2012,121
1/31/2012,113
2/1/2012,109
2/2/2012,106
2/3/2012,103
2/4/2012,97
2/5/2012,93
2/6/2012,90
2/7/2012,89
2/8/2012,88
2/9/2012,88
2/10/2012,85
2/11/2012,83
2/12/2012,84
2/13/2012,107
2/14/2012,152
2/15/2012,128
2/16/2012,119
2/17/2012,108
2/18/2012,101
2/19/2012,97
2/20/2012,96
2/21/2012,94
2/22/2012,91
2/23/2012,90
2/24/2012,91
2/25/2012,91
2/26/2012,90
2/27/2012,88
2/28/2012,89
2/29/2012,105
3/1/2012,162
3/2/2012,204
3/3/2012,166
3/4/2012,143
3/5/2012,134
3/6/2012,132
3/7/2012,142
3/8/2012,131
3/9/2012,125
3/10/2012,122
3/11/2012,127
3/12/2012,128
3/13/2012,133
3/14/2012,497
3/15/2012,1280
3/16/2012,1590
3/17/2012,4940
3/18/2012,2570
3/19/2012,1570
3/20/2012,1030
3/21/2012,857
3/22/2012,781
3/23/2012,772
3/24/2012,729
3/25/2012,709
3/26/2012,697
3/27/2012,611
3/28/2012,1000
3/29/2012,1050
3/30/2012,808
3/31/2012,890
4/1/2012,1620
4/2/2012,1200
4/3/2012,949
4/4/2012,911
4/5/2012,847
4/6/2012,743
4/7/2012,662
4/8/2012,598
4/9/2012,549
4/10/2012,520
4/11/2012,583
4/12/2012,910
4/13/2012,3700
4/14/2012,2140
4/15/2012,1260
4/16/2012,975
4/17/2012,859
4/18/2012,853
4/19/2012,894
4/20/2012,945
4/21/2012,1000
4/22/2012,1020
4/23/2012,1040
4/24/2012,1120
4/25/2012,1100
4/26/2012,1640
4/27/2012,2160
4/28/2012,1540
4/29/2012,1320
4/30/2012,1130
5/1/2012,1010
5/2/2012,912
5/3/2012,810
5/4/2012,735
5/5/2012,655
5/6/2012,596
5/7/2012,543
5/8/2012,501
5/9/2012,468
5/10/2012,447
5/11/2012,411
5/12/2012,382
5/13/2012,367
5/14/2012,349
5/15/2012,334
5/16/2012,315
5/17/2012,295
5/18/2012,270
5/19/2012,246
5/20/2012,224
5/21/2012,206
5/22/2012,192
5/23/2012,177
5/24/2012,169
5/25/2012,160
5/26/2012,162
5/27/2012,171
5/28/2012,182
5/29/2012,166
5/30/2012,150
5/31/2012,136
6/1/2012,129
6/2/2012,122
6/3/2012,115
6/4/2012,111
6/5/2012,156
6/6/2012,182
6/7/2012,145
6/8/2012,127
6/9/2012,114
6/10/2012,107
6/11/2012,103
6/12/2012,96
6/13/2012,91
6/14/2012,88
6/15/2012,84
6/16/2012,79
6/17/2012,76
6/18/2012,74
6/19/2012,71
6/20/2012,68
6/21/2012,64
6/22/2012,63
6/23/2012,60
6/24/2012,60
6/25/2012,64
6/26/2012,65
6/27/2012,62
6/28/2012,59
6/29/2012,56
6/30/2012,53
7/1/2012,51
7/2/2012,50
7/3/2012,50
7/4/2012,51
7/5/2012,45
7/6/2012,43
7/7/2012,41
7/8/2012,38
7/9/2012,36
7/10/2012,35
7/11/2012,33
7/12/2012,32
7/13/2012,30
7/14/2012,28
7/15/2012,28
7/16/2012,27
7/17/2012,28
7/18/2012,27
7/19/2012,27
7/20/2012,26
7/21/2012,25
7/22/2012,24
7/23/2012,23
7/24/2012,24
7/25/2012,24
7/26/2012,23
7/27/2012,22
7/28/2012,20
7/29/2012,19
7/30/2012,19
7/31/2012,19
8/1/2012,18
8/2/2012,17
8/3/2012,18
8/4/2012,16
8/5/2012,16
8/6/2012,16
8/7/2012,16
8/8/2012,16
8/9/2012,15
8/10/2012,15
8/11/2012,14
8/12/2012,13
8/13/2012,13
8/14/2012,12
8/15/2012,12
8/16/2012,11
8/17/2012,10
8/18/2012,10
8/19/2012,10
8/20/2012,10
8/21/2012,10
8/22/2012,10
8/23/2012,10
8/24/2012,10
8/25/2012,9
8/26/2012,9
8/27/2012,9
8/28/2012,10
8/29/2012,10
8/30/2012,9
8/31/2012,10
9/1/2012,9
9/2/2012,10
9/3/2012,12
9/4/2012,12
9/5/2012,12
9/6/2012,12
9/7/2012,12
9/8/2012,13
9/9/2012,14
9/10/2012,14
9/11/2012,14
9/12/2012,13
9/13/2012,13
9/14/2012,12
9/15/2012,12
9/16/2012,11
9/17/2012,11
9/18/2012,11
9/19/2012,11
9/20/2012,10
9/21/2012,10
9/22/2012,10
9/23/2012,10
9/24/2012,10
9/25/2012,11
9/26/2012,11
9/27/2012,11
9/28/2012,11
9/29/2012,11
9/30/2012,11
10/1/2012,11
10/2/2012,10
10/3/2012,10
10/4/2012,10
10/5/2012,10
10/6/2012,10
10/7/2012,10
10/8/2012,11
10/9/2012,11
10/10/2012,12
10/11/2012,12
10/12/2012,13
10/13/2012,14
10/14/2012,15
10/15/2012,15
10/16/2012,16
10/17/2012,15
10/18/2012,16
10/19/2012,16
10/20/2012,16
10/21/2012,15
10/22/2012,18
10/23/2012,23
10/24/2012,52
10/25/2012,54
10/26/2012,40
10/27/2012,33
10/28/2012,28
10/29/2012,27
10/30/2012,27
10/31/2012,26
11/1/2012,28
11/2/2012,29
11/3/2012,34
11/4/2012,35
11/5/2012,31
11/6/2012,27
11/7/2012,24
11/8/2012,23
11/9/2012,24
11/10/2012,26
11/11/2012,33
11/12/2012,35
11/13/2012,32
11/14/2012,28
11/15/2012,27
11/16/2012,27
11/17/2012,32
11/18/2012,74
11/19/2012,237
11/20/2012,142
11/21/2012,95
11/22/2012,91
11/23/2012,107
11/24/2012,80
11/25/2012,64
11/26/2012,56
11/27/2012,50
11/28/2012,51
11/29/2012,65
11/30/2012,665
12/1/2012,1720
12/2/2012,3140
12/3/2012,2660
12/4/2012,1070
12/5/2012,1150
12/6/2012,1520
12/7/2012,981
12/8/2012,718
12/9/2012,566
12/10/2012,459
12/11/2012,387
12/12/2012,372
12/13/2012,410
12/14/2012,328
12/15/2012,289
12/16/2012,261
12/17/2012,313
12/18/2012,862
12/19/2012,661
12/20/2012,532
12/21/2012,465
12/22/2012,903
12/23/2012,1730
12/24/2012,1970
12/25/2012,1220
12/26/2012,2390
12/27/2012,1580
12/28/2012,949
12/29/2012,720
12/30/2012,592
12/31/2012,500
1/1/2013,433
1/2/2013,393
1/3/2013,360
1/4/2013,330
1/5/2013,308
1/6/2013,339
1/7/2013,326
1/8/2013,291
1/9/2013,276
1/10/2013,315
1/11/2013,309
1/12/2013,281
1/13/2013,256
1/14/2013,237
1/15/2013,239
1/16/2013,254
1/17/2013,239
1/18/2013,230
1/19/2013,225
1/20/2013,222
1/21/2013,219
1/22/2013,220
1/23/2013,224
1/24/2013,232
1/25/2013,281
1/26/2013,361
1/27/2013,391
1/28/2013,388
1/29/2013,364
1/30/2013,341
1/31/2013,322
2/1/2013,308
2/2/2013,297
2/3/2013,287
2/4/2013,276
2/5/2013,268
2/6/2013,263
2/7/2013,255
2/8/2013,257
2/9/2013,247
2/10/2013,233
2/11/2013,224
2/12/2013,215
2/13/2013,208
2/14/2013,202
2/15/2013,198
2/16/2013,193
2/17/2013,190
2/18/2013,187
2/19/2013,190
2/20/2013,218
2/21/2013,203
2/22/2013,192
2/23/2013,195
2/24/2013,198
2/25/2013,191
2/26/2013,185
2/27/2013,179
2/28/2013,175
3/1/2013,173
3/2/2013,175
3/3/2013,175
3/4/2013,215
3/5/2013,229
3/6/2013,255
3/7/2013,326
3/8/2013,283
3/9/2013,261
3/10/2013,251
3/11/2013,241
3/12/2013,244
3/13/2013,253
3/14/2013,273
3/15/2013,290
3/16/2013,297
3/17/2013,292
3/18/2013,282
3/19/2013,271
3/20/2013,309
3/21/2013,548
3/22/2013,502
3/23/2013,441
3/24/2013,391
3/25/2013,358
3/26/2013,348
3/27/2013,339
3/28/2013,323
3/29/2013,322
3/30/2013,326
3/31/2013,366
4/1/2013,459
4/2/2013,451
4/3/2013,406
4/4/2013,392
4/5/2013,442
4/6/2013,414
4/7/2013,376
4/8/2013,400
4/9/2013,458
4/10/2013,413
4/11/2013,376
4/12/2013,365
4/13/2013,349
4/14/2013,331
4/15/2013,316
4/16/2013,336
4/17/2013,315
4/18/2013,287
4/19/2013,259
4/20/2013,237
4/21/2013,232
4/22/2013,227
4/23/2013,220
4/24/2013,214
4/25/2013,202
4/26/2013,192
4/27/2013,186
4/28/2013,180
4/29/2013,175
4/30/2013,166
5/1/2013,157
5/2/2013,150
5/3/2013,133
5/4/2013,126
5/5/2013,121
5/6/2013,120
5/7/2013,130
5/8/2013,141
5/9/2013,156
5/10/2013,142
5/11/2013,130
5/12/2013,118
5/13/2013,109
5/14/2013,101
5/15/2013,94
5/16/2013,89
5/17/2013,91
5/18/2013,95
5/19/2013,87
5/20/2013,82
5/21/2013,78
5/22/2013,73
5/23/2013,69
5/24/2013,68
5/25/2013,64
5/26/2013,62
5/27/2013,62
5/28/2013,64
5/29/2013,75
5/30/2013,82
5/31/2013,69
6/1/2013,60
6/2/2013,54
6/3/2013,52
6/4/2013,48
6/5/2013,45
6/6/2013,43
6/7/2013,41
6/8/2013,38
6/9/2013,35
6/10/2013,33
6/11/2013,32
6/12/2013,32
6/13/2013,30
6/14/2013,30
6/15/2013,27
6/16/2013,27
6/17/2013,27
6/18/2013,25
6/19/2013,24
6/20/2013,23
6/21/2013,24
6/22/2013,23
6/23/2013,22
6/24/2013,22
6/25/2013,27
6/26/2013,55
6/27/2013,72
6/28/2013,50
6/29/2013,37
6/30/2013,30
7/1/2013,26
7/2/2013,24
7/3/2013,21
7/4/2013,20
7/5/2013,18
7/6/2013,17
7/7/2013,16
7/8/2013,16
7/9/2013,15
7/10/2013,14
7/11/2013,14
7/12/2013,13
7/13/2013,13
7/14/2013,12
7/15/2013,12
7/16/2013,12
7/17/2013,12
7/18/2013,11
7/19/2013,13
7/20/2013,12
7/21/2013,11
7/22/2013,11
7/23/2013,10
7/24/2013,9
7/25/2013,9
7/26/2013,9
7/27/2013,9
7/28/2013,9
7/29/2013,9
7/30/2013,8
7/31/2013,8
8/1/2013,7
8/2/2013,7
8/3/2013,7
8/4/2013,6
8/5/2013,7
8/6/2013,7
8/7/2013,7
8/8/2013,7
8/9/2013,7
8/10/2013,7
8/11/2013,7
8/12/2013,7
8/13/2013,7
8/14/2013,7
8/15/2013,6
8/16/2013,7
8/17/2013,7
8/18/2013,6
8/19/2013,6
8/20/2013,5
8/21/2013,5
8/22/2013,4
8/23/2013,4
8/24/2013,5
8/25/2013,5
8/26/2013,5
8/27/2013,5
8/28/2013,5
8/29/2013,4
8/30/2013,5
8/31/2013,4
9/1/2013,4
9/2/2013,5
9/3/2013,5
9/4/2013,4
9/5/2013,5
9/6/2013,5
9/7/2013,4
9/8/2013,4
9/9/2013,5
9/10/2013,5
9/11/2013,4
9/12/2013,4
9/13/2013,5
9/14/2013,4
9/15/2013,4
9/16/2013,5
9/17/2013,5
9/18/2013,5
9/19/2013,5
9/20/2013,4
9/21/2013,5
9/22/2013,6
9/23/2013,24
9/24/2013,36
9/25/2013,25
9/26/2013,19
9/27/2013,16
9/28/2013,15
9/29/2013,14
9/30/2013,14
10/1/2013,15
10/2/2013,15
10/3/2013,14
10/4/2013,14
10/5/2013,15
10/6/2013,14
10/7/2013,14
10/8/2013,14
10/9/2013,14
10/10/2013,14
10/11/2013,14
10/12/2013,14
10/13/2013,14
10/14/2013,15
10/15/2013,15
10/16/2013,15
10/17/2013,15
10/18/2013,15
10/19/2013,16
10/20/2013,16
10/21/2013,16
10/22/2013,16
10/23/2013,16
10/24/2013,16
10/25/2013,16
10/26/2013,16
10/27/2013,16
10/28/2013,16
10/29/2013,16
10/30/2013,17
10/31/2013,23
11/1/2013,24
11/2/2013,22
11/3/2013,22
11/4/2013,21
11/5/2013,20
11/6/2013,20
11/7/2013,20
11/8/2013,19
11/9/2013,19
11/10/2013,19
11/11/2013,19
11/12/2013,18
11/13/2013,18
11/14/2013,18
11/15/2013,18
11/16/2013,18
11/17/2013,18
11/18/2013,18
11/19/2013,18
11/20/2013,22
11/21/2013,30
11/22/2013,57
11/23/2013,42
11/24/2013,31
11/25/2013,26
11/26/2013,23
11/27/2013,22
11/28/2013,22
11/29/2013,21
11/30/2013,21
12/1/2013,21
12/2/2013,21
12/3/2013,21
12/4/2013,21
12/5/2013,21
12/6/2013,22
12/7/2013,26
12/8/2013,25
12/9/2013,26
12/10/2013,24
12/11/2013,24
12/12/2013,25
12/13/2013,25
12/14/2013,25
12/15/2013,25
12/16/2013,24
12/17/2013,25
12/18/2013,25
12/19/2013,26
12/20/2013,27
12/21/2013,28
12/22/2013,27
12/23/2013,26
12/24/2013,25
12/25/2013,24
12/26/2013,24
12/27/2013,24
12/28/2013,24
12/29/2013,24
12/30/2013,24
12/31/2013,24
1/1/2014,24
1/2/2014,24
1/3/2014,24
1/4/2014,24
1/5/2014,24
1/6/2014,24
1/7/2014,23
1/8/2014,23
1/9/2014,24
1/10/2014,24
1/11/2014,24
1/12/2014,24
1/13/2014,24
1/14/2014,25
1/15/2014,26
1/16/2014,25
1/17/2014,24
1/18/2014,23
1/19/2014,23
1/20/2014,23
1/21/2014,23
1/22/2014,21
1/23/2014,20
1/24/2014,21
1/25/2014,21
1/26/2014,21
1/27/2014,21
1/28/2014,22
1/29/2014,23
1/30/2014,22
1/31/2014,39
2/1/2014,77
2/2/2014,50
2/3/2014,38
2/4/2014,32
2/5/2014,29
2/6/2014,28
2/7/2014,31
2/8/2014,47
2/9/2014,2040
2/10/2014,2520
2/11/2014,968
2/12/2014,436
2/13/2014,274
2/14/2014,203
2/15/2014,160
2/16/2014,147
2/17/2014,145
2/18/2014,125
2/19/2014,110
2/20/2014,100
2/21/2014,95
2/22/2014,85
2/23/2014,81
2/24/2014,77
2/25/2014,73
2/26/2014,69
2/27/2014,121
2/28/2014,763
3/1/2014,1020
3/2/2014,503
3/3/2014,377
3/4/2014,651
3/5/2014,582
3/6/2014,1100
3/7/2014,958
3/8/2014,630
3/9/2014,481
3/10/2014,417
3/11/2014,380
3/12/2014,304
3/13/2014,255
3/14/2014,225
3/15/2014,201
3/16/2014,182
3/17/2014,167
3/18/2014,157
3/19/2014,147
3/20/2014,135
3/21/2014,127
3/22/2014,119
3/23/2014,114
3/24/2014,109
3/25/2014,105
3/26/2014,115
3/27/2014,175
3/28/2014,170
3/29/2014,170
3/30/2014,543
3/31/2014,435
4/1/2014,627
4/2/2014,667
4/3/2014,463
4/4/2014,359
4/5/2014,316
4/6/2014,278
4/7/2014,264
4/8/2014,273
4/9/2014,286
4/10/2014,294
4/11/2014,288
4/12/2014,278
4/13/2014,264
4/14/2014,242
4/15/2014,219
4/16/2014,204
4/17/2014,190
4/18/2014,174
4/19/2014,168
4/20/2014,159
4/21/2014,148
4/22/2014,139
4/23/2014,137
4/24/2014,132
4/25/2014,149
4/26/2014,361
4/27/2014,243
4/28/2014,197
4/29/2014,176
4/30/2014,168
5/1/2014,165
5/2/2014,153
5/3/2014,142
5/4/2014,133
5/5/2014,127
5/6/2014,128
5/7/2014,127
5/8/2014,130
5/9/2014,123
5/10/2014,122
5/11/2014,117
5/12/2014,107
5/13/2014,98
5/14/2014,90
5/15/2014,82
5/16/2014,79
5/17/2014,75
5/18/2014,69
5/19/2014,65
5/20/2014,63
5/21/2014,61
5/22/2014,70
5/23/2014,71
5/24/2014,55
5/25/2014,47
5/26/2014,46
5/27/2014,42
5/28/2014,38
5/29/2014,36
5/30/2014,36
5/31/2014,37
6/1/2014,32
6/2/2014,26
6/3/2014,27
6/4/2014,26
6/5/2014,25
6/6/2014,26
6/7/2014,26
6/8/2014,19
6/9/2014,19
6/10/2014,19
6/11/2014,18
6/12/2014,16
6/13/2014,15
6/14/2014,14
6/15/2014,14
6/16/2014,14
6/17/2014,14
6/18/2014,14
6/19/2014,14
6/20/2014,15
6/21/2014,14
6/22/2014,13
6/23/2014,12
6/24/2014,12
6/25/2014,11
6/26/2014,10
6/27/2014,10
6/28/2014,9
6/29/2014,8
6/30/2014,8
7/1/2014,8
7/2/2014,8
7/3/2014,6
7/4/2014,6
7/5/2014,4
7/6/2014,4
7/7/2014,4
7/8/2014,4
7/9/2014,3
7/10/2014,2
7/11/2014,3
7/12/2014,2
7/13/2014,2
7/14/2014,2
7/15/2014,2
7/16/2014,1
7/17/2014,2
7/18/2014,1
7/19/2014,1
7/20/2014,0
7/21/2014,1
7/22/2014,1
7/23/2014,0
7/24/2014,0
7/25/2014,0
7/26/2014,0
7/27/2014,0
7/28/2014,0
7/29/2014,0
7/30/2014,0
7/31/2014,0
8/1/2014,0
8/2/2014,0
8/3/2014,0
8/4/2014,0
8/5/2014,0
8/6/2014,0
8/7/2014,0
8/8/2014,0
8/9/2014,0
8/10/2014,0
8/11/2014,0
8/12/2014,0
8/13/2014,0
8/14/2014,0
8/15/2014,0
8/16/2014,0
8/17/2014,0
8/18/2014,0
8/19/2014,0
8/20/2014,0
8/21/2014,0
8/22/2014,0
8/23/2014,0
8/24/2014,0
8/25/2014,0
8/26/2014,0
8/27/2014,0
8/28/2014,0
8/29/2014,0
8/30/2014,0
8/31/2014,0
9/1/2014,0
9/2/2014,0
9/3/2014,0
9/4/2014,0
9/5/2014,0
9/6/2014,0
9/7/2014,0
9/8/2014,0
9/9/2014,0
9/10/2014,0
9/11/2014,0
9/12/2014,0
9/13/2014,0
9/14/2014,0
9/15/2014,0
9/16/2014,0
9/17/2014,0
9/18/2014,0
9/19/2014,0
9/20/2014,0
9/21/2014,0
9/22/2014,0
9/23/2014,0
9/24/2014,0
9/25/2014,0
9/26/2014,0
9/27/2014,0
9/28/2014,0
9/29/2014,0
9/30/2014,0
10/1/2014,0
10/2/2014,0
10/3/2014,0
10/4/2014,0
10/5/2014,0
10/6/2014,0
10/7/2014,0
10/8/2014,0
10/9/2014,0
10/10/2014,0
10/11/2014,0
10/12/2014,4
10/13/2014,3
10/14/2014,2
10/15/2014,3
10/16/2014,3
10/17/2014,3
10/18/2014,4
10/19/2014,4
10/20/2014,4
10/21/2014,5
10/22/2014,6
10/23/2014,6
10/24/2014,7
10/25/2014,8
10/26/2014,8
10/27/2014,11
10/28/2014,12
10/29/2014,14
10/30/2014,13
10/31/2014,12
11/1/2014,16
11/2/2014,18
11/3/2014,28
11/4/2014,24
11/5/2014,20
11/6/2014,17
11/7/2014,15
11/8/2014,14
11/9/2014,13
11/10/2014,13
11/11/2014,12
11/12/2014,12
11/13/2014,12
11/14/2014,13
11/15/2014,14
11/16/2014,14
11/17/2014,16
11/18/2014,16
11/19/2014,15
11/20/2014,15
11/21/2014,16
11/22/2014,19
11/23/2014,31
11/24/2014,58
11/25/2014,46
11/26/2014,32
11/27/2014,26
11/28/2014,22
11/29/2014,21
11/30/2014,21
12/1/2014,22
12/2/2014,28
12/3/2014,42
12/4/2014,127
12/5/2014,208
12/6/2014,122
12/7/2014,79
12/8/2014,60
12/9/2014,48
12/10/2014,41
12/11/2014,115
12/12/2014,1600
12/13/2014,562
12/14/2014,234
12/15/2014,235
12/16/2014,164
12/17/2014,327
12/18/2014,217
12/19/2014,328
12/20/2014,506
12/21/2014,426
12/22/2014,314
12/23/2014,243
12/24/2014,191
12/25/2014,199
12/26/2014,206
12/27/2014,159
12/28/2014,134
12/29/2014,119
12/30/2014,108
12/31/2014,97
1/1/2015,86
1/2/2015,80
1/3/2015,80
1/4/2015,76
1/5/2015,73
1/6/2015,70
1/7/2015,68
1/8/2015,66
1/9/2015,64
1/10/2015,63
1/11/2015,62
1/12/2015,60
1/13/2015,58
1/14/2015,56
1/15/2015,55
1/16/2015,54
1/17/2015,52
1/18/2015,52
1/19/2015,51
1/20/2015,50
1/21/2015,50
1/22/2015,50
1/23/2015,49
1/24/2015,47
1/25/2015,46
1/26/2015,45
1/27/2015,45
1/28/2015,44
1/29/2015,44
1/30/2015,45
1/31/2015,44
2/1/2015,43
2/2/2015,42
2/3/2015,41
2/4/2015,40
2/5/2015,40
2/6/2015,44
2/7/2015,901
2/8/2015,3300
2/9/2015,4960
2/10/2015,1900
2/11/2015,1120
2/12/2015,785
2/13/2015,602
2/14/2015,482
2/15/2015,401
2/16/2015,342
2/17/2015,295
2/18/2015,261
2/19/2015,235
2/20/2015,216
2/21/2015,198
2/22/2015,183
2/23/2015,167
2/24/2015,152
2/25/2015,141
2/26/2015,136
2/27/2015,131
2/28/2015,133
3/1/2015,151
3/2/2015,135
3/3/2015,136
3/4/2015,128
3/5/2015,117
3/6/2015,111
3/7/2015,107
3/8/2015,103
3/9/2015,99
3/10/2015,96
3/11/2015,94
3/12/2015,94
3/13/2015,99
3/14/2015,93
3/15/2015,86
3/16/2015,82
3/17/2015,79
3/18/2015,76
3/19/2015,74
3/20/2015,71
3/21/2015,68
3/22/2015,66
3/23/2015,65
3/24/2015,70
3/25/2015,79
3/26/2015,70
3/27/2015,66
3/28/2015,61
3/29/2015,57
3/30/2015,56
3/31/2015,53
4/1/2015,50
4/2/2015,48
4/3/2015,47
4/4/2015,46
4/5/2015,45
4/6/2015,46
4/7/2015,62
4/8/2015,94
4/9/2015,102
4/10/2015,85
4/11/2015,74
4/12/2015,68
4/13/2015,66
4/14/2015,62
4/15/2015,59
4/16/2015,57
4/17/2015,54
4/18/2015,50
4/19/2015,47
4/20/2015,45
4/21/2015,44
4/22/2015,42
4/23/2015,41
4/24/2015,40
4/25/2015,90
4/26/2015,203
4/27/2015,142
4/28/2015,107
4/29/2015,96
4/30/2015,86
5/1/2015,84
5/2/2015,79
5/3/2015,66
5/4/2015,57
5/5/2015,52
5/6/2015,49
5/7/2015,46
5/8/2015,46
5/9/2015,58
5/10/2015,57
5/11/2015,56
5/12/2015,50
5/13/2015,44
5/14/2015,60
5/15/2015,53
5/16/2015,50
5/17/2015,49
5/18/2015,48
5/19/2015,49
5/20/2015,49
5/21/2015,49
5/22/2015,47
5/23/2015,46
5/24/2015,48
5/25/2015,56
5/26/2015,54
5/27/2015,46
5/28/2015,42
5/29/2015,39
5/30/2015,35
5/31/2015,32
6/1/2015,30
6/2/2015,28
6/3/2015,26
6/4/2015,24
6/5/2015,24
6/6/2015,22
6/7/2015,24
6/8/2015,30
6/9/2015,27
6/10/2015,24
6/11/2015,22
6/12/2015,22
6/13/2015,22
6/14/2015,20
6/15/2015,18
6/16/2015,17
6/17/2015,15
6/18/2015,13
6/19/2015,12
6/20/2015,11
6/21/2015,10
6/22/2015,9
6/23/2015,9
6/24/2015,8
6/25/2015,7
6/26/2015,7
6/27/2015,7
6/28/2015,6
6/29/2015,5
6/30/2015,5
7/1/2015,5
7/2/2015,4
7/3/2015,4
7/4/2015,4
7/5/2015,3
7/6/2015,4
7/7/2015,3
7/8/2015,3
7/9/2015,3
7/10/2015,3
7/11/2015,3
7/12/2015,3
7/13/2015,3
7/14/2015,3
7/15/2015,3
7/16/2015,3
7/17/2015,4
7/18/2015,3
7/19/2015,3
7/20/2015,3
7/21/2015,3
7/22/2015,2
7/23/2015,2
7/24/2015,2
7/25/2015,1
7/26/2015,2
7/27/2015,2
7/28/2015,1
7/29/2015,1
7/30/2015,1
7/31/2015,0
8/1/2015,0
8/2/2015,0
8/3/2015,0
8/4/2015,0
8/5/2015,0
8/6/2015,0
8/7/2015,0
8/8/2015,0
8/9/2015,0
8/10/2015,0
8/11/2015,0
8/12/2015,0
8/13/2015,0
8/14/2015,0
8/15/2015,0
8/16/2015,0
8/17/2015,0
8/18/2015,0
8/19/2015,0
8/20/2015,0
8/21/2015,0
8/22/2015,0
8/23/2015,0
8/24/2015,0
8/25/2015,0
8/26/2015,0
8/27/2015,0
8/28/2015,0
8/29/2015,0
8/30/2015,0
8/31/2015,0
9/1/2015,0
9/2/2015,0
9/3/2015,0
9/4/2015,0
9/5/2015,0
9/6/2015,0
9/7/2015,0
9/8/2015,0
9/9/2015,0
9/10/2015,0
9/11/2015,0
9/12/2015,0
9/13/2015,0
9/14/2015,0
9/15/2015,0
9/16/2015,0
9/17/2015,0
9/18/2015,0
9/19/2015,0
9/20/2015,0
9/21/2015,0
9/22/2015,0
9/23/2015,0
9/24/2015,0
9/25/2015,0
9/26/2015,0
9/27/2015,0
9/28/2015,0
9/29/2015,0
9/30/2015,0
10/1/2015,0
10/2/2015,0
10/3/2015,0
10/4/2015,0
10/5/2015,0
10/6/2015,0
10/7/2015,0
10/8/2015,0
10/9/2015,0
10/10/2015,0
10/11/2015,0
10/12/2015,0
10/13/2015,0
10/14/2015,0
10/15/2015,0
10/16/2015,0
10/17/2015,0
10/18/2015,0
10/19/2015,0
10/20/2015,0
10/21/2015,0
10/22/2015,7
10/23/2015,11
10/24/2015,10
10/25/2015,9
10/26/2015,9
10/27/2015,8
10/28/2015,8
10/29/2015,8
10/30/2015,8
10/31/2015,8
11/1/2015,8
11/2/2015,10
11/3/2015,14
11/4/2015,37
11/5/2015,42
11/6/2015,28
11/7/2015,22
11/8/2015,19
11/9/2015,20
11/10/2015,23
11/11/2015,48
11/12/2015,40
11/13/2015,29
11/14/2015,24
11/15/2015,22
11/16/2015,22
11/17/2015,35
11/18/2015,38
11/19/2015,29
11/20/2015,25
11/21/2015,23
11/22/2015,22
11/23/2015,21
11/24/2015,22
11/25/2015,23
11/26/2015,26
11/27/2015,34
11/28/2015,30
11/29/2015,25
11/30/2015,23
12/1/2015,21
12/2/2015,20
12/3/2015,22
12/4/2015,24
12/5/2015,25
12/6/2015,28
12/7/2015,28
12/8/2015,25
12/9/2015,24
12/10/2015,24
12/11/2015,32
12/12/2015,119
12/13/2015,85
12/14/2015,75
12/15/2015,97
12/16/2015,68
12/17/2015,49
12/18/2015,43
12/19/2015,47
12/20/2015,45
12/21/2015,65
12/22/2015,2920
12/23/2015,1580
12/24/2015,706
12/25/2015,575
12/26/2015,353
12/27/2015,254
12/28/2015,213
12/29/2015,184
12/30/2015,154
12/31/2015,135
1/1/2016,119
1/2/2016,108
1/3/2016,109
1/4/2016,108
1/5/2016,148
1/6/2016,688
1/7/2016,550
1/8/2016,371
1/9/2016,269
1/10/2016,223
1/11/2016,198
1/12/2016,172
1/13/2016,165
1/14/2016,208
1/15/2016,375
1/16/2016,534
1/17/2016,460
1/18/2016,1100
1/19/2016,1180
1/20/2016,1160
1/21/2016,818
1/22/2016,672
1/23/2016,1800
1/24/2016,1770
1/25/2016,1150
1/26/2016,855
1/27/2016,686
1/28/2016,573
1/29/2016,530
1/30/2016,4160
1/31/2016,2650
2/1/2016,1780
2/2/2016,1280
2/3/2016,1030
2/4/2016,853
2/5/2016,728
2/6/2016,635
2/7/2016,566
2/8/2016,518
2/9/2016,500
2/10/2016,494
2/11/2016,492
2/12/2016,490
2/13/2016,485
2/14/2016,471
2/15/2016,462
2/16/2016,463
2/17/2016,470
2/18/2016,902
2/19/2016,857
2/20/2016,656
2/21/2016,579
2/22/2016,521
2/23/2016,480
2/24/2016,452
2/25/2016,436
2/26/2016,427
2/27/2016,421
2/28/2016,412
2/29/2016,395
3/1/2016,378
3/2/2016,365
3/3/2016,359
3/4/2016,380
3/5/2016,879
3/6/2016,5790
3/7/2016,6730
3/8/2016,3190
3/9/2016,2090
3/10/2016,2000
3/11/2016,2440
3/12/2016,3300
3/13/2016,4800
3/14/2016,7150
3/15/2016,4680
3/16/2016,3240
3/17/2016,2480
3/18/2016,2080
3/19/2016,1800
3/20/2016,1530
3/21/2016,1780
3/22/2016,2430
3/23/2016,1950
3/24/2016,1690
3/25/2016,1520
3/26/2016,1370
3/27/2016,1240
3/28/2016,1150
3/29/2016,1080
3/30/2016,970
3/31/2016,876
4/1/2016,818
4/2/2016,796
4/3/2016,757
4/4/2016,710
4/5/2016,680
4/6/2016,660
4/7/2016,654
4/8/2016,661
4/9/2016,741
4/10/2016,1060
4/11/2016,925
4/12/2016,807
4/13/2016,739
4/14/2016,713
4/15/2016,667
4/16/2016,590
4/17/2016,532
4/18/2016,497
4/19/2016,479
4/20/2016,479
4/21/2016,482
4/22/2016,520
4/23/2016,887
4/24/2016,709
4/25/2016,624
4/26/2016,552
4/27/2016,535
4/28/2016,530
4/29/2016,456
4/30/2016,443
5/1/2016,421
5/2/2016,401
5/3/2016,378
5/4/2016,364
5/5/2016,360
5/6/2016,381
5/7/2016,427
5/8/2016,430
5/9/2016,405
5/10/2016,389
5/11/2016,372
5/12/2016,355
5/13/2016,347
5/14/2016,345
5/15/2016,336
5/16/2016,310
5/17/2016,282
5/18/2016,262
5/19/2016,247
5/20/2016,236
5/21/2016,223
5/22/2016,216
5/23/2016,212
5/24/2016,202
5/25/2016,207
5/26/2016,202
5/27/2016,187
5/28/2016,177
5/29/2016,166
5/30/2016,156
5/31/2016,149
6/1/2016,141
6/2/2016,132
6/3/2016,127
6/4/2016,115
6/5/2016,112
6/6/2016,109
6/7/2016,103
6/8/2016,97
6/9/2016,92
6/10/2016,88
6/11/2016,83
6/12/2016,80
6/13/2016,77
6/14/2016,89
6/15/2016,82
6/16/2016,74
6/17/2016,73
6/18/2016,72
6/19/2016,70
6/20/2016,68
6/21/2016,64
6/22/2016,58
6/23/2016,53
6/24/2016,50
6/25/2016,47
6/26/2016,44
6/27/2016,43
6/28/2016,41
6/29/2016,38
6/30/2016,35
7/1/2016,34
7/2/2016,31
7/3/2016,30
7/4/2016,30
7/5/2016,29
7/6/2016,27
7/7/2016,27
7/8/2016,26
7/9/2016,25
7/10/2016,24
7/11/2016,24
7/12/2016,24
7/13/2016,24
7/14/2016,22
7/15/2016,22
7/16/2016,20
7/17/2016,19
7/18/2016,18
7/19/2016,18
7/20/2016,18
7/21/2016,17
7/22/2016,17
7/23/2016,16
7/24/2016,16
7/25/2016,15
7/26/2016,15
7/27/2016,14
7/28/2016,13
7/29/2016,13
7/30/2016,12
7/31/2016,11
8/1/2016,11
8/2/2016,11
8/3/2016,10
8/4/2016,9
8/5/2016,9
8/6/2016,9
8/7/2016,8
8/8/2016,9
8/9/2016,9
8/10/2016,9
8/11/2016,8
8/12/2016,8
8/13/2016,8
8/14/2016,8
8/15/2016,7
8/16/2016,7
8/17/2016,7
8/18/2016,6
8/19/2016,5
8/20/2016,5
8/21/2016,5
8/22/2016,5
8/23/2016,5
8/24/2016,5
8/25/2016,5
8/26/2016,5
8/27/2016,6
8/28/2016,6
8/29/2016,6
8/30/2016,6
8/31/2016,5
9/1/2016,5
9/2/2016,5
9/3/2016,5
9/4/2016,4
9/5/2016,5
9/6/2016,5
9/7/2016,5
9/8/2016,4
9/9/2016,5
9/10/2016,5
9/11/2016,5
9/12/2016,5
9/13/2016,5
9/14/2016,5
9/15/2016,4
9/16/2016,5
9/17/2016,5
9/18/2016,5
9/19/2016,6
9/20/2016,6
9/21/2016,5
9/22/2016,5
9/23/2016,5
9/24/2016,4
9/25/2016,5
9/26/2016,6
9/27/2016,6
9/28/2016,6
9/29/2016,6
9/30/2016,6
10/1/2016,5
10/2/2016,5
10/3/2016,5
10/4/2016,6
10/5/2016,8
10/6/2016,8
10/7/2016,11
10/8/2016,11
10/9/2016,10
10/10/2016,10
10/11/2016,9
10/12/2016,9
10/13/2016,9
10/14/2016,13
10/15/2016,20
10/16/2016,110
10/17/2016,620
10/18/2016,321
10/19/2016,147
10/20/2016,92
10/21/2016,66
10/22/2016,52
10/23/2016,45
10/24/2016,41
10/25/2016,40
10/26/2016,39
10/27/2016,40
10/28/2016,139
10/29/2016,438
10/30/2016,329
10/31/2016,608
11/1/2016,451
11/2/2016,329
11/3/2016,230
11/4/2016,181
11/5/2016,151
11/6/2016,131
11/7/2016,117
11/8/2016,106
11/9/2016,98
11/10/2016,90
11/11/2016,83
11/12/2016,79
11/13/2016,74
11/14/2016,69
11/15/2016,66
11/16/2016,65
11/17/2016,70
11/18/2016,71
11/19/2016,67
11/20/2016,236
11/21/2016,296
11/22/2016,220
11/23/2016,174
11/24/2016,177
11/25/2016,147
11/26/2016,174
11/27/2016,825
11/28/2016,536
11/29/2016,340
11/30/2016,254
12/1/2016,201
12/2/2016,171
12/3/2016,150
12/4/2016,136
12/5/2016,129
12/6/2016,125
12/7/2016,119
12/8/2016,124
12/9/2016,148
12/10/2016,1790
12/11/2016,4570
12/12/2016,1700
12/13/2016,1100
12/14/2016,841
12/15/2016,1200
12/16/2016,6600
12/17/2016,2660
12/18/2016,1660
12/19/2016,1230
12/20/2016,976
12/21/2016,811
12/22/2016,694
12/23/2016,668
12/24/2016,795
12/25/2016,618
12/26/2016,526
12/27/2016,470
12/28/2016,437
12/29/2016,408
12/30/2016,381
12/31/2016,365
1/1/2017,345
1/2/2017,341
1/3/2017,550
1/4/2017,4090
1/5/2017,7260
1/6/2017,3720
1/7/2017,2570
1/8/2017,8900
1/9/2017,20400
1/10/2017,18100
1/11/2017,19700
1/12/2017,8680
1/13/2017,5440
1/14/2017,3850
1/15/2017,3020
1/16/2017,2490
1/17/2017,2100
1/18/2017,2070
1/19/2017,4680
1/20/2017,6420
1/21/2017,5440
1/22/2017,5890
1/23/2017,7770
1/24/2017,4300
1/25/2017,2970
1/26/2017,2400
1/27/2017,2040
1/28/2017,1800
1/29/2017,1630
1/30/2017,1510
1/31/2017,1420
2/1/2017,1350
2/2/2017,1330
2/3/2017,1810
2/4/2017,3480
2/5/2017,3250
2/6/2017,5210
2/7/2017,15700
2/8/2017,19900
2/9/2017,17200
2/10/2017,36400
2/11/2017,14000
2/12/2017,8030
2/13/2017,5790
2/14/2017,4540
2/15/2017,3750
2/16/2017,3450
2/17/2017,3350
2/18/2017,3420
2/19/2017,3100
2/20/2017,8540
2/21/2017,18900
2/22/2017,10300
2/23/2017,6590
2/24/2017,4960
2/25/2017,4030
2/26/2017,3420
2/27/2017,3110
2/28/2017,2710
3/1/2017,2380
3/2/2017,2170
3/3/2017,2010
3/4/2017,1880
3/5/2017,2720
3/6/2017,2290
3/7/2017,1960
3/8/2017,1820
3/9/2017,1740
3/10/2017,1680
3/11/2017,1660
3/12/2017,1640
3/13/2017,1630
3/14/2017,1650
3/15/2017,1680
3/16/2017,1730
3/17/2017,1750
3/18/2017,1750
3/19/2017,1740
3/20/2017,1720
3/21/2017,2580
3/22/2017,4300
3/23/2017,3220
3/24/2017,2660
3/25/2017,2630
3/26/2017,2360
3/27/2017,2400
3/28/2017,2130
3/29/2017,1940
3/30/2017,1970
3/31/2017,2020
4/1/2017,1820
4/2/2017,1720
4/3/2017,1680
4/4/2017,1590
4/5/2017,1510
4/6/2017,1510
4/7/2017,2870
4/8/2017,3720
4/9/2017,2840
4/10/2017,2370
4/11/2017,2100
4/12/2017,1950
4/13/2017,3160
4/14/2017,3160
4/15/2017,2690
4/16/2017,2450
4/17/2017,2800
4/18/2017,4230
4/19/2017,3730
4/20/2017,3110
4/21/2017,2710
4/22/2017,2440
4/23/2017,2260
4/24/2017,2130
4/25/2017,1960
4/26/2017,1810
4/27/2017,1800
4/28/2017,1670
4/29/2017,1540
4/30/2017,1450
5/1/2017,1420
5/2/2017,1420
5/3/2017,1460
5/4/2017,1510
5/5/2017,1570
5/6/2017,1530
5/7/2017,1370
5/8/2017,1270
5/9/2017,1200
5/10/2017,1150
5/11/2017,1140
5/12/2017,1150
5/13/2017,1080
5/14/2017,985
5/15/2017,886
5/16/2017,814
5/17/2017,817
5/18/2017,793
5/19/2017,754
5/20/2017,731
5/21/2017,739
5/22/2017,739
5/23/2017,747
5/24/2017,784
5/25/2017,783
5/26/2017,756
5/27/2017,714
5/28/2017,686
5/29/2017,651
5/30/2017,617
5/31/2017,618
6/1/2017,595
6/2/2017,573
6/3/2017,547
6/4/2017,532
6/5/2017,518
6/6/2017,485
6/7/2017,447
6/8/2017,427
6/9/2017,437
6/10/2017,480
6/11/2017,443
6/12/2017,438
6/13/2017,407
6/14/2017,366
6/15/2017,335
6/16/2017,315
6/17/2017,306
6/18/2017,302
6/19/2017,297
6/20/2017,279
6/21/2017,258
6/22/2017,239
6/23/2017,222
6/24/2017,207
6/25/2017,194
6/26/2017,179
6/27/2017,170
6/28/2017,161
6/29/2017,153
6/30/2017,145
7/1/2017,137
7/2/2017,133
7/3/2017,128
7/4/2017,123
7/5/2017,117
7/6/2017,112
7/7/2017,108
7/8/2017,103
7/9/2017,99
7/10/2017,94
7/11/2017,91
7/12/2017,87
7/13/2017,84
7/14/2017,82
7/15/2017,80
7/16/2017,78
7/17/2017,76
7/18/2017,73
7/19/2017,69
7/20/2017,67
7/21/2017,68
7/22/2017,67
7/23/2017,64
7/24/2017,62
7/25/2017,60
7/26/2017,58
7/27/2017,56
7/28/2017,56
7/29/2017,54
7/30/2017,53
7/31/2017,52
8/1/2017,50
8/2/2017,50
8/3/2017,49
8/4/2017,48
8/5/2017,48
8/6/2017,48
8/7/2017,48
8/8/2017,48
8/9/2017,47
8/10/2017,47
8/11/2017,47
8/12/2017,46
8/13/2017,46
8/14/2017,45
8/15/2017,45
8/16/2017,45
8/17/2017,45
8/18/2017,45
8/19/2017,44
8/20/2017,44
8/21/2017,44
8/22/2017,43
8/23/2017,43
8/24/2017,43
8/25/2017,43
8/26/2017,43
8/27/2017,43
8/28/2017,42
8/29/2017,43
8/30/2017,42
8/31/2017,42
9/1/2017,42
9/2/2017,42
9/3/2017,42
9/4/2017,42
9/5/2017,41
9/6/2017,41
9/7/2017,41
9/8/2017,41
9/9/2017,41
9/10/2017,41
9/11/2017,41
9/12/2017,40
9/13/2017,40
9/14/2017,41
9/15/2017,41
9/16/2017,41
9/17/2017,41
9/18/2017,41
9/19/2017,41
9/20/2017,41
9/21/2017,41
9/22/2017,39
9/23/2017,38
9/24/2017,38
9/25/2017,38
9/26/2017,38
9/27/2017,38
9/28/2017,37
9/29/2017,37
9/30/2017,37
10/1/2017,37
10/2/2017,37
10/3/2017,37
10/4/2017,37
10/5/2017,37
10/6/2017,37
10/7/2017,37
10/8/2017,37
10/9/2017,37
10/10/2017,37
10/11/2017,38
10/12/2017,38
10/13/2017,38
10/14/2017,38
10/15/2017,38
10/16/2017,38
10/17/2017,38
10/18/2017,38
10/19/2017,38
10/20/2017,38
10/21/2017,38
10/22/2017,43
10/23/2017,43
10/24/2017,44
10/25/2017,41
10/26/2017,40
10/27/2017,38
10/28/2017,36
10/29/2017,36
10/30/2017,36
10/31/2017,36
11/1/2017,36
11/2/2017,37
11/3/2017,39
11/4/2017,40
11/5/2017,50
11/6/2017,54
11/7/2017,51
11/8/2017,47
11/9/2017,50
11/10/2017,66
11/11/2017,94
11/12/2017,69
11/13/2017,57
11/14/2017,57
11/15/2017,73
11/16/2017,264
11/17/2017,1090
11/18/2017,432
11/19/2017,205
11/20/2017,139
11/21/2017,113
11/22/2017,106
11/23/2017,97
11/24/2017,88
11/25/2017,82
11/26/2017,88
11/27/2017,461
11/28/2017,460
11/29/2017,236
11/30/2017,175
12/1/2017,146
12/2/2017,129
12/3/2017,121
12/4/2017,129
12/5/2017,115
12/6/2017,104
12/7/2017,98
12/8/2017,94
12/9/2017,90
12/10/2017,88
12/11/2017,85
12/12/2017,83
12/13/2017,81
12/14/2017,79
12/15/2017,78
12/16/2017,76
12/17/2017,74
12/18/2017,73
12/19/2017,71
12/20/2017,80
12/21/2017,92
12/22/2017,85
12/23/2017,75
12/24/2017,76
12/25/2017,74
12/26/2017,73
12/27/2017,72
12/28/2017,70
12/29/2017,69
12/30/2017,68
12/31/2017,67
1/1/2018,65
1/2/2018,64
1/3/2018,64
1/4/2018,68
1/5/2018,71
1/6/2018,114
1/7/2018,193
1/8/2018,317
1/9/2018,1670
1/10/2018,1090
1/11/2018,666
1/12/2018,466
1/13/2018,369
1/14/2018,311
1/15/2018,271
1/16/2018,245
1/17/2018,224
1/18/2018,212
1/19/2018,422
1/20/2018,411
1/21/2018,296
1/22/2018,273
1/23/2018,260
1/24/2018,245
1/25/2018,463
1/26/2018,546
1/27/2018,402
1/28/2018,332
1/29/2018,297
1/30/2018,275
1/31/2018,258
2/1/2018,246
2/2/2018,236
2/3/2018,232
2/4/2018,224
2/5/2018,216
2/6/2018,207
2/7/2018,196
2/8/2018,186
2/9/2018,180
2/10/2018,176
2/11/2018,168
2/12/2018,161
2/13/2018,157
2/14/2018,152
2/15/2018,146
2/16/2018,142
2/17/2018,138
2/18/2018,135
2/19/2018,135
2/20/2018,136
2/21/2018,125
2/22/2018,124
2/23/2018,136
2/24/2018,127
2/25/2018,130
2/26/2018,148
2/27/2018,194
2/28/2018,161
3/1/2018,170
3/2/2018,571
3/3/2018,1150
3/4/2018,684
3/5/2018,489
3/6/2018,387
3/7/2018,339
3/8/2018,313
3/9/2018,302
3/10/2018,302
3/11/2018,304
3/12/2018,305
3/13/2018,672
3/14/2018,4800
3/15/2018,2900
3/16/2018,6020
3/17/2018,2850
3/18/2018,1860
3/19/2018,1340
3/20/2018,1110
3/21/2018,2240
3/22/2018,11800
3/23/2018,7270
3/24/2018,3640
3/25/2018,2680
3/26/2018,2010
3/27/2018,1640
3/28/2018,1590
3/29/2018,1540
3/30/2018,1550
3/31/2018,1600
4/1/2018,1600
4/2/2018,1580
4/3/2018,1510
4/4/2018,1430
4/5/2018,1380
4/6/2018,1760
4/7/2018,5790
4/8/2018,4150
4/9/2018,2830
4/10/2018,2280
4/11/2018,1900
4/12/2018,1760
4/13/2018,1510
4/14/2018,1340
4/15/2018,1240
4/16/2018,1300
4/17/2018,1330
4/18/2018,1170
4/19/2018,1080
4/20/2018,1000
4/21/2018,953
4/22/2018,926
4/23/2018,889
4/24/2018,835
4/25/2018,785
4/26/2018,753
4/27/2018,728
4/28/2018,699
4/29/2018,658
4/30/2018,621
5/1/2018,604
5/2/2018,597
5/3/2018,551
5/4/2018,515
5/5/2018,490
5/6/2018,460
5/7/2018,419
5/8/2018,393
5/9/2018,379
5/10/2018,361
5/11/2018,343
5/12/2018,329
5/13/2018,315
5/14/2018,304
5/15/2018,285
5/16/2018,274
5/17/2018,281
5/18/2018,270
5/19/2018,268
5/20/2018,247
5/21/2018,231
5/22/2018,226
5/23/2018,232
5/24/2018,221
5/25/2018,216
5/26/2018,230
5/27/2018,223
5/28/2018,206
5/29/2018,190
5/30/2018,176
5/31/2018,165
6/1/2018,157
6/2/2018,153
6/3/2018,146
6/4/2018,139
6/5/2018,131
6/6/2018,126
6/7/2018,124
6/8/2018,121
6/9/2018,118
6/10/2018,115
6/11/2018,113
6/12/2018,111
6/13/2018,107
6/14/2018,101
6/15/2018,98
6/16/2018,94
6/17/2018,92
6/18/2018,92
6/19/2018,94
6/20/2018,91
6/21/2018,87
6/22/2018,82
6/23/2018,79
6/24/2018,75
6/25/2018,74
6/26/2018,73
6/27/2018,69
6/28/2018,67
6/29/2018,65
6/30/2018,63
7/1/2018,60
7/2/2018,58
7/3/2018,56
7/4/2018,54
7/5/2018,53
7/6/2018,53
7/7/2018,51
7/8/2018,48
7/9/2018,47
7/10/2018,45
7/11/2018,43
7/12/2018,42
7/13/2018,41
7/14/2018,40
7/15/2018,40
7/16/2018,40
7/17/2018,37
7/18/2018,35
7/19/2018,34
7/20/2018,33
7/21/2018,31
7/22/2018,31
7/23/2018,30
7/24/2018,30
7/25/2018,29
7/26/2018,28
7/27/2018,27
7/28/2018,26
7/29/2018,25
7/30/2018,25
7/31/2018,25
8/1/2018,24
8/2/2018,24
8/3/2018,24
8/4/2018,22
8/5/2018,21
8/6/2018,22
8/7/2018,22
8/8/2018,22
8/9/2018,21
8/10/2018,21
8/11/2018,20
8/12/2018,19
8/13/2018,19
8/14/2018,19
8/15/2018,18
8/16/2018,18
8/17/2018,18
8/18/2018,17
8/19/2018,16
8/20/2018,16
8/21/2018,16
8/22/2018,16
8/23/2018,16
8/24/2018,17
8/25/2018,16
8/26/2018,16
8/27/2018,17
8/28/2018,17
8/29/2018,17
8/30/2018,17
8/31/2018,17
9/1/2018,18
9/2/2018,18
9/3/2018,18
9/4/2018,17
9/5/2018,16
9/6/2018,16
9/7/2018,15
9/8/2018,15
9/9/2018,14
9/10/2018,14
9/11/2018,14
9/12/2018,14
9/13/2018,15
9/14/2018,15
9/15/2018,15
9/16/2018,16
9/17/2018,16
9/18/2018,16
9/19/2018,17
9/20/2018,17
9/21/2018,17
9/22/2018,17
9/23/2018,16
9/24/2018,16
9/25/2018,16
9/26/2018,15
9/27/2018,15
9/28/2018,15
9/29/2018,15
9/30/2018,15
10/1/2018,16
10/2/2018,16
10/3/2018,18
10/4/2018,20
10/5/2018,23
10/6/2018,39
10/7/2018,39
10/8/2018,31
10/9/2018,27
10/10/2018,25
10/11/2018,24
10/12/2018,24
10/13/2018,24
10/14/2018,24
10/15/2018,24
10/16/2018,23
10/17/2018,22
10/18/2018,22
10/19/2018,24
10/20/2018,24
10/21/2018,24
10/22/2018,24
10/23/2018,24
10/24/2018,24
10/25/2018,24
10/26/2018,24
10/27/2018,24
10/28/2018,24
10/29/2018,24
10/30/2018,24
10/31/2018,24
11/1/2018,25
11/2/2018,25
11/3/2018,25
11/4/2018,24
11/5/2018,22
11/6/2018,22
11/7/2018,22
11/8/2018,22
11/9/2018,22
11/10/2018,22
11/11/2018,22
11/12/2018,22
11/13/2018,23
11/14/2018,23
11/15/2018,24
11/16/2018,24
11/17/2018,24
11/18/2018,24
11/19/2018,24
11/20/2018,23
11/21/2018,26
11/22/2018,33
11/23/2018,54
11/24/2018,139
11/25/2018,190
11/26/2018,101
11/27/2018,68
11/28/2018,56
11/29/2018,76
11/30/2018,308
12/1/2018,231
12/2/2018,193
12/3/2018,151
12/4/2018,102
12/5/2018,85
12/6/2018,79
12/7/2018,79
12/8/2018,73
12/9/2018,66
12/10/2018,62
12/11/2018,60
12/12/2018,59
12/13/2018,56
12/14/2018,54
12/15/2018,53
12/16/2018,54
12/17/2018,80
12/18/2018,100
12/19/2018,99
12/20/2018,82
12/21/2018,75
12/22/2018,72
12/23/2018,74
12/24/2018,86
12/25/2018,217
12/26/2018,267
12/27/2018,165
12/28/2018,128
12/29/2018,110
12/30/2018,97
12/31/2018,92
1/1/2019,86
1/2/2019,78
1/3/2019,76
1/4/2019,76
1/5/2019,75
1/6/2019,204
1/7/2019,420
1/8/2019,382
1/9/2019,287
1/10/2019,579
1/11/2019,470
1/12/2019,326
1/13/2019,256
1/14/2019,217
1/15/2019,259
1/16/2019,703
1/17/2019,4450
1/18/2019,2650
1/19/2019,1430
1/20/2019,1290
1/21/2019,2390
1/22/2019,1580
1/23/2019,1140
1/24/2019,905
1/25/2019,751
1/26/2019,641
1/27/2019,562
1/28/2019,512
1/29/2019,479
1/30/2019,459
1/31/2019,438
2/1/2019,417
2/2/2019,823
2/3/2019,2330
2/4/2019,5530
2/5/2019,3670
2/6/2019,2080
2/7/2019,1490
2/8/2019,1200
2/9/2019,1160
2/10/2019,3450
2/11/2019,1800
2/12/2019,1280
2/13/2019,3360
2/14/2019,8370
2/15/2019,8980
2/16/2019,5320
2/17/2019,3980
2/18/2019,3170
2/19/2019,2550
2/20/2019,2160
2/21/2019,1960
2/22/2019,1680
2/23/2019,1480
2/24/2019,1360
2/25/2019,1300
2/26/2019,1940
2/27/2019,2910
2/28/2019,3500
3/1/2019,3240
3/2/2019,3320
3/3/2019,7270
3/4/2019,7830
3/5/2019,5350
3/6/2019,5360
3/7/2019,8200
3/8/2019,6830
3/9/2019,4860
3/10/2019,3810
3/11/2019,3150
3/12/2019,2710
3/13/2019,2380
3/14/2019,2080
3/15/2019,1920
3/16/2019,1780
3/17/2019,1690
3/18/2019,1630
3/19/2019,1650
3/20/2019,1790
3/21/2019,1910
3/22/2019,1820
3/23/2019,3070
3/24/2019,2380
3/25/2019,2020
3/26/2019,1880
3/27/2019,2180
3/28/2019,2990
3/29/2019,2650
3/30/2019,2350
3/31/2019,2130
4/1/2019,2010
4/2/2019,2810
4/3/2019,3830
4/4/2019,3160
4/5/2019,2910
4/6/2019,2710
4/7/2019,2410
4/8/2019,2340
4/9/2019,2640
4/10/2019,2590
4/11/2019,2290
4/12/2019,2050
4/13/2019,1860
4/14/2019,1780
4/15/2019,1780
4/16/2019,1890
4/17/2019,1810
4/18/2019,1700
4/19/2019,1750
4/20/2019,1820
4/21/2019,1760
4/22/2019,1670
4/23/2019,1600
4/24/2019,1640
4/25/2019,1710
4/26/2019,1780
4/27/2019,1730
4/28/2019,1640
4/29/2019,1530
4/30/2019,1440
5/1/2019,1330
5/2/2019,1180
5/3/2019,1130
5/4/2019,1100
5/5/2019,1090
5/6/2019,1060
5/7/2019,1060
5/8/2019,1050
5/9/2019,1060
5/10/2019,1030
5/11/2019,972
5/12/2019,941
5/13/2019,907
5/14/2019,912
5/15/2019,896
5/16/2019,1320
5/17/2019,1690
5/18/2019,1320
5/19/2019,1760
5/20/2019,1650
5/21/2019,1580
5/22/2019,3280
5/23/2019,2070
5/24/2019,2080
5/25/2019,1790
5/26/2019,1880
5/27/2019,1990
5/28/2019,1780
5/29/2019,1660
5/30/2019,1600
5/31/2019,1500
6/1/2019,1570
6/2/2019,1470
6/3/2019,1410
6/4/2019,1350
6/5/2019,1330
6/6/2019,1290
6/7/2019,1220
6/8/2019,1090
6/9/2019,988
6/10/2019,879
6/11/2019,861
6/12/2019,860
6/13/2019,845
6/14/2019,798
6/15/2019,750
6/16/2019,706
6/17/2019,652
6/18/2019,614
6/19/2019,572
6/20/2019,529
6/21/2019,498
6/22/2019,452
6/23/2019,407
6/24/2019,372
6/25/2019,344
6/26/2019,322
6/27/2019,303
6/28/2019,291
6/29/2019,277
6/30/2019,260
7/1/2019,251
7/2/2019,253
7/3/2019,241
7/4/2019,228
7/5/2019,220
7/6/2019,208
7/7/2019,199
7/8/2019,191
7/9/2019,178
7/10/2019,171
7/11/2019,165
7/12/2019,159
7/13/2019,150
7/14/2019,146
7/15/2019,137
7/16/2019,132
7/17/2019,127
7/18/2019,124
7/19/2019,120
7/20/2019,116
7/21/2019,113
7/22/2019,111
7/23/2019,106
7/24/2019,101
7/25/2019,97
7/26/2019,93
7/27/2019,90
7/28/2019,86
7/29/2019,83
7/30/2019,80
7/31/2019,77
8/1/2019,75
8/2/2019,73
8/3/2019,71
8/4/2019,70
8/5/2019,68
8/6/2019,67
8/7/2019,66
8/8/2019,63
8/9/2019,62
8/10/2019,61
8/11/2019,60
8/12/2019,61
8/13/2019,61
8/14/2019,59
8/15/2019,57
8/16/2019,55
8/17/2019,52
8/18/2019,51
8/19/2019,51
8/20/2019,52
8/21/2019,52
8/22/2019,51
8/23/2019,49
8/24/2019,48
8/25/2019,48
8/26/2019,46
8/27/2019,45
8/28/2019,43
8/29/2019,43
8/30/2019,43
8/31/2019,42
9/1/2019,42
9/2/2019,41
9/3/2019,40
9/4/2019,39
9/5/2019,39
9/6/2019,38
9/7/2019,38
9/8/2019,37
9/9/2019,38
9/10/2019,39
9/11/2019,40
9/12/2019,40
9/13/2019,40
9/14/2019,38
9/15/2019,37
9/16/2019,40
9/17/2019,50
9/18/2019,59
9/19/2019,59
9/20/2019,60
9/21/2019,55
9/22/2019,52
9/23/2019,49
9/24/2019,46
9/25/2019,45
9/26/2019,43
9/27/2019,42
9/28/2019,41
9/29/2019,42
9/30/2019,51
10/1/2019,58
10/2/2019,57
10/3/2019,51
10/4/2019,48
10/5/2019,48
10/6/2019,47
10/7/2019,46
10/8/2019,44
10/9/2019,43
10/10/2019,42
10/11/2019,42
10/12/2019,42
10/13/2019,41
10/14/2019,41
10/15/2019,40
10/16/2019,40
10/17/2019,42
10/18/2019,42
10/19/2019,44
10/20/2019,45
10/21/2019,44
10/22/2019,46
10/23/2019,44
10/24/2019,43
10/25/2019,42
10/26/2019,41
10/27/2019,39
10/28/2019,38
10/29/2019,38
10/30/2019,38
10/31/2019,40
11/1/2019,41
11/2/2019,42
11/3/2019,42
11/4/2019,40
11/5/2019,39
11/6/2019,39
11/7/2019,40
11/8/2019,39
11/9/2019,38
11/10/2019,37
11/11/2019,37
11/12/2019,38
11/13/2019,38
11/14/2019,38
11/15/2019,38
11/16/2019,38
11/17/2019,37
11/18/2019,37
11/19/2019,37
11/20/2019,37
11/21/2019,38
11/22/2019,39
11/23/2019,39
11/24/2019,39
11/25/2019,39
11/26/2019,40
11/27/2019,52
11/28/2019,65
11/29/2019,69
11/30/2019,64
12/1/2019,71
12/2/2019,297
12/3/2019,437
12/4/2019,213
12/5/2019,188
12/6/2019,165
12/7/2019,292
12/8/2019,1120
12/9/2019,611
12/10/2019,309
12/11/2019,215
12/12/2019,183
12/13/2019,181
12/14/2019,310
12/15/2019,443
12/16/2019,302
12/17/2019,230
12/18/2019,197
12/19/2019,175
12/20/2019,158
12/21/2019,145
12/22/2019,141
12/23/2019,175
12/24/2019,210
12/25/2019,187
12/26/2019,165
12/27/2019,151
12/28/2019,142
12/29/2019,135
12/30/2019,129
12/31/2019,124
1/1/2020,119
1/2/2020,115
1/3/2020,114
1/4/2020,111
1/5/2020,109
1/6/2020,107
1/7/2020,106
1/8/2020,105
1/9/2020,120
1/10/2020,130
1/11/2020,116
1/12/2020,112
1/13/2020,111
1/14/2020,111
1/15/2020,122
1/16/2020,128
1/17/2020,179
1/18/2020,165
1/19/2020,148
1/20/2020,139
1/21/2020,136
1/22/2020,139
1/23/2020,142
1/24/2020,139
1/25/2020,138
1/26/2020,210
1/27/2020,483
1/28/2020,346
1/29/2020,281
1/30/2020,247
1/31/2020,222
2/1/2020,208
2/2/2020,199
2/3/2020,192
2/4/2020,180
2/5/2020,164
2/6/2020,165
2/7/2020,157
2/8/2020,150
2/9/2020,144
2/10/2020,139
2/11/2020,133
2/12/2020,130
2/13/2020,126
2/14/2020,122
2/15/2020,119
2/16/2020,117
2/17/2020,115
2/18/2020,114
2/19/2020,111
2/20/2020,109
2/21/2020,107
2/22/2020,105
2/23/2020,104
2/24/2020,102
2/25/2020,101
2/26/2020,100
2/27/2020,99
2/28/2020,98
2/29/2020,98
3/1/2020,97
3/2/2020,101
3/3/2020,99
3/4/2020,94
3/5/2020,92
3/6/2020,92
3/7/2020,95
3/8/2020,110
3/9/2020,112
3/10/2020,101
3/11/2020,96
3/12/2020,92
3/13/2020,92
3/14/2020,102
3/15/2020,1710
3/16/2020,4150
3/17/2020,2080
3/18/2020,1120
3/19/2020,741
3/20/2020,558
3/21/2020,457
3/22/2020,421
3/23/2020,390
3/24/2020,388
3/25/2020,576
3/26/2020,567
3/27/2020,452
3/28/2020,373
3/29/2020,362
3/30/2020,352
3/31/2020,334
4/1/2020,340
4/2/2020,370
4/3/2020,374
4/4/2020,368
4/5/2020,1790
4/6/2020,4050
4/7/2020,2010
4/8/2020,1350
4/9/2020,1090
4/10/2020,999
4/11/2020,960
4/12/2020,989
4/13/2020,1040
4/14/2020,1020
4/15/2020,973
4/16/2020,975
4/17/2020,1020
4/18/2020,1050
4/19/2020,1000
4/20/2020,943
4/21/2020,1030
4/22/2020,1020
4/23/2020,1020
4/24/2020,997
4/25/2020,984
4/26/2020,943
4/27/2020,885
4/28/2020,815
4/29/2020,792
4/30/2020,782
5/1/2020,720
5/2/2020,639
5/3/2020,571
5/4/2020,519
5/5/2020,468
5/6/2020,446
5/7/2020,427
5/8/2020,408
5/9/2020,395
5/10/2020,380
5/11/2020,368
5/12/2020,356
5/13/2020,372
5/14/2020,329
5/15/2020,288
5/16/2020,249
5/17/2020,241
5/18/2020,594
5/19/2020,685
5/20/2020,515
5/21/2020,475
5/22/2020,425
5/23/2020,378
5/24/2020,336
5/25/2020,301
5/26/2020,277
5/27/2020,253
5/28/2020,228
5/29/2020,207
5/30/2020,195
5/31/2020,193
6/1/2020,197
6/2/2020,180
6/3/2020,165
6/4/2020,150
6/5/2020,139
6/6/2020,129
6/7/2020,124
6/8/2020,123
6/9/2020,120
6/10/2020,114
6/11/2020,108
6/12/2020,103
6/13/2020,99
6/14/2020,104
6/15/2020,101
6/16/2020,96
6/17/2020,90
6/18/2020,87
6/19/2020,83
6/20/2020,79
6/21/2020,76
6/22/2020,74
6/23/2020,71
6/24/2020,68
6/25/2020,65
6/26/2020,62
6/27/2020,59
6/28/2020,57
6/29/2020,54
6/30/2020,54
7/1/2020,52
7/2/2020,50
7/3/2020,50
7/4/2020,48
7/5/2020,47
7/6/2020,46
7/7/2020,44
7/8/2020,44
7/9/2020,42
7/10/2020,41
7/11/2020,40
7/12/2020,38
7/13/2020,38
7/14/2020,36
7/15/2020,35
7/16/2020,34
7/17/2020,33
7/18/2020,32
7/19/2020,31
7/20/2020,31
7/21/2020,29
7/22/2020,29
7/23/2020,28
7/24/2020,28
7/25/2020,26
7/26/2020,26
7/27/2020,26
7/28/2020,25
7/29/2020,24
7/30/2020,23
7/31/2020,22
8/1/2020,22
8/2/2020,21
8/3/2020,21
8/4/2020,20
8/5/2020,20
8/6/2020,19
8/7/2020,20
8/8/2020,19
8/9/2020,19
8/10/2020,20
8/11/2020,19
8/12/2020,18
8/13/2020,18
8/14/2020,17
8/15/2020,16
8/16/2020,15
8/17/2020,15
8/18/2020,14
8/19/2020,14
8/20/2020,13
8/21/2020,14
8/22/2020,14
8/23/2020,14
8/24/2020,16
8/25/2020,16
8/26/2020,15
8/27/2020,14
8/28/2020,14
8/29/2020,13
8/30/2020,13
8/31/2020,13
9/1/2020,13
9/2/2020,12
9/3/2020,13
9/4/2020,13
9/5/2020,12
9/6/2020,12
9/7/2020,13
9/8/2020,12
9/9/2020,12
9/10/2020,12
9/11/2020,13
9/12/2020,13
9/13/2020,13
9/14/2020,14
9/15/2020,14
9/16/2020,13
9/17/2020,14
9/18/2020,13
9/19/2020,13
9/20/2020,12
9/21/2020,12
9/22/2020,13
9/23/2020,13
9/24/2020,12
9/25/2020,12
9/26/2020,12
9/27/2020,12
9/28/2020,12
9/29/2020,12
9/30/2020,12
10/1/2020,12
10/2/2020,11
10/3/2020,10
10/4/2020,10
10/5/2020,10
10/6/2020,10
10/7/2020,10
10/8/2020,10
10/9/2020,11
10/10/2020,11
10/11/2020,12
10/12/2020,12
10/13/2020,13
10/14/2020,13
10/15/2020,13
10/16/2020,13
10/17/2020,13
10/18/2020,14
10/19/2020,14
10/20/2020,14
10/21/2020,14
10/22/2020,14
10/23/2020,15
10/24/2020,14
10/25/2020,15
10/26/2020,16
10/27/2020,17
10/28/2020,17
10/29/2020,18
10/30/2020,18
10/31/2020,18
11/1/2020,18
11/2/2020,17
11/3/2020,18
11/4/2020,18
11/5/2020,17
11/6/2020,16
11/7/2020,16
11/8/2020,16
11/9/2020,18
11/10/2020,18
11/11/2020,23
11/12/2020,23
11/13/2020,23
11/14/2020,25
11/15/2020,31
11/16/2020,36
11/17/2020,33
11/18/2020,39
11/19/2020,70
11/20/2020,85
11/21/2020,57
11/22/2020,43
11/23/2020,36
11/24/2020,33
11/25/2020,32
11/26/2020,30
11/27/2020,29
11/28/2020,29
11/29/2020,30
11/30/2020,30
12/1/2020,30
12/2/2020,29
12/3/2020,28
12/4/2020,29
12/5/2020,29
12/6/2020,28
12/7/2020,29
12/8/2020,29
12/9/2020,29
12/10/2020,29
12/11/2020,29
12/12/2020,33
12/13/2020,38
12/14/2020,52
12/15/2020,71
12/16/2020,60
12/17/2020,51
12/18/2020,54
12/19/2020,64
12/20/2020,51
12/21/2020,44
12/22/2020,41
12/23/2020,39
12/24/2020,37
12/25/2020,37
12/26/2020,42
12/27/2020,55
12/28/2020,66
12/29/2020,56
12/30/2020,51
12/31/2020,47
1/1/2021,47
1/2/2021,48
1/3/2021,45
1/4/2021,47
1/5/2021,64
1/6/2021,95
1/7/2021,76
1/8/2021,62
1/9/2021,54
1/10/2021,50
1/11/2021,48
1/12/2021,45
1/13/2021,43
1/14/2021,42
1/15/2021,41
1/16/2021,41
1/17/2021,41
1/18/2021,40
1/19/2021,40
1/20/2021,39
1/21/2021,38
1/22/2021,39
1/23/2021,42
1/24/2021,44
1/25/2021,55
1/26/2021,67
1/27/2021,68
1/28/2021,1310
1/29/2021,1670
1/30/2021,550
1/31/2021,261
2/1/2021,176
2/2/2021,324
2/3/2021,329
2/4/2021,273
2/5/2021,187
2/6/2021,148
2/7/2021,127
2/8/2021,115
2/9/2021,107
2/10/2021,102
2/11/2021,105
2/12/2021,357
2/13/2021,359
2/14/2021,336
2/15/2021,309
2/16/2021,397
2/17/2021,331
2/18/2021,248
2/19/2021,206
2/20/2021,201
2/21/2021,215
2/22/2021,186
2/23/2021,168
2/24/2021,160
2/25/2021,158
2/26/2021,151
2/27/2021,143
2/28/2021,137
3/1/2021,130
3/2/2021,125
3/3/2021,122
3/4/2021,120
3/5/2021,116
3/6/2021,121
3/7/2021,143
3/8/2021,137
3/9/2021,134
3/10/2021,150
3/11/2021,167
3/12/2021,143
3/13/2021,130
3/14/2021,124
3/15/2021,165
3/16/2021,222
3/17/2021,180
3/18/2021,178
3/19/2021,634
3/20/2021,933
3/21/2021,603
3/22/2021,447
3/23/2021,368
3/24/2021,314
3/25/2021,276
3/26/2021,255
3/27/2021,235
3/28/2021,221
3/29/2021,230
3/30/2021,246
3/31/2021,247
4/1/2021,241
4/2/2021,249
4/3/2021,253
4/4/2021,259
4/5/2021,265
4/6/2021,262
4/7/2021,251
4/8/2021,244
4/9/2021,238
4/10/2021,226
4/11/2021,221
4/12/2021,215
4/13/2021,208
4/14/2021,203
4/15/2021,195
4/16/2021,181
4/17/2021,170
4/18/2021,160
4/19/2021,155
4/20/2021,156
4/21/2021,161
4/22/2021,162
4/23/2021,156
4/24/2021,151
4/25/2021,149
4/26/2021,156
4/27/2021,159
4/28/2021,141
4/29/2021,131
4/30/2021,127
5/1/2021,133
5/2/2021,139
5/3/2021,137
5/4/2021,132
5/5/2021,126
5/6/2021,124
5/7/2021,123
5/8/2021,119
5/9/2021,110
5/10/2021,102
5/11/2021,95
5/12/2021,87
5/13/2021,80
5/14/2021,76
5/15/2021,72
5/16/2021,69
5/17/2021,68
5/18/2021,65
5/19/2021,63
5/20/2021,58
5/21/2021,56
5/22/2021,56
5/23/2021,56
5/24/2021,56
5/25/2021,52
5/26/2021,48
5/27/2021,44
5/28/2021,42
5/29/2021,40
5/30/2021,38
5/31/2021,36
6/1/2021,34
6/2/2021,32
6/3/2021,28
6/4/2021,27
6/5/2021,24
6/6/2021,23
6/7/2021,22
6/8/2021,21
6/9/2021,20
6/10/2021,20
6/11/2021,21
6/12/2021,21
6/13/2021,21
6/14/2021,21
6/15/2021,20
6/16/2021,19
6/17/2021,18
6/18/2021,17
6/19/2021,16
6/20/2021,14
6/21/2021,14
6/22/2021,12
6/23/2021,12
6/24/2021,10
6/25/2021,10
6/26/2021,9
6/27/2021,9
6/28/2021,9
6/29/2021,9
6/30/2021,8
7/1/2021,7
7/2/2021,7
7/3/2021,6
7/4/2021,6
7/5/2021,6
7/6/2021,5
7/7/2021,5
7/8/2021,4
7/9/2021,3
7/10/2021,3
7/11/2021,3
7/12/2021,3
7/13/2021,3
7/14/2021,2
7/15/2021,1
7/16/2021,1
7/17/2021,2
7/18/2021,1
7/19/2021,2
7/20/2021,2
7/21/2021,1
7/22/2021,1
7/23/2021,1
7/24/2021,1
7/25/2021,1
7/26/2021,1
7/27/2021,0
7/28/2021,0
7/29/2021,0
7/30/2021,0
7/31/2021,0
8/1/2021,0
8/2/2021,0
8/3/2021,0
8/4/2021,0
8/5/2021,0
8/6/2021,0
8/7/2021,0
8/8/2021,0
8/9/2021,0
8/10/2021,0
8/11/2021,0
8/12/2021,0
8/13/2021,0
8/14/2021,0
8/15/2021,0
8/16/2021,0
8/17/2021,0
8/18/2021,0
8/19/2021,0
8/20/2021,0
8/21/2021,0
8/22/2021,0
8/23/2021,0
8/24/2021,0
8/25/2021,0
8/26/2021,0
8/27/2021,0
8/28/2021,0
8/29/2021,0
8/30/2021,0
8/31/2021,0
9/1/2021,0
9/2/2021,0
9/3/2021,0
9/4/2021,0
9/5/2021,0
9/6/2021,0
9/7/2021,0
9/8/2021,0
9/9/2021,0
9/10/2021,0
9/11/2021,0
9/12/2021,0
9/13/2021,0
9/14/2021,0
9/15/2021,0
9/16/2021,0
9/17/2021,0
9/18/2021,0
9/19/2021,0
9/20/2021,0
9/21/2021,0
9/22/2021,0
9/23/2021,3
9/24/2021,6
9/25/2021,6
9/26/2021,5
9/27/2021,5
9/28/2021,5
9/29/2021,5
9/30/2021,6
10/1/2021,6
10/2/2021,7
10/3/2021,7
10/4/2021,7
10/5/2021,7
10/6/2021,7
10/7/2021,7
10/8/2021,8
10/9/2021,8
10/10/2021,8
10/11/2021,9
10/12/2021,11
10/13/2021,10
10/14/2021,10
10/15/2021,11
10/16/2021,11
10/17/2021,11
10/18/2021,11
10/19/2021,12
10/20/2021,15
10/21/2021,19
10/22/2021,21
10/23/2021,31
10/24/2021,509
10/25/2021,8150
10/26/2021,1300
10/27/2021,434
10/28/2021,262
10/29/2021,214
10/30/2021,167
10/31/2021,139
11/1/2021,121
11/2/2021,107
11/3/2021,96
11/4/2021,92
11/5/2021,88
11/6/2021,84
11/7/2021,76
11/8/2021,71
11/9/2021,90
11/10/2021,297
11/11/2021,196
11/12/2021,143
11/13/2021,122
11/14/2021,109
11/15/2021,99
11/16/2021,92
11/17/2021,85
11/18/2021,80
11/19/2021,76
11/20/2021,72
11/21/2021,69
11/22/2021,66
11/23/2021,64
11/24/2021,62
11/25/2021,60
11/26/2021,58
11/27/2021,57
11/28/2021,56
11/29/2021,55
11/30/2021,54
12/1/2021,53
12/2/2021,52
12/3/2021,50
12/4/2021,49
12/5/2021,48
12/6/2021,48
12/7/2021,49
12/8/2021,50
12/9/2021,60
12/10/2021,92
12/11/2021,88
12/12/2021,70
12/13/2021,263
12/14/2021,2600
12/15/2021,1050
12/16/2021,996
12/17/2021,828
12/18/2021,474
12/19/2021,342
12/20/2021,273
12/21/2021,230
12/22/2021,214
12/23/2021,3180
12/24/2021,3890
12/25/2021,2610
12/26/2021,2500
12/27/2021,3690
12/28/2021,2290
12/29/2021,1690
12/30/2021,1380
12/31/2021,990
1/1/2022,789
1/2/2022,638
1/3/2022,552
1/4/2022,508
1/5/2022,520
1/6/2022,511
1/7/2022,521
1/8/2022,609
1/9/2022,543
1/10/2022,482
1/11/2022,444
1/12/2022,425
1/13/2022,430
1/14/2022,440
1/15/2022,438
1/16/2022,427
1/17/2022,411
1/18/2022,395
1/19/2022,377
1/20/2022,364
1/21/2022,358
1/22/2022,356
1/23/2022,341
1/24/2022,326
1/25/2022,321
1/26/2022,316
1/27/2022,305
1/28/2022,296
1/29/2022,290
1/30/2022,285
1/31/2022,280
2/1/2022,276
2/2/2022,270
2/3/2022,256
2/4/2022,245
2/5/2022,238
2/6/2022,234
2/7/2022,235
2/8/2022,243
2/9/2022,254
2/10/2022,272
2/11/2022,302
2/12/2022,338
2/13/2022,361
2/14/2022,372
2/15/2022,381
2/16/2022,367
2/17/2022,331
2/18/2022,306
2/19/2022,292
2/20/2022,284
2/21/2022,276
2/22/2022,272
2/23/2022,275
2/24/2022,238
2/25/2022,223
2/26/2022,214
2/27/2022,205
2/28/2022,201
3/1/2022,202
3/2/2022,204
3/3/2022,213
3/4/2022,228
3/5/2022,252
3/6/2022,248
3/7/2022,230
3/8/2022,220
3/9/2022,212
3/10/2022,208
3/11/2022,200
3/12/2022,192
3/13/2022,195
3/14/2022,203
3/15/2022,222
3/16/2022,269
3/17/2022,264
3/18/2022,293
3/19/2022,299
3/20/2022,331
3/21/2022,291
3/22/2022,267
3/23/2022,285
3/24/2022,313
3/25/2022,358
3/26/2022,394
3/27/2022,405
3/28/2022,425
3/29/2022,417
3/30/2022,354
3/31/2022,324
4/1/2022,306
4/2/2022,290
4/3/2022,282
4/4/2022,274
4/5/2022,263
4/6/2022,251
4/7/2022,240
4/8/2022,234
4/9/2022,225
4/10/2022,212
4/11/2022,225
4/12/2022,263
4/13/2022,217
4/14/2022,201
4/15/2022,387
4/16/2022,459
4/17/2022,785
4/18/2022,621
4/19/2022,614
4/20/2022,775
4/21/2022,1110
4/22/2022,2180
4/23/2022,1410
4/24/2022,1230
4/25/2022,1180
4/26/2022,1150
4/27/2022,1050
4/28/2022,925
4/29/2022,809
4/30/2022,720
5/1/2022,662
5/2/2022,607
5/3/2022,557
5/4/2022,513
5/5/2022,477
5/6/2022,453
5/7/2022,437
5/8/2022,417
5/9/2022,408
5/10/2022,377
5/11/2022,353
5/12/2022,330
5/13/2022,315
5/14/2022,304
5/15/2022,291
5/16/2022,285
5/17/2022,276
5/18/2022,252
5/19/2022,219
5/20/2022,204
5/21/2022,195
5/22/2022,184
5/23/2022,175
5/24/2022,167
5/25/2022,159
5/26/2022,151
5/27/2022,146
5/28/2022,141
5/29/2022,138
5/30/2022,135
5/31/2022,128
6/1/2022,122
6/2/2022,115
6/3/2022,110
6/4/2022,106
6/5/2022,109
6/6/2022,143
6/7/2022,160
6/8/2022,110
6/9/2022,95
6/10/2022,89
6/11/2022,82
6/12/2022,78
6/13/2022,80
6/14/2022,95
6/15/2022,85
6/16/2022,77
6/17/2022,76
6/18/2022,73
6/19/2022,72
6/20/2022,72
6/21/2022,70
6/22/2022,66
6/23/2022,60
6/24/2022,58
6/25/2022,55
6/26/2022,52
6/27/2022,50
6/28/2022,49
6/29/2022,46
6/30/2022,44
7/1/2022,44
7/2/2022,43
7/3/2022,43
7/4/2022,44
7/5/2022,44
7/6/2022,44
7/7/2022,43
7/8/2022,46
7/9/2022,45
7/10/2022,43
7/11/2022,43
7/12/2022,42
7/13/2022,40
7/14/2022,39
7/15/2022,38
7/16/2022,37
7/17/2022,35
